tenure,MonthlyCharges,TotalCharges,Contract,PaymentMethod,Churn
16,42.98,687.68,One year,Electronic check,1
17,26.87,456.79,Month-to-month,Bank transfer (automatic),1
16,79.41,1270.56,Month-to-month,Electronic check,1
18,40.48,728.64,One year,Bank transfer (automatic),0
34,89.21,3033.14,Two year,Electronic check,1
10,28.43,284.3,Month-to-month,Credit card (automatic),1
8,100.33,802.64,Month-to-month,Electronic check,1
12,26.04,312.48,Month-to-month,Credit card (automatic),1
17,76.89,1307.13,One year,Credit card (automatic),0
9,118.49,1066.41,Month-to-month,Electronic check,1
53,82.84,4390.52,Two year,Mailed check,0
8,89.59,716.72,Month-to-month,Electronic check,1
17,92.37,1570.29,Month-to-month,Bank transfer (automatic),1
20,88.19,1763.8,Month-to-month,Credit card (automatic),1
1,41.36,41.36,Month-to-month,Bank transfer (automatic),1
6,111.14,666.84,Month-to-month,Electronic check,1
19,58.35,1108.65,One year,Electronic check,0
7,93.99,657.93,Month-to-month,Electronic check,1
21,58.74,1233.54,One year,Mailed check,1
29,95.09,2757.61,Two year,Mailed check,0
21,61.06,1282.26,Month-to-month,Electronic check,1
16,43.64,698.24,Month-to-month,Credit card (automatic),0
31,87.53,2713.43,Two year,Bank transfer (automatic),0
3,47.94,143.82,Month-to-month,Bank transfer (automatic),1
23,44.87,1032.01,Month-to-month,Bank transfer (automatic),0
20,48.44,968.8,Month-to-month,Credit card (automatic),0
24,34.48,827.52,One year,Electronic check,0
62,51.06,3165.72,Two year,Credit card (automatic),0
43,42.42,1824.06,Two year,Credit card (automatic),0
23,67.57,1554.11,One year,Electronic check,1
14,85.29,1194.06,One year,Bank transfer (automatic),0
19,61.16,1162.04,Month-to-month,Mailed check,1
6,90.72,544.32,Month-to-month,Bank transfer (automatic),1
20,64.05,1281.0,One year,Mailed check,1
17,41.47,704.99,Month-to-month,Electronic check,1
7,24.87,174.09,Month-to-month,Bank transfer (automatic),1
8,86.24,689.92,Month-to-month,Mailed check,1
18,76.77,1381.86,Month-to-month,Credit card (automatic),1
3,27.89,83.67,Month-to-month,Mailed check,1
23,23.53,541.19,Month-to-month,Mailed check,0
23,52.61,1210.03,One year,Electronic check,0
14,32.3,452.2,Month-to-month,Electronic check,1
2,63.2,126.4,Month-to-month,Credit card (automatic),0
20,103.27,2065.4,One year,Electronic check,0
34,59.45,2021.3,Two year,Credit card (automatic),0
34,56.66,1926.44,Two year,Credit card (automatic),0
14,47.1,659.4,Month-to-month,Credit card (automatic),0
22,91.28,2008.16,One year,Credit card (automatic),1
18,93.05,1674.9,Month-to-month,Credit card (automatic),1
15,69.29,1039.35,Month-to-month,Electronic check,0
2,104.84,209.68,Month-to-month,Credit card (automatic),1
12,30.23,362.76,Month-to-month,Credit card (automatic),0
19,26.36,500.84,Month-to-month,Bank transfer (automatic),0
16,38.83,621.28,One year,Electronic check,0
21,83.84,1760.64,Month-to-month,Mailed check,1
24,64.75,1554.0,Two year,Credit card (automatic),0
37,69.6,2575.2,Two year,Electronic check,1
7,55.69,389.83,Month-to-month,Electronic check,1
63,118.35,7456.05,Two year,Bank transfer (automatic),0
17,48.54,825.18,Month-to-month,Bank transfer (automatic),0
31,108.75,3371.25,Two year,Electronic check,0
6,91.2,547.2,Month-to-month,Electronic check,1
19,43.61,828.59,One year,Electronic check,0
8,22.5,180.0,Month-to-month,Bank transfer (automatic),1
5,93.61,468.05,Month-to-month,Credit card (automatic),1
2,114.4,228.8,Month-to-month,Electronic check,1
11,77.42,851.62,Month-to-month,Electronic check,1
1,109.69,109.69,Month-to-month,Electronic check,1
24,75.11,1802.64,Month-to-month,Electronic check,0
39,106.19,4141.41,Two year,Bank transfer (automatic),0
25,36.29,907.25,Two year,Credit card (automatic),0
22,106.13,2334.86,One year,Mailed check,0
3,57.02,171.06,Month-to-month,Credit card (automatic),1
14,53.67,751.38,Month-to-month,Electronic check,0
66,37.7,2488.2,Two year,Electronic check,0
41,53.82,2206.62,Two year,Credit card (automatic),0
17,113.8,1934.6,One year,Credit card (automatic),1
40,21.9,876.0,Two year,Electronic check,0
13,79.83,1037.79,Month-to-month,Credit card (automatic),1
8,22.53,180.24,Month-to-month,Bank transfer (automatic),1
21,91.38,1918.98,Month-to-month,Credit card (automatic),0
13,114.79,1492.27,One year,Mailed check,0
13,91.41,1188.33,One year,Bank transfer (automatic),1
12,89.12,1069.44,Month-to-month,Mailed check,1
12,87.09,1045.08,Month-to-month,Bank transfer (automatic),0
20,103.04,2060.8,One year,Electronic check,1
19,84.78,1610.82,Month-to-month,Credit card (automatic),1
15,98.96,1484.4,Month-to-month,Electronic check,0
16,70.58,1129.28,One year,Bank transfer (automatic),0
24,41.96,1007.04,Month-to-month,Credit card (automatic),1
26,42.97,1117.22,Two year,Electronic check,0
50,108.39,5419.5,Two year,Electronic check,0
18,42.89,772.02,One year,Mailed check,0
24,108.32,2599.68,Month-to-month,Bank transfer (automatic),0
22,70.83,1558.26,Month-to-month,Credit card (automatic),1
14,31.6,442.4,Month-to-month,Credit card (automatic),1
10,114.9,1149.0,Month-to-month,Bank transfer (automatic),0
20,61.53,1230.6,One year,Bank transfer (automatic),0
15,63.91,958.65,Month-to-month,Electronic check,1
57,67.43,3843.51,Two year,Electronic check,0
7,45.71,319.97,Month-to-month,Bank transfer (automatic),1
7,57.07,399.49,Month-to-month,Electronic check,1
10,73.35,733.5,Month-to-month,Mailed check,1
24,77.58,1861.92,Month-to-month,Mailed check,0
48,66.65,3199.2,Two year,Bank transfer (automatic),0
13,72.9,947.7,Month-to-month,Mailed check,0
55,40.38,2220.9,Two year,Credit card (automatic),0
21,99.41,2087.61,Month-to-month,Electronic check,1
63,72.48,4566.24,Two year,Credit card (automatic),0
13,83.56,1086.28,One year,Bank transfer (automatic),1
12,51.39,616.68,Month-to-month,Electronic check,1
8,94.71,757.68,Month-to-month,Credit card (automatic),0
0,94.4,0.0,Month-to-month,Electronic check,1
28,97.69,2735.32,Two year,Electronic check,0
15,103.6,1554.0,One year,Credit card (automatic),0
3,75.52,226.56,Month-to-month,Mailed check,1
14,79.8,1117.2,One year,Bank transfer (automatic),0
14,116.4,1629.6,One year,Bank transfer (automatic),1
21,110.62,2323.02,Month-to-month,Electronic check,1
61,88.44,5394.84,Two year,Electronic check,0
21,79.24,1664.04,Month-to-month,Bank transfer (automatic),1
46,72.34,3327.64,Two year,Credit card (automatic),0
0,104.66,0.0,Month-to-month,Bank transfer (automatic),0
20,108.94,2178.8,Month-to-month,Credit card (automatic),1
16,116.48,1863.68,Month-to-month,Electronic check,1
54,65.42,3532.68,Two year,Mailed check,0
15,102.73,1540.95,One year,Electronic check,1
53,76.12,4034.36,Two year,Electronic check,0
10,36.55,365.5,Month-to-month,Mailed check,1
62,89.52,5550.24,Two year,Electronic check,0
2,42.62,85.24,Month-to-month,Credit card (automatic),1
19,83.88,1593.72,One year,Electronic check,1
38,59.25,2251.5,Two year,Electronic check,0
20,72.15,1443.0,One year,Mailed check,0
23,64.28,1478.44,One year,Electronic check,1
10,30.19,301.9,Month-to-month,Bank transfer (automatic),1
15,93.34,1400.1,One year,Electronic check,1
21,46.87,984.27,One year,Bank transfer (automatic),1
5,48.83,244.15,Month-to-month,Electronic check,1
1,74.44,74.44,Month-to-month,Electronic check,1
15,28.46,426.9,Month-to-month,Credit card (automatic),1
10,36.81,368.1,Month-to-month,Mailed check,1
28,58.87,1648.36,Two year,Mailed check,1
14,100.74,1410.36,One year,Electronic check,0
17,95.97,1631.49,Month-to-month,Electronic check,1
57,56.8,3237.6,Two year,Electronic check,0
13,49.15,638.95,Month-to-month,Bank transfer (automatic),0
24,39.19,940.56,One year,Bank transfer (automatic),0
14,74.3,1040.2,One year,Electronic check,1
15,47.71,715.65,Month-to-month,Bank transfer (automatic),1
19,25.26,479.94,One year,Bank transfer (automatic),0
18,85.44,1537.92,Month-to-month,Credit card (automatic),0
20,33.2,664.0,Month-to-month,Mailed check,1
9,78.69,708.21,Month-to-month,Electronic check,1
53,88.25,4677.25,Two year,Mailed check,0
55,62.65,3445.75,Two year,Mailed check,0
62,43.54,2699.48,Two year,Bank transfer (automatic),0
60,77.89,4673.4,Two year,Credit card (automatic),0
21,22.1,464.1,One year,Credit card (automatic),0
8,36.51,292.08,Month-to-month,Bank transfer (automatic),0
13,65.94,857.22,One year,Mailed check,0
5,51.64,258.2,Month-to-month,Electronic check,1
24,74.11,1778.64,Month-to-month,Credit card (automatic),1
24,59.23,1421.52,Month-to-month,Electronic check,1
58,65.12,3776.96,Two year,Bank transfer (automatic),0
15,81.79,1226.85,Month-to-month,Bank transfer (automatic),0
9,62.69,564.21,Month-to-month,Mailed check,0
19,99.53,1891.07,Month-to-month,Credit card (automatic),0
13,27.51,357.63,Month-to-month,Electronic check,0
31,84.07,2606.17,Two year,Mailed check,1
69,45.89,3166.41,Two year,Electronic check,0
59,32.75,1932.25,Two year,Electronic check,0
14,106.13,1485.82,One year,Bank transfer (automatic),1
56,45.25,2534.0,Two year,Mailed check,1
21,119.89,2517.69,One year,Credit card (automatic),0
11,51.91,571.01,Month-to-month,Mailed check,0
6,118.04,708.24,Month-to-month,Credit card (automatic),1
13,22.45,291.85,Month-to-month,Credit card (automatic),0
18,118.82,2138.76,One year,Credit card (automatic),0
12,30.88,370.56,One year,Electronic check,0
14,28.17,394.38,Month-to-month,Electronic check,0
20,116.94,2338.8,Month-to-month,Electronic check,1
21,88.66,1861.86,One year,Electronic check,0
58,56.76,3292.08,Two year,Credit card (automatic),0
20,21.66,433.2,One year,Bank transfer (automatic),1
15,94.17,1412.55,One year,Credit card (automatic),0
3,63.26,189.78,Month-to-month,Bank transfer (automatic),0
27,47.92,1293.84,Two year,Electronic check,0
18,87.54,1575.72,Month-to-month,Mailed check,1
12,81.21,974.52,Month-to-month,Bank transfer (automatic),1
53,83.07,4402.71,Two year,Electronic check,0
19,109.92,2088.48,One year,Credit card (automatic),0
11,118.74,1306.14,Month-to-month,Mailed check,1
53,104.22,5523.66,Two year,Bank transfer (automatic),0
7,56.9,398.3,Month-to-month,Mailed check,1
0,117.75,0.0,Month-to-month,Bank transfer (automatic),1
21,97.39,2045.19,Month-to-month,Bank transfer (automatic),0
42,97.13,4079.46,Two year,Bank transfer (automatic),0
36,81.33,2927.88,Two year,Electronic check,0
14,82.08,1149.12,One year,Bank transfer (automatic),0
19,21.4,406.6,One year,Electronic check,1
10,94.24,942.4,Month-to-month,Credit card (automatic),1
11,72.15,793.65,Month-to-month,Mailed check,0
54,116.67,6300.18,Two year,Electronic check,1
53,116.22,6159.66,Two year,Credit card (automatic),0
70,86.79,6075.3,Two year,Credit card (automatic),0
29,98.65,2860.85,Two year,Bank transfer (automatic),1
21,94.4,1982.4,Month-to-month,Mailed check,1
11,29.05,319.55,Month-to-month,Bank transfer (automatic),1
17,51.46,874.82,Month-to-month,Credit card (automatic),0
19,110.76,2104.44,One year,Bank transfer (automatic),1
1,49.05,49.05,Month-to-month,Electronic check,1
4,57.64,230.56,Month-to-month,Credit card (automatic),1
58,60.75,3523.5,Two year,Bank transfer (automatic),0
3,103.04,309.12,Month-to-month,Mailed check,1
68,55.79,3793.72,Two year,Electronic check,0
30,118.05,3541.5,Two year,Credit card (automatic),0
27,58.61,1582.47,Two year,Bank transfer (automatic),0
14,27.35,382.9,Month-to-month,Credit card (automatic),1
12,98.25,1179.0,One year,Credit card (automatic),1
2,102.64,205.28,Month-to-month,Bank transfer (automatic),1
15,51.51,772.65,One year,Credit card (automatic),1
33,118.73,3918.09,Two year,Electronic check,0
25,31.44,786.0,Two year,Electronic check,0
12,35.77,429.24,One year,Bank transfer (automatic),1
23,24.48,563.04,One year,Mailed check,0
14,69.39,971.46,Month-to-month,Bank transfer (automatic),0
21,71.19,1494.99,Month-to-month,Credit card (automatic),1
54,104.42,5638.68,Two year,Electronic check,0
14,25.5,357.0,Month-to-month,Bank transfer (automatic),1
16,81.68,1306.88,One year,Electronic check,0
21,72.12,1514.52,One year,Mailed check,0
23,29.67,682.41,One year,Electronic check,0
37,61.87,2289.19,Two year,Bank transfer (automatic),0
12,60.43,725.16,Month-to-month,Credit card (automatic),1
11,115.27,1267.97,Month-to-month,Bank transfer (automatic),1
2,27.51,55.02,Month-to-month,Electronic check,1
20,24.12,482.4,One year,Credit card (automatic),0
18,54.07,973.26,One year,Bank transfer (automatic),0
23,23.25,534.75,One year,Credit card (automatic),0
16,39.7,635.2,Month-to-month,Electronic check,1
17,55.49,943.33,Month-to-month,Electronic check,0
20,117.4,2348.0,One year,Credit card (automatic),0
12,80.12,961.44,One year,Bank transfer (automatic),0
16,89.68,1434.88,One year,Electronic check,1
4,75.76,303.04,Month-to-month,Electronic check,1
0,27.36,0.0,Month-to-month,Bank transfer (automatic),1
5,55.75,278.75,Month-to-month,Mailed check,0
13,108.1,1405.3,One year,Bank transfer (automatic),1
13,45.75,594.75,One year,Electronic check,0
8,39.99,319.92,Month-to-month,Mailed check,1
21,87.21,1831.41,Month-to-month,Electronic check,1
18,118.41,2131.38,One year,Electronic check,1
24,32.0,768.0,Month-to-month,Credit card (automatic),1
23,61.93,1424.39,Month-to-month,Electronic check,1
17,103.0,1751.0,Month-to-month,Electronic check,1
1,62.49,62.49,Month-to-month,Credit card (automatic),1
13,76.49,994.37,Month-to-month,Electronic check,1
0,116.55,0.0,Month-to-month,Electronic check,1
68,111.82,7603.76,Two year,Mailed check,1
61,58.85,3589.85,Two year,Electronic check,1
38,51.97,1974.86,Two year,Bank transfer (automatic),0
16,37.78,604.48,Month-to-month,Electronic check,0
20,101.13,2022.6,Month-to-month,Credit card (automatic),1
19,33.59,638.21,Month-to-month,Electronic check,0
20,68.4,1368.0,Month-to-month,Credit card (automatic),0
21,83.59,1755.39,One year,Mailed check,0
10,33.4,334.0,Month-to-month,Credit card (automatic),1
8,78.32,626.56,Month-to-month,Electronic check,1
1,23.8,23.8,Month-to-month,Mailed check,0
2,80.73,161.46,Month-to-month,Credit card (automatic),1
23,109.38,2515.74,Month-to-month,Bank transfer (automatic),1
44,79.71,3507.24,Two year,Bank transfer (automatic),0
45,118.2,5319.0,Two year,Mailed check,1
23,62.65,1440.95,One year,Electronic check,1
11,111.63,1227.93,Month-to-month,Electronic check,1
12,98.5,1182.0,One year,Bank transfer (automatic),0
21,57.43,1206.03,Month-to-month,Electronic check,1
62,107.07,6638.34,Two year,Credit card (automatic),0
17,49.64,843.88,One year,Electronic check,0
23,113.68,2614.64,One year,Electronic check,1
4,86.35,345.4,Month-to-month,Credit card (automatic),0
20,27.53,550.6,One year,Bank transfer (automatic),0
9,36.39,327.51,Month-to-month,Electronic check,1
38,120.0,4560.0,Two year,Mailed check,1
16,96.63,1546.08,Month-to-month,Credit card (automatic),0
45,107.39,4832.55,Two year,Electronic check,0
14,102.8,1439.2,One year,Electronic check,0
52,22.46,1167.92,Two year,Electronic check,0
21,47.06,988.26,One year,Credit card (automatic),0
9,116.49,1048.41,Month-to-month,Mailed check,1
67,114.61,7678.87,Two year,Electronic check,0
12,69.3,831.6,Month-to-month,Electronic check,1
19,32.12,610.28,Month-to-month,Electronic check,1
20,113.3,2266.0,One year,Credit card (automatic),0
2,95.84,191.68,Month-to-month,Electronic check,1
51,27.35,1394.85,Two year,Electronic check,0
25,60.32,1508.0,Two year,Credit card (automatic),0
2,56.24,112.48,Month-to-month,Mailed check,1
65,52.2,3393.0,Two year,Credit card (automatic),0
15,89.0,1335.0,Month-to-month,Credit card (automatic),1
12,110.4,1324.8,One year,Mailed check,1
23,80.11,1842.53,Month-to-month,Electronic check,1
13,22.87,297.31,One year,Electronic check,1
31,103.34,3203.54,Two year,Mailed check,0
18,42.68,768.24,Month-to-month,Bank transfer (automatic),1
7,76.21,533.47,Month-to-month,Bank transfer (automatic),1
17,24.9,423.3,One year,Mailed check,0
17,20.07,341.19,Month-to-month,Credit card (automatic),0
11,43.87,482.57,Month-to-month,Mailed check,1
23,85.02,1955.46,One year,Electronic check,1
14,22.52,315.28,One year,Bank transfer (automatic),0
67,65.39,4381.13,Two year,Electronic check,0
13,91.04,1183.52,One year,Credit card (automatic),0
6,108.35,650.1,Month-to-month,Electronic check,1
17,66.29,1126.93,Month-to-month,Mailed check,1
24,22.88,549.12,One year,Electronic check,0
13,108.73,1413.49,Month-to-month,Credit card (automatic),0
35,68.61,2401.35,Two year,Mailed check,0
29,92.16,2672.64,Two year,Mailed check,1
20,47.96,959.2,One year,Credit card (automatic),1
14,79.47,1112.58,Month-to-month,Electronic check,1
12,92.14,1105.68,One year,Mailed check,0
22,117.96,2595.12,One year,Mailed check,0
11,70.33,773.63,Month-to-month,Bank transfer (automatic),0
19,87.17,1656.23,Month-to-month,Electronic check,1
20,55.37,1107.4,Month-to-month,Electronic check,1
22,63.89,1405.58,One year,Bank transfer (automatic),0
4,72.0,288.0,Month-to-month,Electronic check,1
13,20.64,268.32,One year,Electronic check,1
3,44.7,134.1,Month-to-month,Credit card (automatic),1
9,88.79,799.11,Month-to-month,Credit card (automatic),0
2,64.11,128.22,Month-to-month,Electronic check,0
21,116.69,2450.49,Month-to-month,Electronic check,0
20,73.3,1466.0,One year,Bank transfer (automatic),0
68,83.05,5647.4,Two year,Bank transfer (automatic),0
6,98.79,592.74,Month-to-month,Electronic check,1
18,55.63,1001.34,Month-to-month,Mailed check,0
13,24.71,321.23,One year,Bank transfer (automatic),0
18,96.45,1736.1,One year,Mailed check,0
20,25.56,511.2,Month-to-month,Credit card (automatic),1
24,74.23,1781.52,Month-to-month,Electronic check,1
20,110.89,2217.8,One year,Electronic check,1
5,34.52,172.6,Month-to-month,Electronic check,0
16,109.28,1748.48,Month-to-month,Credit card (automatic),0
17,45.99,781.83,Month-to-month,Bank transfer (automatic),0
22,35.2,774.4,One year,Electronic check,0
23,110.0,2530.0,Month-to-month,Bank transfer (automatic),1
25,26.28,657.0,Two year,Electronic check,0
15,96.23,1443.45,One year,Electronic check,1
22,73.65,1620.3,One year,Mailed check,0
21,59.42,1247.82,Month-to-month,Electronic check,1
18,67.39,1213.02,One year,Electronic check,1
23,50.57,1163.11,One year,Electronic check,0
24,55.8,1339.2,Month-to-month,Mailed check,1
8,63.86,510.88,Month-to-month,Mailed check,1
19,60.65,1152.35,Month-to-month,Credit card (automatic),0
60,91.56,5493.6,Two year,Credit card (automatic),0
14,68.87,964.18,Month-to-month,Credit card (automatic),1
16,64.64,1034.24,Month-to-month,Credit card (automatic),1
16,68.48,1095.68,One year,Electronic check,0
20,18.83,376.6,One year,Mailed check,1
11,95.91,1055.01,Month-to-month,Electronic check,1
6,54.98,329.88,Month-to-month,Bank transfer (automatic),1
17,46.53,791.01,Month-to-month,Mailed check,0
13,58.18,756.34,One year,Electronic check,0
24,32.72,785.28,Month-to-month,Credit card (automatic),0
1,31.98,31.98,Month-to-month,Electronic check,1
19,109.1,2072.9,Month-to-month,Mailed check,1
49,119.04,5832.96,Two year,Electronic check,0
16,72.3,1156.8,Month-to-month,Electronic check,1
11,51.79,569.69,Month-to-month,Credit card (automatic),1
23,106.95,2459.85,Month-to-month,Electronic check,1
22,97.86,2152.92,One year,Electronic check,0
21,67.01,1407.21,One year,Bank transfer (automatic),0
18,33.07,595.26,One year,Bank transfer (automatic),0
3,37.46,112.38,Month-to-month,Credit card (automatic),1
6,59.86,359.16,Month-to-month,Mailed check,0
71,92.2,6546.2,Two year,Credit card (automatic),0
21,66.79,1402.59,Month-to-month,Bank transfer (automatic),1
58,52.92,3069.36,Two year,Mailed check,0
22,99.97,2199.34,One year,Bank transfer (automatic),1
8,74.92,599.36,Month-to-month,Credit card (automatic),1
42,89.9,3775.8,Two year,Electronic check,0
17,113.24,1925.08,Month-to-month,Mailed check,1
21,73.41,1541.61,Month-to-month,Electronic check,0
24,100.07,2401.68,Month-to-month,Electronic check,1
11,112.25,1234.75,Month-to-month,Bank transfer (automatic),1
20,45.66,913.2,One year,Electronic check,0
23,77.86,1790.78,Month-to-month,Electronic check,1
22,41.75,918.5,One year,Mailed check,1
21,96.62,2029.02,Month-to-month,Mailed check,1
18,84.6,1522.8,One year,Credit card (automatic),0
24,116.32,2791.68,Month-to-month,Bank transfer (automatic),1
13,84.53,1098.89,One year,Credit card (automatic),1
12,111.15,1333.8,One year,Credit card (automatic),1
26,119.71,3112.46,Two year,Electronic check,1
9,107.43,966.87,Month-to-month,Credit card (automatic),1
17,47.03,799.51,One year,Electronic check,0
4,104.81,419.24,Month-to-month,Mailed check,1
5,92.57,462.85,Month-to-month,Electronic check,1
17,98.66,1677.22,One year,Electronic check,1
22,109.5,2409.0,One year,Electronic check,0
21,27.73,582.33,Month-to-month,Electronic check,0
0,44.6,0.0,Month-to-month,Credit card (automatic),1
16,77.41,1238.56,One year,Credit card (automatic),0
7,24.34,170.38,Month-to-month,Mailed check,1
16,112.16,1794.56,Month-to-month,Mailed check,0
22,111.45,2451.9,One year,Bank transfer (automatic),1
14,66.77,934.78,One year,Electronic check,1
68,74.02,5033.36,Two year,Mailed check,0
6,95.71,574.26,Month-to-month,Bank transfer (automatic),1
20,63.57,1271.4,One year,Credit card (automatic),0
1,102.53,102.53,Month-to-month,Bank transfer (automatic),0
5,51.47,257.35,Month-to-month,Mailed check,1
18,67.86,1221.48,Month-to-month,Electronic check,0
4,70.35,281.4,Month-to-month,Electronic check,1
9,91.77,825.93,Month-to-month,Mailed check,1
61,25.45,1552.45,Two year,Bank transfer (automatic),0
12,113.33,1359.96,One year,Mailed check,1
50,36.36,1818.0,Two year,Electronic check,1
18,56.2,1011.6,One year,Bank transfer (automatic),0
12,56.32,675.84,Month-to-month,Credit card (automatic),0
22,105.75,2326.5,One year,Mailed check,1
32,92.24,2951.68,Two year,Mailed check,1
9,65.23,587.07,Month-to-month,Electronic check,1
7,43.25,302.75,Month-to-month,Mailed check,1
23,96.08,2209.84,Month-to-month,Credit card (automatic),1
12,42.55,510.6,One year,Bank transfer (automatic),1
22,89.74,1974.28,One year,Mailed check,1
15,73.06,1095.9,One year,Mailed check,0
16,41.88,670.08,One year,Electronic check,0
24,86.6,2078.4,One year,Bank transfer (automatic),0
21,71.17,1494.57,Month-to-month,Electronic check,1
18,107.73,1939.14,Month-to-month,Bank transfer (automatic),0
19,22.78,432.82,One year,Mailed check,0
20,50.51,1010.2,One year,Mailed check,0
24,72.87,1748.88,Month-to-month,Mailed check,1
4,100.19,400.76,Month-to-month,Credit card (automatic),0
20,72.06,1441.2,One year,Credit card (automatic),0
2,112.07,224.14,Month-to-month,Electronic check,1
6,23.26,139.56,Month-to-month,Bank transfer (automatic),1
13,37.19,483.47,One year,Electronic check,0
19,39.31,746.89,One year,Bank transfer (automatic),0
6,113.59,681.54,Month-to-month,Credit card (automatic),0
15,111.27,1669.05,Month-to-month,Credit card (automatic),0
15,74.31,1114.65,One year,Mailed check,0
11,49.46,544.06,Month-to-month,Mailed check,1
70,65.89,4612.3,Two year,Mailed check,0
50,22.66,1133.0,Two year,Mailed check,0
20,113.35,2267.0,One year,Electronic check,1
10,41.46,414.6,Month-to-month,Electronic check,1
21,52.43,1101.03,Month-to-month,Bank transfer (automatic),0
23,68.04,1564.92,Month-to-month,Bank transfer (automatic),1
70,73.75,5162.5,Two year,Electronic check,1
27,71.44,1928.88,Two year,Credit card (automatic),0
1,95.96,95.96,Month-to-month,Credit card (automatic),1
69,33.41,2305.29,Two year,Electronic check,0
20,86.01,1720.2,Month-to-month,Electronic check,1
0,72.29,0.0,Month-to-month,Mailed check,1
17,117.7,2000.9,Month-to-month,Bank transfer (automatic),1
35,28.92,1012.2,Two year,Bank transfer (automatic),0
16,43.75,700.0,Month-to-month,Electronic check,1
49,64.82,3176.18,Two year,Electronic check,0
13,84.68,1100.84,One year,Electronic check,0
18,56.47,1016.46,One year,Electronic check,0
13,68.99,896.87,One year,Bank transfer (automatic),0
13,109.27,1420.51,One year,Bank transfer (automatic),0
22,108.53,2387.66,Month-to-month,Credit card (automatic),1
8,109.73,877.84,Month-to-month,Electronic check,1
10,19.6,196.0,Month-to-month,Credit card (automatic),1
12,112.75,1353.0,Month-to-month,Credit card (automatic),1
18,87.06,1567.08,One year,Bank transfer (automatic),0
22,91.86,2020.92,Month-to-month,Bank transfer (automatic),1
51,41.68,2125.68,Two year,Electronic check,1
21,58.46,1227.66,One year,Bank transfer (automatic),0
14,68.04,952.56,Month-to-month,Electronic check,1
67,77.76,5209.92,Two year,Mailed check,0
15,90.74,1361.1,One year,Electronic check,1
20,33.74,674.8,Month-to-month,Bank transfer (automatic),1
9,63.36,570.24,Month-to-month,Electronic check,1
13,63.78,829.14,Month-to-month,Electronic check,1
11,74.53,819.83,Month-to-month,Electronic check,1
12,47.77,573.24,One year,Credit card (automatic),0
7,76.34,534.38,Month-to-month,Credit card (automatic),1
9,45.38,408.42,Month-to-month,Electronic check,1
9,67.39,606.51,Month-to-month,Electronic check,1
20,68.57,1371.4,Month-to-month,Electronic check,1
0,114.78,0.0,Month-to-month,Electronic check,1
17,62.9,1069.3,One year,Credit card (automatic),0
62,31.88,1976.56,Two year,Bank transfer (automatic),0
44,36.12,1589.28,Two year,Electronic check,0
20,68.08,1361.6,Month-to-month,Bank transfer (automatic),0
12,55.23,662.76,Month-to-month,Mailed check,0
5,87.53,437.65,Month-to-month,Credit card (automatic),1
69,39.38,2717.22,Two year,Mailed check,0
50,86.64,4332.0,Two year,Electronic check,1
4,90.95,363.8,Month-to-month,Electronic check,1
15,77.39,1160.85,Month-to-month,Credit card (automatic),1
50,73.45,3672.5,Two year,Credit card (automatic),0
17,78.57,1335.69,Month-to-month,Credit card (automatic),0
21,54.21,1138.41,Month-to-month,Electronic check,1
21,83.97,1763.37,Month-to-month,Credit card (automatic),0
3,19.08,57.24,Month-to-month,Credit card (automatic),1
18,88.14,1586.52,Month-to-month,Mailed check,1
21,78.04,1638.84,Month-to-month,Mailed check,1
3,48.13,144.39,Month-to-month,Electronic check,0
23,32.45,746.35,Month-to-month,Credit card (automatic),1
15,53.53,802.95,Month-to-month,Electronic check,1
13,48.63,632.19,One year,Mailed check,0
20,29.15,583.0,Month-to-month,Credit card (automatic),0
57,35.79,2040.03,Two year,Bank transfer (automatic),0
15,99.37,1490.55,One year,Credit card (automatic),0
12,20.98,251.76,Month-to-month,Bank transfer (automatic),0
12,18.45,221.4,Month-to-month,Bank transfer (automatic),1
2,76.89,153.78,Month-to-month,Bank transfer (automatic),0
6,64.67,388.02,Month-to-month,Mailed check,1
64,49.97,3198.08,Two year,Mailed check,0
11,104.24,1146.64,Month-to-month,Electronic check,1
43,111.71,4803.53,Two year,Bank transfer (automatic),0
15,49.15,737.25,One year,Electronic check,1
18,78.84,1419.12,One year,Mailed check,0
17,88.73,1508.41,Month-to-month,Mailed check,1
55,47.46,2610.3,Two year,Bank transfer (automatic),0
46,115.09,5294.14,Two year,Bank transfer (automatic),0
17,69.55,1182.35,Month-to-month,Mailed check,1
19,67.85,1289.15,One year,Mailed check,1
9,21.33,191.97,Month-to-month,Bank transfer (automatic),1
18,93.74,1687.32,Month-to-month,Credit card (automatic),0
3,45.32,135.96,Month-to-month,Electronic check,1
72,22.24,1601.28,Two year,Mailed check,0
3,93.07,279.21,Month-to-month,Credit card (automatic),1
1,63.87,63.87,Month-to-month,Credit card (automatic),1
31,97.11,3010.41,Two year,Mailed check,1
46,105.83,4868.18,Two year,Bank transfer (automatic),0
6,100.98,605.88,Month-to-month,Bank transfer (automatic),0
21,72.95,1531.95,One year,Mailed check,1
16,115.14,1842.24,One year,Electronic check,1
32,116.2,3718.4,Two year,Credit card (automatic),0
65,30.94,2011.1,Two year,Credit card (automatic),0
7,95.67,669.69,Month-to-month,Bank transfer (automatic),1
8,82.04,656.32,Month-to-month,Bank transfer (automatic),1
24,27.5,660.0,Month-to-month,Credit card (automatic),0
11,64.38,708.18,Month-to-month,Credit card (automatic),1
23,27.5,632.5,One year,Credit card (automatic),0
13,99.16,1289.08,One year,Bank transfer (automatic),0
55,45.39,2496.45,Two year,Credit card (automatic),0
18,104.95,1889.1,Month-to-month,Bank transfer (automatic),0
26,28.16,732.16,Two year,Bank transfer (automatic),0
5,63.01,315.05,Month-to-month,Electronic check,1
68,110.76,7531.68,Two year,Electronic check,0
8,27.52,220.16,Month-to-month,Credit card (automatic),1
20,34.88,697.6,Month-to-month,Bank transfer (automatic),1
7,61.78,432.46,Month-to-month,Bank transfer (automatic),1
2,31.54,63.08,Month-to-month,Electronic check,1
23,53.04,1219.92,One year,Electronic check,1
54,25.22,1361.88,Two year,Bank transfer (automatic),0
17,55.49,943.33,One year,Electronic check,1
4,83.44,333.76,Month-to-month,Credit card (automatic),0
19,84.3,1601.7,Month-to-month,Bank transfer (automatic),1
14,111.83,1565.62,One year,Bank transfer (automatic),0
3,32.28,96.84,Month-to-month,Electronic check,1
18,50.08,901.44,One year,Mailed check,1
17,79.3,1348.1,Month-to-month,Electronic check,1
0,104.48,0.0,Month-to-month,Credit card (automatic),1
16,37.24,595.84,Month-to-month,Mailed check,1
24,115.38,2769.12,One year,Credit card (automatic),0
19,25.24,479.56,Month-to-month,Mailed check,0
10,31.46,314.6,Month-to-month,Mailed check,0
22,35.62,783.64,One year,Mailed check,0
61,24.89,1518.29,Two year,Electronic check,0
12,69.67,836.04,Month-to-month,Electronic check,1
22,59.03,1298.66,Month-to-month,Mailed check,0
2,49.61,99.22,Month-to-month,Electronic check,1
17,51.33,872.61,Month-to-month,Credit card (automatic),0
22,24.74,544.28,One year,Bank transfer (automatic),0
12,42.94,515.28,One year,Credit card (automatic),0
1,49.55,49.55,Month-to-month,Bank transfer (automatic),0
23,32.0,736.0,One year,Electronic check,1
16,97.86,1565.76,Month-to-month,Electronic check,1
24,107.09,2570.16,Month-to-month,Electronic check,1
10,100.33,1003.3,Month-to-month,Credit card (automatic),1
18,82.01,1476.18,Month-to-month,Bank transfer (automatic),1
18,35.02,630.36,Month-to-month,Electronic check,1
22,91.72,2017.84,One year,Credit card (automatic),1
0,42.94,0.0,Month-to-month,Electronic check,1
1,74.39,74.39,Month-to-month,Electronic check,0
17,43.32,736.44,One year,Mailed check,0
18,56.03,1008.54,Month-to-month,Credit card (automatic),0
57,118.1,6731.7,Two year,Electronic check,0
9,96.9,872.1,Month-to-month,Mailed check,1
11,38.47,423.17,Month-to-month,Mailed check,1
14,55.56,777.84,Month-to-month,Bank transfer (automatic),0
70,109.85,7689.5,Two year,Bank transfer (automatic),0
13,20.44,265.72,Month-to-month,Electronic check,1
12,115.0,1380.0,One year,Bank transfer (automatic),1
23,49.37,1135.51,One year,Credit card (automatic),0
27,117.2,3164.4,Two year,Mailed check,1
7,109.52,766.64,Month-to-month,Electronic check,1
23,26.66,613.18,One year,Mailed check,1
2,78.37,156.74,Month-to-month,Credit card (automatic),1
16,44.62,713.92,One year,Electronic check,1
71,51.28,3640.88,Two year,Bank transfer (automatic),0
4,97.55,390.2,Month-to-month,Credit card (automatic),1
14,50.03,700.42,Month-to-month,Electronic check,1
14,49.45,692.3,Month-to-month,Bank transfer (automatic),1
21,49.03,1029.63,Month-to-month,Electronic check,1
17,33.13,563.21,One year,Electronic check,0
27,87.07,2350.89,Two year,Mailed check,0
49,105.17,5153.33,Two year,Electronic check,0
13,100.0,1300.0,One year,Electronic check,1
7,31.33,219.31,Month-to-month,Credit card (automatic),0
20,26.57,531.4,Month-to-month,Bank transfer (automatic),0
28,38.17,1068.76,Two year,Electronic check,0
45,30.5,1372.5,Two year,Electronic check,0
13,101.81,1323.53,Month-to-month,Credit card (automatic),1
5,54.1,270.5,Month-to-month,Bank transfer (automatic),0
4,21.53,86.12,Month-to-month,Mailed check,1
13,108.04,1404.52,Month-to-month,Electronic check,1
13,38.34,498.42,Month-to-month,Mailed check,0
17,99.07,1684.19,Month-to-month,Bank transfer (automatic),0
20,97.71,1954.2,One year,Mailed check,1
16,36.34,581.44,One year,Electronic check,1
24,46.66,1119.84,Month-to-month,Credit card (automatic),0
18,119.96,2159.28,Month-to-month,Mailed check,0
8,72.44,579.52,Month-to-month,Bank transfer (automatic),0
15,76.72,1150.8,One year,Bank transfer (automatic),0
5,35.96,179.8,Month-to-month,Credit card (automatic),0
61,20.88,1273.68,Two year,Bank transfer (automatic),0
60,114.73,6883.8,Two year,Bank transfer (automatic),0
58,49.52,2872.16,Two year,Credit card (automatic),0
7,20.03,140.21,Month-to-month,Electronic check,1
4,52.76,211.04,Month-to-month,Bank transfer (automatic),1
27,20.24,546.48,Two year,Credit card (automatic),0
57,105.79,6030.03,Two year,Bank transfer (automatic),0
12,77.77,933.24,Month-to-month,Credit card (automatic),1
23,114.77,2639.71,Month-to-month,Credit card (automatic),0
35,90.13,3154.55,Two year,Bank transfer (automatic),0
46,40.77,1875.42,Two year,Bank transfer (automatic),0
22,48.04,1056.88,Month-to-month,Electronic check,1
18,57.94,1042.92,Month-to-month,Bank transfer (automatic),0
62,50.46,3128.52,Two year,Electronic check,0
13,113.54,1476.02,One year,Bank transfer (automatic),1
17,35.12,597.04,One year,Electronic check,0
20,92.39,1847.8,Month-to-month,Bank transfer (automatic),1
22,24.92,548.24,Month-to-month,Electronic check,1
12,62.7,752.4,Month-to-month,Electronic check,1
12,53.83,645.96,Month-to-month,Mailed check,1
60,84.4,5064.0,Two year,Credit card (automatic),0
1,48.08,48.08,Month-to-month,Electronic check,1
34,108.57,3691.38,Two year,Electronic check,1
2,52.47,104.94,Month-to-month,Credit card (automatic),0
51,114.13,5820.63,Two year,Bank transfer (automatic),0
30,51.77,1553.1,Two year,Electronic check,0
23,73.09,1681.07,Month-to-month,Bank transfer (automatic),0
12,76.32,915.84,Month-to-month,Electronic check,0
13,26.94,350.22,Month-to-month,Mailed check,0
13,20.63,268.19,One year,Mailed check,1
3,49.45,148.35,Month-to-month,Electronic check,1
2,83.47,166.94,Month-to-month,Bank transfer (automatic),1
5,63.47,317.35,Month-to-month,Mailed check,1
8,75.55,604.4,Month-to-month,Electronic check,1
22,53.07,1167.54,One year,Electronic check,0
59,24.22,1428.98,Two year,Bank transfer (automatic),0
21,106.42,2234.82,Month-to-month,Credit card (automatic),1
29,58.27,1689.83,Two year,Mailed check,0
16,99.65,1594.4,Month-to-month,Bank transfer (automatic),0
24,63.8,1531.2,One year,Electronic check,0
6,30.87,185.22,Month-to-month,Electronic check,1
64,33.08,2117.12,Two year,Mailed check,0
2,26.88,53.76,Month-to-month,Bank transfer (automatic),1
20,64.73,1294.6,One year,Credit card (automatic),0
20,97.73,1954.6,One year,Bank transfer (automatic),1
18,95.35,1716.3,Month-to-month,Bank transfer (automatic),0
30,98.15,2944.5,Two year,Bank transfer (automatic),0
40,57.07,2282.8,Two year,Credit card (automatic),0
16,59.1,945.6,One year,Electronic check,0
18,108.74,1957.32,One year,Mailed check,1
8,109.5,876.0,Month-to-month,Bank transfer (automatic),1
41,103.97,4262.77,Two year,Electronic check,0
15,31.71,475.65,One year,Credit card (automatic),0
8,92.34,738.72,Month-to-month,Credit card (automatic),1
13,93.58,1216.54,Month-to-month,Mailed check,0
56,98.73,5528.88,Two year,Credit card (automatic),0
24,104.83,2515.92,One year,Mailed check,0
6,103.37,620.22,Month-to-month,Electronic check,1
22,38.31,842.82,Month-to-month,Credit card (automatic),1
3,87.48,262.44,Month-to-month,Mailed check,1
15,77.86,1167.9,Month-to-month,Mailed check,1
23,102.75,2363.25,Month-to-month,Credit card (automatic),1
18,97.54,1755.72,Month-to-month,Electronic check,1
6,45.45,272.7,Month-to-month,Electronic check,1
24,87.58,2101.92,Month-to-month,Credit card (automatic),1
0,40.82,0.0,Month-to-month,Electronic check,1
69,83.56,5765.64,Two year,Bank transfer (automatic),0
8,40.26,322.08,Month-to-month,Electronic check,1
18,28.44,511.92,Month-to-month,Bank transfer (automatic),1
17,75.27,1279.59,One year,Credit card (automatic),0
15,24.51,367.65,Month-to-month,Bank transfer (automatic),0
16,84.92,1358.72,One year,Credit card (automatic),0
20,96.08,1921.6,One year,Electronic check,0
62,59.22,3671.64,Two year,Credit card (automatic),0
15,119.74,1796.1,Month-to-month,Electronic check,1
1,77.47,77.47,Month-to-month,Mailed check,0
69,40.68,2806.92,Two year,Electronic check,0
22,54.57,1200.54,One year,Credit card (automatic),0
17,36.48,620.16,Month-to-month,Bank transfer (automatic),1
17,95.82,1628.94,Month-to-month,Electronic check,1
13,40.67,528.71,One year,Electronic check,1
45,55.91,2515.95,Two year,Mailed check,0
1,106.37,106.37,Month-to-month,Electronic check,1
36,69.05,2485.8,Two year,Electronic check,0
1,106.83,106.83,Month-to-month,Electronic check,1
60,109.07,6544.2,Two year,Electronic check,0
5,97.45,487.25,Month-to-month,Credit card (automatic),1
22,23.92,526.24,One year,Electronic check,0
18,95.98,1727.64,Month-to-month,Bank transfer (automatic),1
21,62.24,1307.04,One year,Electronic check,1
0,21.85,0.0,Month-to-month,Mailed check,1
10,95.2,952.0,Month-to-month,Electronic check,1
23,43.38,997.74,Month-to-month,Electronic check,1
12,69.34,832.08,Month-to-month,Electronic check,1
9,64.5,580.5,Month-to-month,Electronic check,1
21,119.54,2510.34,Month-to-month,Mailed check,1
36,34.82,1253.52,Two year,Mailed check,0
38,92.17,3502.46,Two year,Electronic check,1
14,30.56,427.84,One year,Bank transfer (automatic),0
64,44.09,2821.76,Two year,Mailed check,0
21,29.03,609.63,Month-to-month,Credit card (automatic),0
14,56.79,795.06,Month-to-month,Electronic check,1
22,87.95,1934.9,Month-to-month,Electronic check,1
16,45.54,728.64,Month-to-month,Electronic check,1
3,70.18,210.54,Month-to-month,Credit card (automatic),0
15,38.26,573.9,Month-to-month,Credit card (automatic),1
6,54.51,327.06,Month-to-month,Mailed check,1
6,88.2,529.2,Month-to-month,Mailed check,1
2,110.5,221.0,Month-to-month,Electronic check,1
13,97.51,1267.63,One year,Electronic check,1
22,41.58,914.76,One year,Credit card (automatic),0
3,100.94,302.82,Month-to-month,Mailed check,0
67,49.9,3343.3,Two year,Mailed check,0
1,18.99,18.99,Month-to-month,Bank transfer (automatic),1
19,115.42,2192.98,One year,Electronic check,1
17,36.65,623.05,One year,Mailed check,0
48,88.37,4241.76,Two year,Electronic check,0
5,29.53,147.65,Month-to-month,Credit card (automatic),0
5,28.58,142.9,Month-to-month,Credit card (automatic),0
14,36.49,510.86,Month-to-month,Bank transfer (automatic),1
21,107.75,2262.75,Month-to-month,Electronic check,1
55,29.52,1623.6,Two year,Mailed check,0
10,19.26,192.6,Month-to-month,Electronic check,0
23,75.63,1739.49,Month-to-month,Bank transfer (automatic),0
20,88.2,1764.0,One year,Electronic check,0
15,53.27,799.05,Month-to-month,Bank transfer (automatic),0
17,108.99,1852.83,Month-to-month,Credit card (automatic),1
16,104.58,1673.28,Month-to-month,Credit card (automatic),0
55,50.7,2788.5,Two year,Electronic check,0
17,83.62,1421.54,Month-to-month,Mailed check,1
18,63.71,1146.78,Month-to-month,Mailed check,0
15,94.01,1410.15,Month-to-month,Electronic check,1
17,18.02,306.34,Month-to-month,Electronic check,1
16,108.79,1740.64,One year,Bank transfer (automatic),0
17,55.06,936.02,One year,Mailed check,1
17,96.28,1636.76,Month-to-month,Mailed check,1
19,29.63,562.97,One year,Mailed check,0
20,116.37,2327.4,Month-to-month,Electronic check,1
1,109.48,109.48,Month-to-month,Bank transfer (automatic),1
50,28.91,1445.5,Two year,Bank transfer (automatic),0
12,39.99,479.88,Month-to-month,Credit card (automatic),0
24,60.28,1446.72,Month-to-month,Electronic check,0
52,64.65,3361.8,Two year,Bank transfer (automatic),0
0,72.1,0.0,Month-to-month,Credit card (automatic),1
54,112.29,6063.66,Two year,Credit card (automatic),0
35,92.51,3237.85,Two year,Bank transfer (automatic),0
10,69.42,694.2,Month-to-month,Bank transfer (automatic),1
72,43.32,3119.04,Two year,Credit card (automatic),0
4,32.09,128.36,Month-to-month,Electronic check,1
68,73.88,5023.84,Two year,Mailed check,0
15,38.49,577.35,One year,Bank transfer (automatic),0
21,31.53,662.13,Month-to-month,Electronic check,1
58,88.82,5151.56,Two year,Electronic check,0
15,77.45,1161.75,Month-to-month,Mailed check,0
20,47.16,943.2,One year,Bank transfer (automatic),0
25,56.85,1421.25,Two year,Mailed check,1
5,118.32,591.6,Month-to-month,Electronic check,1
9,38.81,349.29,Month-to-month,Electronic check,1
19,106.54,2024.26,Month-to-month,Mailed check,1
59,57.67,3402.53,Two year,Bank transfer (automatic),0
68,85.78,5833.04,Two year,Bank transfer (automatic),0
21,49.89,1047.69,Month-to-month,Credit card (automatic),0
19,106.62,2025.78,Month-to-month,Electronic check,1
20,89.87,1797.4,Month-to-month,Electronic check,1
21,38.04,798.84,One year,Mailed check,0
21,25.6,537.6,Month-to-month,Mailed check,0
12,61.71,740.52,One year,Electronic check,0
8,18.58,148.64,Month-to-month,Bank transfer (automatic),1
44,78.88,3470.72,Two year,Electronic check,0
16,68.04,1088.64,One year,Credit card (automatic),0
10,71.59,715.9,Month-to-month,Credit card (automatic),0
5,60.42,302.1,Month-to-month,Credit card (automatic),1
6,85.66,513.96,Month-to-month,Electronic check,1
19,72.11,1370.09,Month-to-month,Credit card (automatic),0
24,29.7,712.8,Two year,Credit card (automatic),0
19,42.87,814.53,Month-to-month,Bank transfer (automatic),1
31,57.36,1778.16,Two year,Mailed check,0
24,56.25,1350.0,Month-to-month,Credit card (automatic),0
20,37.64,752.8,Month-to-month,Electronic check,1
58,72.39,4198.62,Two year,Electronic check,0
6,106.22,637.32,Month-to-month,Bank transfer (automatic),1
22,107.62,2367.64,Month-to-month,Mailed check,1
2,94.18,188.36,Month-to-month,Credit card (automatic),1
2,25.47,50.94,Month-to-month,Electronic check,1
7,110.92,776.44,Month-to-month,Electronic check,1
10,19.72,197.2,Month-to-month,Mailed check,0
19,24.45,464.55,Month-to-month,Bank transfer (automatic),0
11,112.66,1239.26,Month-to-month,Credit card (automatic),1
13,46.71,607.23,One year,Electronic check,0
0,66.35,0.0,Month-to-month,Credit card (automatic),1
17,48.09,817.53,Month-to-month,Mailed check,0
23,84.09,1934.07,Month-to-month,Credit card (automatic),0
4,30.57,122.28,Month-to-month,Credit card (automatic),1
13,49.08,638.04,One year,Mailed check,0
50,110.37,5518.5,Two year,Electronic check,0
19,103.14,1959.66,Month-to-month,Electronic check,1
1,104.84,104.84,Month-to-month,Credit card (automatic),0
59,25.46,1502.14,Two year,Mailed check,0
18,67.69,1218.42,Month-to-month,Electronic check,1
3,47.08,141.24,Month-to-month,Bank transfer (automatic),1
10,80.87,808.7,Month-to-month,Mailed check,1
17,100.39,1706.63,One year,Bank transfer (automatic),0
7,90.64,634.48,Month-to-month,Electronic check,1
21,92.76,1947.96,Month-to-month,Mailed check,0
9,67.67,609.03,Month-to-month,Mailed check,1
16,105.59,1689.44,One year,Electronic check,1
20,25.8,516.0,Month-to-month,Electronic check,1
0,100.89,0.0,Month-to-month,Mailed check,1
12,74.26,891.12,One year,Electronic check,0
33,55.31,1825.23,Two year,Mailed check,0
16,31.66,506.56,One year,Bank transfer (automatic),0
0,85.59,0.0,Month-to-month,Mailed check,0
34,95.24,3238.16,Two year,Bank transfer (automatic),0
18,85.26,1534.68,Month-to-month,Bank transfer (automatic),0
17,22.12,376.04,One year,Mailed check,0
7,22.37,156.59,Month-to-month,Electronic check,1
54,111.63,6028.02,Two year,Mailed check,0
3,89.78,269.34,Month-to-month,Bank transfer (automatic),1
40,77.02,3080.8,Two year,Credit card (automatic),0
18,84.64,1523.52,Month-to-month,Mailed check,0
7,70.67,494.69,Month-to-month,Mailed check,1
54,108.49,5858.46,Two year,Mailed check,1
38,25.86,982.68,Two year,Mailed check,0
11,79.41,873.51,Month-to-month,Electronic check,1
17,91.47,1554.99,One year,Mailed check,0
5,84.02,420.1,Month-to-month,Electronic check,1
18,34.44,619.92,Month-to-month,Electronic check,1
1,34.97,34.97,Month-to-month,Bank transfer (automatic),0
18,83.04,1494.72,Month-to-month,Mailed check,0
13,40.09,521.17,One year,Credit card (automatic),0
7,102.7,718.9,Month-to-month,Mailed check,1
35,81.57,2854.95,Two year,Credit card (automatic),0
14,78.85,1103.9,Month-to-month,Bank transfer (automatic),1
0,38.64,0.0,Month-to-month,Electronic check,0
4,79.76,319.04,Month-to-month,Mailed check,1
58,69.34,4021.72,Two year,Bank transfer (automatic),0
19,73.01,1387.19,Month-to-month,Electronic check,1
51,71.25,3633.75,Two year,Bank transfer (automatic),0
7,113.72,796.04,Month-to-month,Mailed check,1
24,93.62,2246.88,One year,Mailed check,0
14,43.96,615.44,One year,Electronic check,0
62,107.43,6660.66,Two year,Electronic check,0
0,76.95,0.0,Month-to-month,Bank transfer (automatic),1
22,100.04,2200.88,Month-to-month,Bank transfer (automatic),1
18,43.87,789.66,Month-to-month,Mailed check,0
8,119.16,953.28,Month-to-month,Mailed check,1
17,67.21,1142.57,Month-to-month,Bank transfer (automatic),1
16,76.92,1230.72,One year,Electronic check,0
21,30.15,633.15,Month-to-month,Electronic check,1
13,39.87,518.31,One year,Credit card (automatic),0
22,87.83,1932.26,Month-to-month,Bank transfer (automatic),1
2,101.97,203.94,Month-to-month,Bank transfer (automatic),1
16,40.62,649.92,One year,Electronic check,1
12,80.62,967.44,Month-to-month,Mailed check,1
24,101.66,2439.84,One year,Bank transfer (automatic),0
21,112.94,2371.74,Month-to-month,Electronic check,1
16,70.61,1129.76,Month-to-month,Credit card (automatic),1
7,84.81,593.67,Month-to-month,Electronic check,0
12,54.02,648.24,Month-to-month,Electronic check,1
23,89.77,2064.71,One year,Mailed check,0
17,111.33,1892.61,Month-to-month,Bank transfer (automatic),1
62,116.23,7206.26,Two year,Electronic check,0
5,59.53,297.65,Month-to-month,Electronic check,1
3,99.9,299.7,Month-to-month,Electronic check,1
60,43.51,2610.6,Two year,Credit card (automatic),0
7,95.26,666.82,Month-to-month,Mailed check,0
18,105.93,1906.74,Month-to-month,Mailed check,1
7,87.05,609.35,Month-to-month,Mailed check,1
16,72.64,1162.24,Month-to-month,Credit card (automatic),0
12,86.72,1040.64,Month-to-month,Electronic check,1
15,50.02,750.3,Month-to-month,Credit card (automatic),1
23,87.68,2016.64,One year,Electronic check,0
23,42.69,981.87,Month-to-month,Electronic check,1
19,54.31,1031.89,Month-to-month,Credit card (automatic),0
21,68.25,1433.25,Month-to-month,Electronic check,1
54,55.86,3016.44,Two year,Credit card (automatic),0
60,106.61,6396.6,Two year,Credit card (automatic),0
41,58.58,2401.78,Two year,Credit card (automatic),0
13,66.79,868.27,Month-to-month,Mailed check,1
21,97.14,2039.94,Month-to-month,Mailed check,1
10,88.3,883.0,Month-to-month,Mailed check,1
10,54.88,548.8,Month-to-month,Bank transfer (automatic),0
8,66.08,528.64,Month-to-month,Electronic check,1
6,60.75,364.5,Month-to-month,Mailed check,0
14,36.35,508.9,Month-to-month,Mailed check,1
13,91.52,1189.76,One year,Electronic check,0
15,32.88,493.2,One year,Credit card (automatic),0
5,61.0,305.0,Month-to-month,Credit card (automatic),1
58,91.5,5307.0,Two year,Bank transfer (automatic),0
18,22.87,411.66,Month-to-month,Bank transfer (automatic),1
8,66.61,532.88,Month-to-month,Electronic check,1
11,54.75,602.25,Month-to-month,Electronic check,1
50,30.37,1518.5,Two year,Electronic check,0
60,84.29,5057.4,Two year,Electronic check,0
44,86.67,3813.48,Two year,Electronic check,0
18,80.59,1450.62,One year,Credit card (automatic),0
64,100.39,6424.96,Two year,Credit card (automatic),0
13,26.07,338.91,One year,Bank transfer (automatic),0
22,45.28,996.16,Month-to-month,Bank transfer (automatic),0
11,94.29,1037.19,Month-to-month,Mailed check,1
0,30.75,0.0,Month-to-month,Electronic check,1
23,26.17,601.91,Month-to-month,Bank transfer (automatic),1
15,73.94,1109.1,Month-to-month,Electronic check,1
2,28.6,57.2,Month-to-month,Bank transfer (automatic),0
12,49.56,594.72,Month-to-month,Credit card (automatic),1
4,71.73,286.92,Month-to-month,Bank transfer (automatic),1
10,106.15,1061.5,Month-to-month,Mailed check,1
59,63.37,3738.83,Two year,Credit card (automatic),0
21,64.57,1355.97,One year,Electronic check,0
64,83.23,5326.72,Two year,Mailed check,0
2,63.07,126.14,Month-to-month,Mailed check,1
0,71.38,0.0,Month-to-month,Electronic check,1
17,18.85,320.45,Month-to-month,Electronic check,0
24,96.12,2306.88,Two year,Mailed check,0
20,56.11,1122.2,One year,Credit card (automatic),0
14,90.92,1272.88,One year,Mailed check,0
29,61.07,1771.03,Two year,Electronic check,1
24,88.78,2130.72,One year,Credit card (automatic),1
16,60.12,961.92,One year,Mailed check,0
20,64.44,1288.8,Month-to-month,Electronic check,1
17,19.98,339.66,One year,Mailed check,1
3,46.78,140.34,Month-to-month,Electronic check,1
2,33.37,66.74,Month-to-month,Electronic check,1
15,119.79,1796.85,Month-to-month,Electronic check,1
72,115.07,8285.04,Two year,Electronic check,1
19,36.52,693.88,One year,Electronic check,0
0,30.44,0.0,Month-to-month,Mailed check,0
14,43.21,604.94,Month-to-month,Bank transfer (automatic),0
3,71.16,213.48,Month-to-month,Bank transfer (automatic),0
9,113.49,1021.41,Month-to-month,Bank transfer (automatic),1
20,71.13,1422.6,One year,Bank transfer (automatic),1
12,106.09,1273.08,One year,Electronic check,1
10,19.54,195.4,Month-to-month,Bank transfer (automatic),0
15,18.91,283.65,One year,Mailed check,1
21,33.81,710.01,One year,Mailed check,0
21,81.1,1703.1,Month-to-month,Mailed check,0
27,54.26,1465.02,Two year,Bank transfer (automatic),0
15,41.73,625.95,Month-to-month,Electronic check,0
24,108.96,2615.04,One year,Bank transfer (automatic),0
23,31.74,730.02,Month-to-month,Mailed check,0
9,73.36,660.24,Month-to-month,Mailed check,1
17,92.71,1576.07,One year,Mailed check,1
59,34.36,2027.24,Two year,Credit card (automatic),0
17,55.45,942.65,Month-to-month,Credit card (automatic),1
14,108.06,1512.84,One year,Mailed check,0
10,91.54,915.4,Month-to-month,Bank transfer (automatic),1
16,87.69,1403.04,Month-to-month,Mailed check,0
13,83.37,1083.81,Month-to-month,Electronic check,1
4,36.22,144.88,Month-to-month,Electronic check,1
1,76.24,76.24,Month-to-month,Electronic check,1
23,78.21,1798.83,One year,Mailed check,1
0,112.88,0.0,Month-to-month,Bank transfer (automatic),1
2,65.74,131.48,Month-to-month,Credit card (automatic),0
13,101.85,1324.05,Month-to-month,Bank transfer (automatic),0
16,22.15,354.4,Month-to-month,Bank transfer (automatic),1
16,27.91,446.56,Month-to-month,Credit card (automatic),0
16,85.0,1360.0,Month-to-month,Electronic check,1
59,60.35,3560.65,Two year,Bank transfer (automatic),0
19,89.66,1703.54,One year,Mailed check,0
17,58.96,1002.32,Month-to-month,Credit card (automatic),1
14,113.22,1585.08,Month-to-month,Credit card (automatic),0
17,60.06,1021.02,One year,Credit card (automatic),0
39,75.44,2942.16,Two year,Electronic check,1
16,54.72,875.52,One year,Credit card (automatic),0
26,118.26,3074.76,Two year,Electronic check,0
9,18.67,168.03,Month-to-month,Credit card (automatic),0
24,101.84,2444.16,Month-to-month,Electronic check,1
17,76.21,1295.57,Month-to-month,Bank transfer (automatic),1
4,32.12,128.48,Month-to-month,Mailed check,1
24,48.63,1167.12,One year,Electronic check,0
13,91.81,1193.53,One year,Electronic check,0
22,89.69,1973.18,Month-to-month,Credit card (automatic),0
1,92.54,92.54,Month-to-month,Bank transfer (automatic),1
24,52.11,1250.64,Month-to-month,Electronic check,0
3,106.72,320.16,Month-to-month,Credit card (automatic),1
12,82.66,991.92,One year,Bank transfer (automatic),0
10,73.07,730.7,Month-to-month,Mailed check,1
1,86.71,86.71,Month-to-month,Electronic check,0
60,69.48,4168.8,Two year,Bank transfer (automatic),0
4,52.29,209.16,Month-to-month,Mailed check,1
16,26.68,426.88,One year,Mailed check,0
14,67.05,938.7,One year,Electronic check,1
17,80.83,1374.11,Month-to-month,Bank transfer (automatic),0
24,61.87,1484.88,Month-to-month,Electronic check,1
18,61.2,1101.6,One year,Electronic check,1
0,96.51,0.0,Month-to-month,Bank transfer (automatic),1
14,81.56,1141.84,Month-to-month,Credit card (automatic),1
67,56.13,3760.71,Two year,Electronic check,0
27,42.79,1155.33,Two year,Electronic check,0
9,19.4,174.6,Month-to-month,Credit card (automatic),0
0,51.85,0.0,Month-to-month,Mailed check,0
24,44.38,1065.12,Month-to-month,Mailed check,1
23,86.16,1981.68,One year,Electronic check,1
40,35.37,1414.8,Two year,Mailed check,0
12,65.43,785.16,One year,Bank transfer (automatic),0
21,104.91,2203.11,Month-to-month,Bank transfer (automatic),0
65,57.43,3732.95,Two year,Electronic check,0
10,67.44,674.4,Month-to-month,Bank transfer (automatic),0
14,75.19,1052.66,Month-to-month,Electronic check,1
9,52.02,468.18,Month-to-month,Credit card (automatic),1
11,54.25,596.75,Month-to-month,Electronic check,1
41,100.81,4133.21,Two year,Credit card (automatic),0
25,114.3,2857.5,Two year,Credit card (automatic),0
12,85.01,1020.12,Month-to-month,Electronic check,1
19,107.02,2033.38,Month-to-month,Credit card (automatic),0
13,116.99,1520.87,Month-to-month,Bank transfer (automatic),0
6,84.55,507.3,Month-to-month,Mailed check,1
14,49.52,693.28,One year,Electronic check,0
24,32.81,787.44,Month-to-month,Electronic check,0
59,72.36,4269.24,Two year,Electronic check,0
4,92.16,368.64,Month-to-month,Credit card (automatic),0
50,48.94,2447.0,Two year,Mailed check,0
71,45.93,3261.03,Two year,Bank transfer (automatic),0
24,118.57,2845.68,Month-to-month,Electronic check,1
21,41.68,875.28,One year,Bank transfer (automatic),0
15,31.68,475.2,Month-to-month,Bank transfer (automatic),0
5,104.92,524.6,Month-to-month,Bank transfer (automatic),1
1,59.68,59.68,Month-to-month,Electronic check,0
38,93.72,3561.36,Two year,Credit card (automatic),0
19,106.45,2022.55,One year,Electronic check,1
7,61.61,431.27,Month-to-month,Mailed check,0
23,49.92,1148.16,One year,Credit card (automatic),0
20,83.42,1668.4,One year,Bank transfer (automatic),0
14,102.36,1433.04,Month-to-month,Electronic check,1
49,118.35,5799.15,Two year,Mailed check,1
1,37.36,37.36,Month-to-month,Bank transfer (automatic),1
42,65.06,2732.52,Two year,Bank transfer (automatic),0
20,110.17,2203.4,One year,Electronic check,1
20,29.54,590.8,One year,Electronic check,0
32,58.09,1858.88,Two year,Bank transfer (automatic),0
22,109.37,2406.14,Month-to-month,Mailed check,0
20,110.53,2210.6,Month-to-month,Electronic check,1
13,90.04,1170.52,One year,Electronic check,0
23,98.69,2269.87,Month-to-month,Bank transfer (automatic),1
48,22.48,1079.04,Two year,Mailed check,0
4,34.54,138.16,Month-to-month,Credit card (automatic),1
16,49.57,793.12,One year,Electronic check,0
3,109.65,328.95,Month-to-month,Bank transfer (automatic),0
0,64.78,0.0,Month-to-month,Bank transfer (automatic),0
15,42.26,633.9,Month-to-month,Electronic check,1
2,79.32,158.64,Month-to-month,Mailed check,1
64,74.87,4791.68,Two year,Electronic check,0
20,53.6,1072.0,Month-to-month,Electronic check,1
19,48.44,920.36,Month-to-month,Bank transfer (automatic),0
5,34.46,172.3,Month-to-month,Mailed check,1
21,98.31,2064.51,One year,Bank transfer (automatic),1
1,27.5,27.5,Month-to-month,Bank transfer (automatic),1
2,95.36,190.72,Month-to-month,Mailed check,0
3,88.85,266.55,Month-to-month,Mailed check,1
22,39.32,865.04,Month-to-month,Mailed check,1
20,118.69,2373.8,One year,Credit card (automatic),0
23,47.29,1087.67,One year,Credit card (automatic),0
19,54.09,1027.71,Month-to-month,Mailed check,1
22,68.77,1512.94,One year,Mailed check,0
42,117.88,4950.96,Two year,Electronic check,1
3,93.22,279.66,Month-to-month,Bank transfer (automatic),1
12,52.05,624.6,One year,Mailed check,0
15,88.38,1325.7,One year,Electronic check,1
17,51.04,867.68,Month-to-month,Electronic check,1
23,76.03,1748.69,One year,Electronic check,0
45,112.07,5043.15,Two year,Electronic check,0
4,67.11,268.44,Month-to-month,Electronic check,1
45,65.17,2932.65,Two year,Mailed check,0
57,48.53,2766.21,Two year,Electronic check,0
6,76.89,461.34,Month-to-month,Mailed check,1
28,116.9,3273.2,Two year,Credit card (automatic),0
20,72.5,1450.0,Month-to-month,Credit card (automatic),1
13,106.19,1380.47,One year,Electronic check,0
12,45.69,548.28,One year,Electronic check,1
43,40.05,1722.15,Two year,Mailed check,0
24,38.61,926.64,Month-to-month,Credit card (automatic),1
16,33.72,539.52,Month-to-month,Credit card (automatic),1
9,97.1,873.9,Month-to-month,Credit card (automatic),1
57,87.03,4960.71,Two year,Credit card (automatic),0
23,106.21,2442.83,One year,Mailed check,1
19,106.93,2031.67,Month-to-month,Electronic check,1
66,94.05,6207.3,Two year,Electronic check,1
15,50.73,760.95,One year,Bank transfer (automatic),1
14,86.45,1210.3,Month-to-month,Electronic check,1
19,75.08,1426.52,Month-to-month,Electronic check,1
8,32.44,259.52,Month-to-month,Mailed check,0
2,49.76,99.52,Month-to-month,Electronic check,0
0,66.02,0.0,Month-to-month,Electronic check,1
13,57.98,753.74,Month-to-month,Electronic check,1
68,89.34,6075.12,Two year,Bank transfer (automatic),0
22,95.36,2097.92,Month-to-month,Credit card (automatic),0
24,65.5,1572.0,Month-to-month,Credit card (automatic),1
53,27.92,1479.76,Two year,Credit card (automatic),0
19,41.63,790.97,One year,Bank transfer (automatic),1
47,57.99,2725.53,Two year,Bank transfer (automatic),0
17,64.23,1091.91,One year,Credit card (automatic),1
14,104.27,1459.78,Month-to-month,Mailed check,1
16,28.5,456.0,Month-to-month,Bank transfer (automatic),0
65,25.23,1639.95,Two year,Electronic check,0
7,81.33,569.31,Month-to-month,Bank transfer (automatic),1
45,39.24,1765.8,Two year,Mailed check,0
18,98.31,1769.58,Month-to-month,Credit card (automatic),1
2,93.42,186.84,Month-to-month,Bank transfer (automatic),0
62,65.22,4043.64,Two year,Electronic check,0
49,25.1,1229.9,Two year,Electronic check,1
48,51.4,2467.2,Two year,Bank transfer (automatic),0
4,108.5,434.0,Month-to-month,Electronic check,1
14,85.41,1195.74,One year,Electronic check,1
14,37.96,531.44,Month-to-month,Bank transfer (automatic),0
21,49.06,1030.26,Month-to-month,Bank transfer (automatic),0
11,119.01,1309.11,Month-to-month,Credit card (automatic),1
14,104.96,1469.44,One year,Mailed check,1
24,89.74,2153.76,Two year,Credit card (automatic),0
0,41.99,0.0,Month-to-month,Credit card (automatic),0
12,59.42,713.04,Month-to-month,Electronic check,1
4,37.2,148.8,Month-to-month,Electronic check,1
33,47.42,1564.86,Two year,Credit card (automatic),0
20,19.6,392.0,Month-to-month,Electronic check,1
4,26.64,106.56,Month-to-month,Mailed check,1
22,79.65,1752.3,Month-to-month,Mailed check,1
17,101.65,1728.05,Month-to-month,Mailed check,1
0,76.95,0.0,Month-to-month,Mailed check,0
13,112.51,1462.63,Month-to-month,Mailed check,1
15,89.9,1348.5,Month-to-month,Electronic check,1
4,92.48,369.92,Month-to-month,Bank transfer (automatic),1
41,65.42,2682.22,Two year,Bank transfer (automatic),0
54,82.33,4445.82,Two year,Electronic check,0
20,99.41,1988.2,One year,Bank transfer (automatic),1
24,19.1,458.4,Month-to-month,Electronic check,1
45,60.94,2742.3,Two year,Bank transfer (automatic),0
26,88.9,2311.4,Two year,Electronic check,0
8,24.26,194.08,Month-to-month,Credit card (automatic),1
9,100.51,904.59,Month-to-month,Electronic check,1
16,25.84,413.44,Month-to-month,Electronic check,0
8,105.5,844.0,Month-to-month,Bank transfer (automatic),1
18,93.37,1680.66,Month-to-month,Electronic check,1
22,42.09,925.98,Month-to-month,Electronic check,1
2,116.67,233.34,Month-to-month,Electronic check,1
72,119.35,8593.2,Two year,Credit card (automatic),0
20,35.06,701.2,Month-to-month,Mailed check,1
40,95.06,3802.4,Two year,Electronic check,1
9,66.58,599.22,Month-to-month,Mailed check,0
67,89.97,6027.99,Two year,Electronic check,0
0,47.46,0.0,Month-to-month,Credit card (automatic),0
16,87.65,1402.4,Month-to-month,Electronic check,1
51,80.27,4093.77,Two year,Bank transfer (automatic),0
3,44.05,132.15,Month-to-month,Electronic check,1
7,92.9,650.3,Month-to-month,Bank transfer (automatic),1
22,119.31,2624.82,Month-to-month,Electronic check,1
2,19.22,38.44,Month-to-month,Electronic check,1
7,91.98,643.86,Month-to-month,Mailed check,1
1,113.73,113.73,Month-to-month,Bank transfer (automatic),1
64,30.42,1946.88,Two year,Credit card (automatic),0
12,84.95,1019.4,Month-to-month,Bank transfer (automatic),0
13,88.96,1156.48,One year,Credit card (automatic),1
20,64.25,1285.0,Month-to-month,Credit card (automatic),0
22,96.53,2123.66,One year,Bank transfer (automatic),1
24,24.36,584.64,Month-to-month,Electronic check,1
40,36.15,1446.0,Two year,Electronic check,1
49,36.2,1773.8,Two year,Electronic check,0
6,80.62,483.72,Month-to-month,Bank transfer (automatic),1
1,25.44,25.44,Month-to-month,Electronic check,1
15,33.18,497.7,Month-to-month,Mailed check,0
41,33.46,1371.86,Two year,Bank transfer (automatic),0
22,113.87,2505.14,Month-to-month,Electronic check,1
24,100.85,2420.4,Month-to-month,Credit card (automatic),1
22,101.43,2231.46,Month-to-month,Mailed check,1
17,52.01,884.17,One year,Credit card (automatic),0
20,27.25,545.0,Month-to-month,Credit card (automatic),0
53,95.57,5065.21,Two year,Electronic check,0
12,85.39,1024.68,Month-to-month,Bank transfer (automatic),1
22,54.64,1202.08,Month-to-month,Electronic check,1
14,21.64,302.96,One year,Bank transfer (automatic),1
48,24.43,1172.64,Two year,Electronic check,0
14,116.59,1632.26,Month-to-month,Mailed check,1
23,22.37,514.51,Month-to-month,Electronic check,1
53,113.89,6036.17,Two year,Bank transfer (automatic),0
7,112.33,786.31,Month-to-month,Bank transfer (automatic),1
15,110.53,1657.95,Month-to-month,Bank transfer (automatic),1
0,35.57,0.0,Month-to-month,Bank transfer (automatic),1
14,80.35,1124.9,Month-to-month,Credit card (automatic),0
3,68.71,206.13,Month-to-month,Credit card (automatic),0
13,52.41,681.33,Month-to-month,Credit card (automatic),0
13,117.54,1528.02,One year,Mailed check,0
6,95.95,575.7,Month-to-month,Credit card (automatic),1
4,95.27,381.08,Month-to-month,Electronic check,1
7,112.42,786.94,Month-to-month,Electronic check,1
19,56.37,1071.03,Month-to-month,Credit card (automatic),1
24,36.3,871.2,Two year,Electronic check,1
18,88.74,1597.32,One year,Credit card (automatic),0
4,83.26,333.04,Month-to-month,Electronic check,1
19,88.55,1682.45,Month-to-month,Credit card (automatic),0
13,81.97,1065.61,One year,Bank transfer (automatic),0
7,37.57,262.99,Month-to-month,Electronic check,0
72,118.65,8542.8,Two year,Bank transfer (automatic),0
6,46.2,277.2,Month-to-month,Bank transfer (automatic),1
54,68.75,3712.5,Two year,Bank transfer (automatic),0
47,47.08,2212.76,Two year,Electronic check,0
24,64.22,1541.28,Month-to-month,Credit card (automatic),1
5,98.12,490.6,Month-to-month,Mailed check,1
23,63.37,1457.51,Month-to-month,Credit card (automatic),0
10,41.47,414.7,Month-to-month,Bank transfer (automatic),1
13,106.73,1387.49,Month-to-month,Electronic check,1
15,23.54,353.1,Month-to-month,Mailed check,1
5,57.51,287.55,Month-to-month,Bank transfer (automatic),1
16,38.63,618.08,One year,Bank transfer (automatic),1
14,29.33,410.62,One year,Electronic check,1
7,108.41,758.87,Month-to-month,Bank transfer (automatic),1
21,110.37,2317.77,One year,Bank transfer (automatic),0
18,105.41,1897.38,One year,Electronic check,1
53,46.48,2463.44,Two year,Bank transfer (automatic),0
17,62.29,1058.93,One year,Electronic check,1
60,109.62,6577.2,Two year,Credit card (automatic),0
23,96.4,2217.2,Month-to-month,Credit card (automatic),1
22,101.77,2238.94,Month-to-month,Mailed check,1
0,88.7,0.0,Month-to-month,Bank transfer (automatic),1
7,84.06,588.42,Month-to-month,Mailed check,1
22,64.85,1426.7,Month-to-month,Electronic check,1
19,96.73,1837.87,One year,Credit card (automatic),0
11,81.93,901.23,Month-to-month,Credit card (automatic),0
12,109.13,1309.56,Month-to-month,Bank transfer (automatic),1
8,89.2,713.6,Month-to-month,Mailed check,1
22,26.26,577.72,One year,Electronic check,0
22,55.13,1212.86,One year,Electronic check,1
1,55.29,55.29,Month-to-month,Mailed check,1
23,96.9,2228.7,One year,Electronic check,1
20,66.81,1336.2,Month-to-month,Mailed check,0
15,94.82,1422.3,One year,Credit card (automatic),0
16,87.38,1398.08,Month-to-month,Credit card (automatic),1
15,69.15,1037.25,Month-to-month,Electronic check,0
17,109.74,1865.58,Month-to-month,Mailed check,1
22,100.5,2211.0,Month-to-month,Bank transfer (automatic),0
14,26.91,376.74,Month-to-month,Credit card (automatic),1
2,29.16,58.32,Month-to-month,Credit card (automatic),1
15,71.11,1066.65,One year,Mailed check,0
17,113.04,1921.68,Month-to-month,Credit card (automatic),1
0,47.73,0.0,Month-to-month,Bank transfer (automatic),1
57,83.76,4774.32,Two year,Electronic check,0
10,67.59,675.9,Month-to-month,Bank transfer (automatic),0
14,49.02,686.28,Month-to-month,Mailed check,1
16,41.13,658.08,One year,Electronic check,1
4,54.02,216.08,Month-to-month,Credit card (automatic),1
22,72.6,1597.2,Month-to-month,Credit card (automatic),1
21,99.03,2079.63,Month-to-month,Bank transfer (automatic),1
18,30.9,556.2,Month-to-month,Credit card (automatic),1
1,85.89,85.89,Month-to-month,Bank transfer (automatic),0
5,72.43,362.15,Month-to-month,Mailed check,1
24,32.83,787.92,Month-to-month,Credit card (automatic),1
23,73.71,1695.33,Month-to-month,Electronic check,1
16,116.9,1870.4,One year,Electronic check,0
60,92.31,5538.6,Two year,Bank transfer (automatic),0
15,109.82,1647.3,Month-to-month,Electronic check,1
18,80.99,1457.82,One year,Electronic check,1
19,83.41,1584.79,Month-to-month,Electronic check,1
8,37.96,303.68,Month-to-month,Credit card (automatic),1
29,117.54,3408.66,Two year,Bank transfer (automatic),0
16,114.23,1827.68,Month-to-month,Bank transfer (automatic),0
13,55.7,724.1,Month-to-month,Electronic check,1
14,107.18,1500.52,Month-to-month,Mailed check,1
18,99.98,1799.64,One year,Mailed check,1
51,92.32,4708.32,Two year,Credit card (automatic),0
33,39.19,1293.27,Two year,Bank transfer (automatic),0
28,113.18,3169.04,Two year,Credit card (automatic),0
20,111.27,2225.4,Month-to-month,Electronic check,1
24,111.32,2671.68,One year,Bank transfer (automatic),1
55,22.31,1227.05,Two year,Electronic check,0
59,93.47,5514.73,Two year,Electronic check,1
43,115.51,4966.93,Two year,Electronic check,0
9,60.55,544.95,Month-to-month,Bank transfer (automatic),1
13,96.0,1248.0,One year,Electronic check,1
47,77.27,3631.69,Two year,Bank transfer (automatic),0
54,117.37,6337.98,Two year,Bank transfer (automatic),0
0,104.22,0.0,Month-to-month,Bank transfer (automatic),1
22,31.82,700.04,Month-to-month,Electronic check,1
11,22.97,252.67,Month-to-month,Mailed check,1
15,96.18,1442.7,One year,Electronic check,1
17,50.91,865.47,Month-to-month,Bank transfer (automatic),1
41,87.92,3604.72,Two year,Credit card (automatic),0
4,19.32,77.28,Month-to-month,Bank transfer (automatic),1
10,111.93,1119.3,Month-to-month,Mailed check,1
6,99.1,594.6,Month-to-month,Mailed check,1
20,90.68,1813.6,One year,Credit card (automatic),0
28,29.89,836.92,Two year,Mailed check,1
22,54.98,1209.56,Month-to-month,Electronic check,0
72,116.95,8420.4,Two year,Bank transfer (automatic),0
3,40.68,122.04,Month-to-month,Bank transfer (automatic),0
4,39.4,157.6,Month-to-month,Electronic check,0
3,25.93,77.79,Month-to-month,Bank transfer (automatic),0
13,21.34,277.42,One year,Electronic check,0
16,22.41,358.56,One year,Mailed check,1
3,111.85,335.55,Month-to-month,Electronic check,1
46,20.98,965.08,Two year,Electronic check,1
21,53.48,1123.08,One year,Electronic check,1
7,69.5,486.5,Month-to-month,Bank transfer (automatic),1
57,40.13,2287.41,Two year,Bank transfer (automatic),0
17,18.44,313.48,Month-to-month,Credit card (automatic),0
69,66.42,4582.98,Two year,Credit card (automatic),0
3,36.45,109.35,Month-to-month,Bank transfer (automatic),1
7,59.57,416.99,Month-to-month,Electronic check,1
16,31.86,509.76,Month-to-month,Mailed check,0
12,26.39,316.68,One year,Bank transfer (automatic),0
23,49.82,1145.86,Month-to-month,Mailed check,0
9,118.47,1066.23,Month-to-month,Bank transfer (automatic),1
54,113.79,6144.66,Two year,Credit card (automatic),0
21,28.73,603.33,Month-to-month,Bank transfer (automatic),1
14,58.27,815.78,One year,Electronic check,0
34,24.6,836.4,Two year,Bank transfer (automatic),0
12,30.52,366.24,Month-to-month,Bank transfer (automatic),0
23,96.13,2210.99,One year,Electronic check,0
18,54.32,977.76,One year,Credit card (automatic),0
56,46.45,2601.2,Two year,Credit card (automatic),0
15,41.54,623.1,Month-to-month,Electronic check,0
2,68.81,137.62,Month-to-month,Bank transfer (automatic),1
10,33.58,335.8,Month-to-month,Bank transfer (automatic),0
24,71.03,1704.72,Month-to-month,Electronic check,1
15,68.01,1020.15,Month-to-month,Electronic check,1
17,19.8,336.6,Month-to-month,Credit card (automatic),0
31,57.13,1771.03,Two year,Credit card (automatic),0
1,36.04,36.04,Month-to-month,Mailed check,1
14,68.13,953.82,One year,Credit card (automatic),1
13,76.02,988.26,One year,Mailed check,0
19,66.54,1264.26,One year,Mailed check,0
15,78.29,1174.35,Month-to-month,Mailed check,1
16,50.69,811.04,One year,Bank transfer (automatic),1
11,100.57,1106.27,Month-to-month,Credit card (automatic),1
18,27.93,502.74,One year,Bank transfer (automatic),0
21,42.91,901.11,Month-to-month,Mailed check,1
22,24.68,542.96,Month-to-month,Electronic check,1
10,21.81,218.1,Month-to-month,Electronic check,1
13,45.2,587.6,Month-to-month,Mailed check,0
18,76.18,1371.24,One year,Credit card (automatic),0
22,86.86,1910.92,Month-to-month,Mailed check,1
10,35.0,350.0,Month-to-month,Bank transfer (automatic),1
64,104.43,6683.52,Two year,Electronic check,0
42,45.05,1892.1,Two year,Mailed check,0
21,93.77,1969.17,One year,Credit card (automatic),1
45,45.88,2064.6,Two year,Electronic check,0
11,99.16,1090.76,Month-to-month,Mailed check,1
13,85.67,1113.71,Month-to-month,Credit card (automatic),1
16,64.23,1027.68,Month-to-month,Electronic check,1
22,70.65,1554.3,Month-to-month,Electronic check,1
23,113.69,2614.87,Month-to-month,Bank transfer (automatic),1
24,110.5,2652.0,One year,Credit card (automatic),0
15,55.16,827.4,One year,Electronic check,1
9,104.1,936.9,Month-to-month,Bank transfer (automatic),1
64,38.76,2480.64,Two year,Credit card (automatic),0
40,88.06,3522.4,Two year,Bank transfer (automatic),0
0,43.05,0.0,Month-to-month,Electronic check,1
13,61.05,793.65,Month-to-month,Bank transfer (automatic),0
0,44.36,0.0,Month-to-month,Electronic check,1
12,116.31,1395.72,One year,Electronic check,1
2,50.02,100.04,Month-to-month,Credit card (automatic),1
11,86.51,951.61,Month-to-month,Credit card (automatic),0
4,42.08,168.32,Month-to-month,Credit card (automatic),0
21,102.56,2153.76,Month-to-month,Electronic check,0
29,42.28,1226.12,Two year,Electronic check,1
61,93.2,5685.2,Two year,Electronic check,0
15,32.72,490.8,One year,Credit card (automatic),1
40,106.02,4240.8,Two year,Mailed check,1
3,50.28,150.84,Month-to-month,Bank transfer (automatic),1
24,113.57,2725.68,One year,Credit card (automatic),0
12,83.83,1005.96,One year,Credit card (automatic),0
1,88.45,88.45,Month-to-month,Bank transfer (automatic),0
9,83.17,748.53,Month-to-month,Bank transfer (automatic),0
58,106.43,6172.94,Two year,Bank transfer (automatic),0
12,112.61,1351.32,Month-to-month,Credit card (automatic),0
24,42.02,1008.48,Month-to-month,Credit card (automatic),1
64,50.35,3222.4,Two year,Credit card (automatic),0
16,106.38,1702.08,One year,Credit card (automatic),0
50,112.5,5625.0,Two year,Mailed check,0
3,102.09,306.27,Month-to-month,Credit card (automatic),1
19,92.38,1755.22,Month-to-month,Mailed check,1
24,23.31,559.44,Month-to-month,Bank transfer (automatic),0
14,18.31,256.34,One year,Credit card (automatic),1
3,34.1,102.3,Month-to-month,Bank transfer (automatic),1
72,31.27,2251.44,Two year,Credit card (automatic),0
14,66.79,935.06,Month-to-month,Credit card (automatic),0
10,99.55,995.5,Month-to-month,Bank transfer (automatic),1
12,114.37,1372.44,Month-to-month,Electronic check,1
17,84.0,1428.0,Month-to-month,Credit card (automatic),0
36,44.7,1609.2,Two year,Credit card (automatic),0
19,44.54,846.26,Month-to-month,Bank transfer (automatic),1
3,19.44,58.32,Month-to-month,Credit card (automatic),1
22,68.4,1504.8,One year,Credit card (automatic),0
8,47.37,378.96,Month-to-month,Credit card (automatic),1
19,39.99,759.81,Month-to-month,Credit card (automatic),0
14,59.67,835.38,One year,Electronic check,1
19,64.0,1216.0,Month-to-month,Electronic check,1
13,19.05,247.65,One year,Bank transfer (automatic),1
21,39.65,832.65,Month-to-month,Bank transfer (automatic),1
2,27.72,55.44,Month-to-month,Bank transfer (automatic),1
11,119.67,1316.37,Month-to-month,Electronic check,1
71,100.61,7143.31,Two year,Bank transfer (automatic),1
12,86.47,1037.64,Month-to-month,Mailed check,1
35,44.55,1559.25,Two year,Electronic check,0
32,27.14,868.48,Two year,Credit card (automatic),0
10,22.5,225.0,Month-to-month,Electronic check,1
71,54.78,3889.38,Two year,Credit card (automatic),0
72,112.53,8102.16,Two year,Electronic check,0
23,119.45,2747.35,Month-to-month,Electronic check,1
21,82.94,1741.74,Month-to-month,Credit card (automatic),1
5,21.66,108.3,Month-to-month,Electronic check,1
19,22.16,421.04,One year,Mailed check,0
19,29.47,559.93,One year,Mailed check,0
6,106.55,639.3,Month-to-month,Electronic check,1
8,75.45,603.6,Month-to-month,Mailed check,1
0,71.65,0.0,Month-to-month,Credit card (automatic),1
24,68.81,1651.44,Month-to-month,Electronic check,1
21,30.44,639.24,Month-to-month,Electronic check,1
44,33.69,1482.36,Two year,Electronic check,1
53,82.09,4350.77,Two year,Bank transfer (automatic),0
12,84.93,1019.16,One year,Electronic check,0
23,110.5,2541.5,Month-to-month,Bank transfer (automatic),0
20,46.86,937.2,Month-to-month,Credit card (automatic),0
21,56.9,1194.9,One year,Mailed check,0
12,27.1,325.2,Month-to-month,Credit card (automatic),0
9,84.01,756.09,Month-to-month,Bank transfer (automatic),0
13,93.06,1209.78,Month-to-month,Electronic check,0
46,85.88,3950.48,Two year,Bank transfer (automatic),0
12,66.6,799.2,Month-to-month,Mailed check,1
11,80.61,886.71,Month-to-month,Bank transfer (automatic),1
10,117.27,1172.7,Month-to-month,Electronic check,1
19,71.78,1363.82,One year,Bank transfer (automatic),0
2,110.54,221.08,Month-to-month,Mailed check,1
9,103.84,934.56,Month-to-month,Electronic check,1
2,111.56,223.12,Month-to-month,Electronic check,1
14,85.41,1195.74,Month-to-month,Mailed check,1
2,96.4,192.8,Month-to-month,Electronic check,1
24,36.59,878.16,One year,Mailed check,0
9,50.02,450.18,Month-to-month,Credit card (automatic),0
24,45.04,1080.96,One year,Mailed check,0
35,25.98,909.3,Two year,Electronic check,0
13,72.51,942.63,Month-to-month,Bank transfer (automatic),1
15,64.94,974.1,Month-to-month,Electronic check,1
23,67.65,1555.95,One year,Bank transfer (automatic),0
67,116.24,7788.08,Two year,Mailed check,0
32,19.42,621.44,Two year,Electronic check,1
0,39.34,0.0,Month-to-month,Credit card (automatic),0
22,105.54,2321.88,One year,Mailed check,0
4,66.35,265.4,Month-to-month,Bank transfer (automatic),1
22,63.42,1395.24,Month-to-month,Electronic check,1
7,38.54,269.78,Month-to-month,Mailed check,1
24,28.47,683.28,Two year,Electronic check,0
15,93.18,1397.7,Month-to-month,Mailed check,1
19,58.77,1116.63,One year,Electronic check,0
19,41.65,791.35,One year,Credit card (automatic),1
17,24.48,416.16,Month-to-month,Bank transfer (automatic),0
15,81.52,1222.8,Month-to-month,Mailed check,1
5,47.38,236.9,Month-to-month,Mailed check,1
7,77.94,545.58,Month-to-month,Electronic check,1
69,85.01,5865.69,Two year,Credit card (automatic),0
13,102.97,1338.61,Month-to-month,Bank transfer (automatic),1
24,117.04,2808.96,One year,Credit card (automatic),1
2,86.04,172.08,Month-to-month,Bank transfer (automatic),1
3,98.94,296.82,Month-to-month,Bank transfer (automatic),0
17,22.8,387.6,Month-to-month,Electronic check,1
34,35.82,1217.88,Two year,Mailed check,0
10,61.92,619.2,Month-to-month,Credit card (automatic),0
8,119.35,954.8,Month-to-month,Electronic check,1
20,45.28,905.6,One year,Bank transfer (automatic),1
22,28.62,629.64,One year,Mailed check,1
72,29.31,2110.32,Two year,Credit card (automatic),0
13,102.01,1326.13,One year,Credit card (automatic),1
6,110.92,665.52,Month-to-month,Bank transfer (automatic),1
16,68.84,1101.44,Month-to-month,Mailed check,0
4,30.54,122.16,Month-to-month,Mailed check,1
24,43.02,1032.48,Two year,Bank transfer (automatic),0
2,45.13,90.26,Month-to-month,Mailed check,0
7,33.46,234.22,Month-to-month,Bank transfer (automatic),0
13,60.17,782.21,Month-to-month,Electronic check,1
21,54.9,1152.9,Month-to-month,Credit card (automatic),1
16,114.25,1828.0,Month-to-month,Electronic check,1
5,62.28,311.4,Month-to-month,Credit card (automatic),1
4,110.06,440.24,Month-to-month,Credit card (automatic),1
22,107.33,2361.26,One year,Bank transfer (automatic),0
22,74.47,1638.34,Month-to-month,Credit card (automatic),1
12,102.35,1228.2,One year,Credit card (automatic),0
18,63.51,1143.18,One year,Electronic check,1
20,63.1,1262.0,Month-to-month,Credit card (automatic),1
36,107.86,3882.96,Two year,Bank transfer (automatic),1
23,93.49,2150.27,Month-to-month,Mailed check,1
29,70.19,2035.51,Two year,Electronic check,0
0,20.84,0.0,Month-to-month,Bank transfer (automatic),0
24,49.0,1176.0,One year,Electronic check,1
11,44.5,489.5,Month-to-month,Bank transfer (automatic),1
3,63.77,191.31,Month-to-month,Bank transfer (automatic),1
7,100.15,701.05,Month-to-month,Electronic check,0
22,85.88,1889.36,One year,Credit card (automatic),0
21,98.05,2059.05,Month-to-month,Electronic check,1
20,93.23,1864.6,One year,Bank transfer (automatic),1
24,54.85,1316.4,Month-to-month,Electronic check,1
13,27.41,356.33,One year,Credit card (automatic),0
2,55.67,111.34,Month-to-month,Electronic check,1
18,106.95,1925.1,One year,Mailed check,0
23,112.97,2598.31,One year,Credit card (automatic),0
33,69.59,2296.47,Two year,Credit card (automatic),0
16,106.05,1696.8,Month-to-month,Credit card (automatic),1
23,34.0,782.0,Month-to-month,Mailed check,1
50,29.25,1462.5,Two year,Electronic check,0
3,55.89,167.67,Month-to-month,Mailed check,0
4,32.5,130.0,Month-to-month,Mailed check,1
9,39.99,359.91,Month-to-month,Credit card (automatic),0
11,24.89,273.79,Month-to-month,Electronic check,1
14,109.83,1537.62,Month-to-month,Electronic check,1
19,31.55,599.45,Month-to-month,Bank transfer (automatic),1
22,63.81,1403.82,One year,Bank transfer (automatic),0
21,81.61,1713.81,Month-to-month,Credit card (automatic),1
26,115.72,3008.72,Two year,Electronic check,0
14,90.14,1261.96,One year,Bank transfer (automatic),0
59,83.81,4944.79,Two year,Bank transfer (automatic),0
17,76.84,1306.28,Month-to-month,Credit card (automatic),1
19,69.27,1316.13,One year,Electronic check,1
12,46.05,552.6,One year,Mailed check,1
61,63.31,3861.91,Two year,Credit card (automatic),0
12,68.13,817.56,One year,Mailed check,0
0,105.68,0.0,Month-to-month,Electronic check,1
3,73.26,219.78,Month-to-month,Electronic check,1
4,49.29,197.16,Month-to-month,Bank transfer (automatic),1
10,36.51,365.1,Month-to-month,Bank transfer (automatic),0
4,60.11,240.44,Month-to-month,Electronic check,1
3,23.29,69.87,Month-to-month,Credit card (automatic),1
20,94.74,1894.8,One year,Electronic check,1
14,74.42,1041.88,Month-to-month,Electronic check,1
0,45.45,0.0,Month-to-month,Bank transfer (automatic),0
20,84.46,1689.2,One year,Electronic check,1
22,69.04,1518.88,One year,Mailed check,0
5,97.77,488.85,Month-to-month,Mailed check,1
14,22.26,311.64,Month-to-month,Credit card (automatic),0
65,117.15,7614.75,Two year,Bank transfer (automatic),1
62,43.59,2702.58,Two year,Mailed check,0
37,77.69,2874.53,Two year,Credit card (automatic),0
18,25.13,452.34,Month-to-month,Bank transfer (automatic),1
23,74.76,1719.48,One year,Credit card (automatic),0
10,108.16,1081.6,Month-to-month,Bank transfer (automatic),0
23,64.18,1476.14,One year,Credit card (automatic),0
53,115.82,6138.46,Two year,Electronic check,1
24,80.1,1922.4,Two year,Electronic check,1
17,109.32,1858.44,Month-to-month,Electronic check,1
24,107.43,2578.32,One year,Mailed check,0
21,63.41,1331.61,Month-to-month,Credit card (automatic),1
62,54.51,3379.62,Two year,Mailed check,0
12,30.73,368.76,One year,Bank transfer (automatic),0
23,20.02,460.46,Month-to-month,Electronic check,1
29,101.26,2936.54,Two year,Mailed check,0
55,116.66,6416.3,Two year,Electronic check,1
19,39.33,747.27,Month-to-month,Bank transfer (automatic),1
41,76.05,3118.05,Two year,Mailed check,0
21,86.56,1817.76,One year,Bank transfer (automatic),0
23,24.64,566.72,Month-to-month,Bank transfer (automatic),1
20,92.35,1847.0,One year,Electronic check,1
68,87.13,5924.84,Two year,Electronic check,0
12,113.66,1363.92,One year,Credit card (automatic),0
44,62.12,2733.28,Two year,Electronic check,0
14,68.55,959.7,Month-to-month,Bank transfer (automatic),1
1,46.35,46.35,Month-to-month,Bank transfer (automatic),1
6,52.14,312.84,Month-to-month,Electronic check,0
38,117.77,4475.26,Two year,Credit card (automatic),0
5,51.58,257.9,Month-to-month,Electronic check,1
18,100.42,1807.56,One year,Electronic check,1
16,43.21,691.36,One year,Electronic check,0
45,71.01,3195.45,Two year,Credit card (automatic),0
14,95.94,1343.16,Month-to-month,Bank transfer (automatic),1
12,111.5,1338.0,One year,Electronic check,1
32,24.32,778.24,Two year,Bank transfer (automatic),0
13,24.71,321.23,Month-to-month,Bank transfer (automatic),0
18,58.97,1061.46,One year,Electronic check,0
21,81.65,1714.65,Month-to-month,Credit card (automatic),1
19,81.16,1542.04,Month-to-month,Mailed check,1
53,70.76,3750.28,Two year,Credit card (automatic),0
22,24.89,547.58,Month-to-month,Electronic check,0
20,69.91,1398.2,Month-to-month,Bank transfer (automatic),1
5,42.8,214.0,Month-to-month,Bank transfer (automatic),0
13,70.34,914.42,Month-to-month,Electronic check,1
17,97.1,1650.7,Month-to-month,Bank transfer (automatic),1
11,116.97,1286.67,Month-to-month,Electronic check,1
15,69.73,1045.95,One year,Electronic check,0
36,117.6,4233.6,Two year,Mailed check,0
6,86.12,516.72,Month-to-month,Electronic check,1
45,104.9,4720.5,Two year,Bank transfer (automatic),0
10,34.55,345.5,Month-to-month,Electronic check,1
15,111.84,1677.6,One year,Electronic check,1
15,42.38,635.7,One year,Mailed check,0
71,56.34,4000.14,Two year,Electronic check,0
24,25.52,612.48,Two year,Electronic check,1
6,82.4,494.4,Month-to-month,Electronic check,0
6,38.18,229.08,Month-to-month,Credit card (automatic),1
45,104.45,4700.25,Two year,Bank transfer (automatic),0
8,110.89,887.12,Month-to-month,Electronic check,1
24,108.27,2598.48,One year,Mailed check,1
11,100.57,1106.27,Month-to-month,Mailed check,1
63,107.93,6799.59,Two year,Credit card (automatic),0
4,99.08,396.32,Month-to-month,Electronic check,1
19,61.81,1174.39,Month-to-month,Mailed check,0
61,37.29,2274.69,Two year,Bank transfer (automatic),0
12,82.2,986.4,One year,Electronic check,1
18,108.36,1950.48,Month-to-month,Mailed check,1
21,80.72,1695.12,Month-to-month,Mailed check,1
24,69.93,1678.32,Month-to-month,Credit card (automatic),1
11,71.6,787.6,Month-to-month,Electronic check,1
61,58.9,3592.9,Two year,Mailed check,0
15,109.28,1639.2,One year,Electronic check,1
13,108.65,1412.45,Month-to-month,Electronic check,1
59,26.65,1572.35,Two year,Mailed check,0
7,77.56,542.92,Month-to-month,Mailed check,1
19,62.12,1180.28,One year,Mailed check,0
0,36.32,0.0,Month-to-month,Electronic check,1
13,48.04,624.52,One year,Mailed check,0
8,112.51,900.08,Month-to-month,Electronic check,1
6,52.04,312.24,Month-to-month,Electronic check,1
24,87.72,2105.28,Month-to-month,Bank transfer (automatic),1
24,91.05,2185.2,One year,Credit card (automatic),0
9,101.88,916.92,Month-to-month,Bank transfer (automatic),0
18,95.3,1715.4,Month-to-month,Mailed check,1
14,106.28,1487.92,One year,Credit card (automatic),1
15,70.61,1059.15,One year,Electronic check,0
19,52.75,1002.25,One year,Bank transfer (automatic),1
68,60.6,4120.8,Two year,Mailed check,0
32,76.91,2461.12,Two year,Electronic check,1
66,103.1,6804.6,Two year,Electronic check,0
12,95.81,1149.72,Month-to-month,Bank transfer (automatic),0
18,98.11,1765.98,Month-to-month,Bank transfer (automatic),0
10,75.96,759.6,Month-to-month,Credit card (automatic),0
49,117.98,5781.02,Two year,Bank transfer (automatic),0
6,66.43,398.58,Month-to-month,Mailed check,1
43,27.51,1182.93,Two year,Bank transfer (automatic),0
23,79.54,1829.42,One year,Electronic check,1
12,46.95,563.4,Month-to-month,Credit card (automatic),1
12,55.6,667.2,One year,Electronic check,1
12,34.02,408.24,Month-to-month,Credit card (automatic),1
2,57.68,115.36,Month-to-month,Mailed check,0
9,62.08,558.72,Month-to-month,Credit card (automatic),0
9,77.92,701.28,Month-to-month,Bank transfer (automatic),1
12,119.09,1429.08,One year,Electronic check,1
39,71.64,2793.96,Two year,Bank transfer (automatic),0
60,21.99,1319.4,Two year,Mailed check,0
17,89.43,1520.31,One year,Credit card (automatic),0
5,60.34,301.7,Month-to-month,Bank transfer (automatic),1
18,110.9,1996.2,One year,Mailed check,1
12,42.45,509.4,One year,Mailed check,0
9,86.0,774.0,Month-to-month,Bank transfer (automatic),1
19,59.95,1139.05,One year,Credit card (automatic),0
24,28.73,689.52,Month-to-month,Mailed check,0
8,39.15,313.2,Month-to-month,Mailed check,1
21,94.47,1983.87,Month-to-month,Bank transfer (automatic),1
18,21.85,393.3,One year,Credit card (automatic),0
22,94.36,2075.92,One year,Electronic check,1
7,90.79,635.53,Month-to-month,Mailed check,1
5,35.4,177.0,Month-to-month,Electronic check,1
17,93.63,1591.71,Month-to-month,Electronic check,1
16,33.66,538.56,One year,Electronic check,1
21,72.29,1518.09,Month-to-month,Electronic check,1
16,83.38,1334.08,Month-to-month,Bank transfer (automatic),0
43,63.29,2721.47,Two year,Mailed check,0
6,112.74,676.44,Month-to-month,Mailed check,1
13,20.85,271.05,Month-to-month,Electronic check,1
28,40.5,1134.0,Two year,Bank transfer (automatic),0
34,91.85,3122.9,Two year,Credit card (automatic),1
10,75.33,753.3,Month-to-month,Credit card (automatic),1
13,30.32,394.16,Month-to-month,Mailed check,1
12,84.71,1016.52,Month-to-month,Electronic check,1
21,101.14,2123.94,Month-to-month,Electronic check,1
6,59.93,359.58,Month-to-month,Electronic check,1
22,72.69,1599.18,Month-to-month,Credit card (automatic),0
30,79.19,2375.7,Two year,Electronic check,0
24,88.76,2130.24,One year,Bank transfer (automatic),0
17,117.76,2001.92,One year,Credit card (automatic),0
18,63.79,1148.22,Month-to-month,Electronic check,1
23,118.81,2732.63,One year,Mailed check,1
16,42.11,673.76,One year,Credit card (automatic),0
4,56.2,224.8,Month-to-month,Electronic check,1
1,42.28,42.28,Month-to-month,Electronic check,1
45,31.7,1426.5,Two year,Mailed check,0
24,117.71,2825.04,One year,Electronic check,0
23,51.79,1191.17,Month-to-month,Electronic check,1
21,118.81,2495.01,Month-to-month,Credit card (automatic),0
18,71.19,1281.42,One year,Electronic check,1
19,25.14,477.66,One year,Electronic check,1
15,30.81,462.15,One year,Electronic check,1
6,42.1,252.6,Month-to-month,Credit card (automatic),1
23,38.15,877.45,One year,Electronic check,1
21,63.72,1338.12,One year,Electronic check,0
2,115.0,230.0,Month-to-month,Credit card (automatic),1
13,69.54,904.02,Month-to-month,Mailed check,0
24,67.16,1611.84,One year,Credit card (automatic),0
9,78.71,708.39,Month-to-month,Electronic check,1
19,49.2,934.8,One year,Electronic check,1
17,31.94,542.98,One year,Mailed check,0
0,105.89,0.0,Month-to-month,Electronic check,1
13,113.91,1480.83,Month-to-month,Mailed check,0
20,118.73,2374.6,Month-to-month,Mailed check,1
31,57.25,1774.75,Two year,Credit card (automatic),0
8,96.67,773.36,Month-to-month,Mailed check,1
20,88.23,1764.6,Month-to-month,Bank transfer (automatic),0
23,43.17,992.91,One year,Credit card (automatic),0
69,87.0,6003.0,Two year,Mailed check,0
19,114.32,2172.08,One year,Electronic check,1
21,103.83,2180.43,Month-to-month,Bank transfer (automatic),1
18,58.56,1054.08,One year,Bank transfer (automatic),0
36,107.35,3864.6,Two year,Mailed check,1
16,116.7,1867.2,Month-to-month,Bank transfer (automatic),1
13,94.75,1231.75,Month-to-month,Electronic check,0
60,97.22,5833.2,Two year,Electronic check,0
23,58.59,1347.57,Month-to-month,Bank transfer (automatic),1
24,27.88,669.12,Two year,Credit card (automatic),0
9,92.77,834.93,Month-to-month,Mailed check,1
6,67.62,405.72,Month-to-month,Bank transfer (automatic),1
6,36.94,221.64,Month-to-month,Bank transfer (automatic),1
8,118.26,946.08,Month-to-month,Bank transfer (automatic),0
3,106.57,319.71,Month-to-month,Credit card (automatic),1
8,24.55,196.4,Month-to-month,Mailed check,1
24,28.28,678.72,Month-to-month,Mailed check,1
21,98.5,2068.5,One year,Electronic check,1
12,79.5,954.0,Month-to-month,Credit card (automatic),0
19,95.2,1808.8,One year,Credit card (automatic),0
10,119.94,1199.4,Month-to-month,Bank transfer (automatic),0
48,80.3,3854.4,Two year,Bank transfer (automatic),0
24,64.61,1550.64,Two year,Credit card (automatic),0
14,20.62,288.68,One year,Credit card (automatic),1
24,101.14,2427.36,Month-to-month,Credit card (automatic),1
19,70.52,1339.88,One year,Bank transfer (automatic),0
10,19.7,197.0,Month-to-month,Bank transfer (automatic),1
10,87.15,871.5,Month-to-month,Credit card (automatic),1
2,53.53,107.06,Month-to-month,Bank transfer (automatic),0
66,105.42,6957.72,Two year,Mailed check,0
15,90.62,1359.3,One year,Electronic check,0
69,69.47,4793.43,Two year,Credit card (automatic),0
67,119.62,8014.54,Two year,Electronic check,0
3,67.18,201.54,Month-to-month,Credit card (automatic),1
21,89.39,1877.19,Month-to-month,Electronic check,1
44,110.07,4843.08,Two year,Electronic check,0
15,115.05,1725.75,Month-to-month,Electronic check,1
22,91.99,2023.78,One year,Credit card (automatic),1
21,96.17,2019.57,One year,Credit card (automatic),0
23,93.78,2156.94,One year,Mailed check,0
18,100.46,1808.28,One year,Credit card (automatic),1
2,52.7,105.4,Month-to-month,Electronic check,1
18,55.51,999.18,Month-to-month,Credit card (automatic),0
24,49.7,1192.8,Two year,Bank transfer (automatic),0
13,50.6,657.8,Month-to-month,Mailed check,1
20,85.7,1714.0,One year,Credit card (automatic),0
14,50.22,703.08,Month-to-month,Electronic check,0
21,64.49,1354.29,Month-to-month,Electronic check,1
22,21.5,473.0,Month-to-month,Bank transfer (automatic),1
8,119.68,957.44,Month-to-month,Bank transfer (automatic),1
15,47.73,715.95,Month-to-month,Credit card (automatic),0
4,102.44,409.76,Month-to-month,Credit card (automatic),1
23,93.04,2139.92,One year,Credit card (automatic),0
23,57.96,1333.08,One year,Credit card (automatic),0
12,73.89,886.68,One year,Credit card (automatic),0
24,57.92,1390.08,One year,Credit card (automatic),1
15,89.51,1342.65,One year,Electronic check,1
18,106.32,1913.76,Month-to-month,Electronic check,1
65,34.7,2255.5,Two year,Electronic check,1
14,39.4,551.6,One year,Electronic check,0
11,92.05,1012.55,Month-to-month,Bank transfer (automatic),1
14,56.41,789.74,One year,Credit card (automatic),0
12,27.8,333.6,One year,Electronic check,0
16,84.31,1348.96,Month-to-month,Electronic check,1
49,42.99,2106.51,Two year,Bank transfer (automatic),0
19,115.36,2191.84,Month-to-month,Electronic check,1
21,85.17,1788.57,Month-to-month,Bank transfer (automatic),0
41,82.5,3382.5,Two year,Bank transfer (automatic),0
3,67.9,203.7,Month-to-month,Electronic check,1
18,118.71,2136.78,Month-to-month,Electronic check,1
21,36.47,765.87,One year,Electronic check,0
21,30.77,646.17,One year,Mailed check,0
20,36.86,737.2,One year,Credit card (automatic),0
17,97.91,1664.47,Month-to-month,Bank transfer (automatic),1
17,90.8,1543.6,Month-to-month,Credit card (automatic),0
21,109.56,2300.76,Month-to-month,Bank transfer (automatic),1
20,63.62,1272.4,One year,Electronic check,1
20,34.44,688.8,Month-to-month,Bank transfer (automatic),0
31,69.63,2158.53,Two year,Electronic check,0
21,18.01,378.21,Month-to-month,Mailed check,1
42,85.23,3579.66,Two year,Mailed check,0
20,110.9,2218.0,One year,Bank transfer (automatic),0
23,28.1,646.3,One year,Mailed check,0
9,105.32,947.88,Month-to-month,Electronic check,1
18,54.62,983.16,Month-to-month,Bank transfer (automatic),1
16,44.59,713.44,One year,Electronic check,0
8,87.01,696.08,Month-to-month,Mailed check,0
20,92.73,1854.6,Month-to-month,Electronic check,0
17,75.49,1283.33,One year,Electronic check,0
4,50.27,201.08,Month-to-month,Electronic check,1
7,25.91,181.37,Month-to-month,Credit card (automatic),1
2,51.59,103.18,Month-to-month,Mailed check,1
33,106.62,3518.46,Two year,Bank transfer (automatic),0
7,56.62,396.34,Month-to-month,Mailed check,1
70,107.3,7511.0,Two year,Electronic check,0
46,89.45,4114.7,Two year,Electronic check,0
12,35.42,425.04,One year,Bank transfer (automatic),0
23,87.14,2004.22,Month-to-month,Electronic check,1
18,66.64,1199.52,One year,Credit card (automatic),1
4,85.07,340.28,Month-to-month,Mailed check,1
23,83.2,1913.6,One year,Electronic check,1
18,90.09,1621.62,One year,Bank transfer (automatic),1
56,47.26,2646.56,Two year,Credit card (automatic),0
7,49.13,343.91,Month-to-month,Bank transfer (automatic),0
44,104.22,4585.68,Two year,Mailed check,0
2,34.84,69.68,Month-to-month,Electronic check,1
19,100.45,1908.55,One year,Bank transfer (automatic),1
70,31.92,2234.4,Two year,Bank transfer (automatic),0
20,89.18,1783.6,One year,Bank transfer (automatic),0
23,18.74,431.02,One year,Credit card (automatic),0
23,85.44,1965.12,Month-to-month,Electronic check,0
67,80.14,5369.38,Two year,Credit card (automatic),0
72,71.4,5140.8,Two year,Bank transfer (automatic),0
16,54.04,864.64,Month-to-month,Credit card (automatic),1
3,52.47,157.41,Month-to-month,Electronic check,1
31,47.59,1475.29,Two year,Credit card (automatic),0
20,76.02,1520.4,Month-to-month,Electronic check,1
20,70.58,1411.6,Month-to-month,Credit card (automatic),0
55,23.86,1312.3,Two year,Credit card (automatic),0
3,18.53,55.59,Month-to-month,Electronic check,0
3,61.94,185.82,Month-to-month,Mailed check,1
13,30.63,398.19,Month-to-month,Credit card (automatic),1
7,66.01,462.07,Month-to-month,Bank transfer (automatic),1
17,100.78,1713.26,Month-to-month,Credit card (automatic),1
5,32.27,161.35,Month-to-month,Credit card (automatic),0
22,38.24,841.28,Month-to-month,Credit card (automatic),1
23,51.78,1190.94,Month-to-month,Mailed check,1
22,118.26,2601.72,One year,Credit card (automatic),1
21,90.86,1908.06,Month-to-month,Mailed check,1
20,92.05,1841.0,One year,Credit card (automatic),0
30,98.86,2965.8,Two year,Electronic check,1
21,42.12,884.52,Month-to-month,Electronic check,1
23,18.82,432.86,Month-to-month,Credit card (automatic),0
13,43.27,562.51,Month-to-month,Electronic check,1
24,29.73,713.52,Month-to-month,Electronic check,1
18,38.24,688.32,One year,Bank transfer (automatic),0
56,80.33,4498.48,Two year,Bank transfer (automatic),0
33,41.4,1366.2,Two year,Bank transfer (automatic),0
4,61.48,245.92,Month-to-month,Credit card (automatic),0
13,71.55,930.15,Month-to-month,Electronic check,1
51,66.88,3410.88,Two year,Electronic check,0
16,55.08,881.28,One year,Electronic check,0
12,36.54,438.48,One year,Electronic check,1
16,66.15,1058.4,One year,Electronic check,0
15,55.09,826.35,Month-to-month,Electronic check,1
17,96.59,1642.03,Month-to-month,Electronic check,1
23,97.44,2241.12,Month-to-month,Credit card (automatic),1
6,77.6,465.6,Month-to-month,Bank transfer (automatic),1
19,30.28,575.32,Month-to-month,Bank transfer (automatic),0
36,37.68,1356.48,Two year,Bank transfer (automatic),0
19,52.98,1006.62,Month-to-month,Credit card (automatic),0
70,33.67,2356.9,Two year,Electronic check,1
24,105.05,2521.2,Month-to-month,Bank transfer (automatic),0
52,82.25,4277.0,Two year,Credit card (automatic),0
16,113.0,1808.0,Month-to-month,Mailed check,1
22,116.68,2566.96,Month-to-month,Bank transfer (automatic),1
68,37.4,2543.2,Two year,Electronic check,0
16,117.1,1873.6,Month-to-month,Mailed check,1
24,57.81,1387.44,One year,Mailed check,0
18,40.22,723.96,Month-to-month,Electronic check,1
53,69.39,3677.67,Two year,Credit card (automatic),0
9,90.24,812.16,Month-to-month,Credit card (automatic),1
7,47.77,334.39,Month-to-month,Electronic check,1
32,45.58,1458.56,Two year,Electronic check,0
15,72.53,1087.95,One year,Electronic check,1
11,51.11,562.21,Month-to-month,Bank transfer (automatic),0
32,59.65,1908.8,Two year,Electronic check,0
0,102.04,0.0,Month-to-month,Electronic check,1
25,72.81,1820.25,Two year,Electronic check,0
13,91.71,1192.23,One year,Credit card (automatic),0
64,82.7,5292.8,Two year,Electronic check,0
41,38.8,1590.8,Two year,Electronic check,0
52,41.64,2165.28,Two year,Mailed check,0
2,68.59,137.18,Month-to-month,Credit card (automatic),1
60,68.03,4081.8,Two year,Electronic check,0
14,108.3,1516.2,One year,Electronic check,0
14,25.35,354.9,One year,Electronic check,1
30,91.88,2756.4,Two year,Credit card (automatic),0
13,56.54,735.02,One year,Electronic check,1
65,113.34,7367.1,Two year,Bank transfer (automatic),0
22,79.16,1741.52,One year,Electronic check,0
17,93.09,1582.53,Month-to-month,Credit card (automatic),1
19,95.49,1814.31,One year,Electronic check,0
54,33.76,1823.04,Two year,Electronic check,1
13,20.16,262.08,One year,Bank transfer (automatic),1
13,32.47,422.11,Month-to-month,Electronic check,0
4,54.04,216.16,Month-to-month,Mailed check,1
67,108.19,7248.73,Two year,Bank transfer (automatic),0
3,40.9,122.7,Month-to-month,Electronic check,0
10,30.07,300.7,Month-to-month,Electronic check,0
62,33.41,2071.42,Two year,Credit card (automatic),0
13,33.32,433.16,Month-to-month,Electronic check,1
11,107.29,1180.19,Month-to-month,Credit card (automatic),1
8,100.69,805.52,Month-to-month,Mailed check,1
4,97.33,389.32,Month-to-month,Electronic check,1
15,101.09,1516.35,Month-to-month,Mailed check,1
4,27.23,108.92,Month-to-month,Bank transfer (automatic),0
10,68.41,684.1,Month-to-month,Mailed check,1
64,52.01,3328.64,Two year,Bank transfer (automatic),0
18,74.03,1332.54,One year,Electronic check,0
7,57.23,400.61,Month-to-month,Mailed check,1
22,100.75,2216.5,Month-to-month,Bank transfer (automatic),1
6,119.38,716.28,Month-to-month,Mailed check,1
13,24.08,313.04,One year,Credit card (automatic),0
32,48.06,1537.92,Two year,Credit card (automatic),0
50,42.73,2136.5,Two year,Credit card (automatic),0
22,89.8,1975.6,Month-to-month,Electronic check,1
11,23.52,258.72,Month-to-month,Credit card (automatic),1
21,106.79,2242.59,One year,Mailed check,1
2,19.27,38.54,Month-to-month,Electronic check,0
15,93.84,1407.6,Month-to-month,Bank transfer (automatic),0
18,91.7,1650.6,One year,Electronic check,1
13,33.9,440.7,One year,Electronic check,0
16,34.36,549.76,Month-to-month,Bank transfer (automatic),1
14,74.52,1043.28,Month-to-month,Credit card (automatic),0
69,41.19,2842.11,Two year,Mailed check,0
12,117.75,1413.0,Month-to-month,Electronic check,1
7,58.01,406.07,Month-to-month,Bank transfer (automatic),0
28,101.29,2836.12,Two year,Bank transfer (automatic),0
12,34.81,417.72,Month-to-month,Bank transfer (automatic),0
13,28.65,372.45,One year,Electronic check,1
15,46.79,701.85,One year,Electronic check,0
24,110.79,2658.96,Month-to-month,Bank transfer (automatic),1
7,45.46,318.22,Month-to-month,Credit card (automatic),0
24,67.35,1616.4,One year,Bank transfer (automatic),1
11,94.67,1041.37,Month-to-month,Electronic check,0
12,92.02,1104.24,Month-to-month,Electronic check,0
18,109.44,1969.92,One year,Electronic check,1
0,77.89,0.0,Month-to-month,Bank transfer (automatic),1
16,34.44,551.04,One year,Credit card (automatic),0
22,41.62,915.64,Month-to-month,Bank transfer (automatic),1
23,34.43,791.89,One year,Electronic check,0
20,71.38,1427.6,Month-to-month,Bank transfer (automatic),0
9,54.75,492.75,Month-to-month,Electronic check,0
24,87.65,2103.6,Month-to-month,Credit card (automatic),1
33,75.82,2502.06,Two year,Bank transfer (automatic),0
24,106.79,2562.96,Month-to-month,Electronic check,1
29,68.89,1997.81,Two year,Credit card (automatic),0
2,46.57,93.14,Month-to-month,Electronic check,1
24,65.0,1560.0,Month-to-month,Electronic check,0
52,84.33,4385.16,Two year,Bank transfer (automatic),0
1,55.07,55.07,Month-to-month,Bank transfer (automatic),1
21,31.16,654.36,Month-to-month,Bank transfer (automatic),1
47,26.52,1246.44,Two year,Credit card (automatic),0
21,22.35,469.35,Month-to-month,Credit card (automatic),0
22,101.77,2238.94,Month-to-month,Credit card (automatic),1
34,76.15,2589.1,Two year,Electronic check,0
21,27.54,578.34,Month-to-month,Credit card (automatic),1
19,29.13,553.47,One year,Credit card (automatic),1
12,96.36,1156.32,Month-to-month,Credit card (automatic),1
19,67.6,1284.4,Month-to-month,Electronic check,1
1,73.6,73.6,Month-to-month,Electronic check,0
18,21.19,381.42,Month-to-month,Electronic check,1
11,98.54,1083.94,Month-to-month,Credit card (automatic),0
0,115.17,0.0,Month-to-month,Electronic check,1
2,32.46,64.92,Month-to-month,Bank transfer (automatic),1
14,106.87,1496.18,Month-to-month,Credit card (automatic),1
12,27.43,329.16,One year,Electronic check,0
5,38.26,191.3,Month-to-month,Bank transfer (automatic),0
5,116.49,582.45,Month-to-month,Mailed check,1
24,75.21,1805.04,Two year,Bank transfer (automatic),0
18,80.88,1455.84,Month-to-month,Bank transfer (automatic),1
71,102.17,7254.07,Two year,Credit card (automatic),0
4,68.94,275.76,Month-to-month,Credit card (automatic),1
40,71.11,2844.4,Two year,Bank transfer (automatic),1
4,82.7,330.8,Month-to-month,Credit card (automatic),1
23,117.86,2710.78,One year,Electronic check,1
12,40.05,480.6,Month-to-month,Electronic check,1
0,55.77,0.0,Month-to-month,Bank transfer (automatic),1
3,89.33,267.99,Month-to-month,Electronic check,1
11,102.47,1127.17,Month-to-month,Mailed check,1
35,64.8,2268.0,Two year,Electronic check,0
18,56.92,1024.56,One year,Electronic check,0
16,89.61,1433.76,One year,Mailed check,0
29,100.21,2906.09,Two year,Electronic check,1
18,28.57,514.26,One year,Bank transfer (automatic),0
22,63.3,1392.6,One year,Mailed check,0
13,39.61,514.93,Month-to-month,Electronic check,0
19,114.96,2184.24,One year,Electronic check,1
65,89.79,5836.35,Two year,Mailed check,0
7,69.77,488.39,Month-to-month,Mailed check,1
24,110.75,2658.0,One year,Electronic check,0
1,19.58,19.58,Month-to-month,Credit card (automatic),1
23,79.19,1821.37,Month-to-month,Credit card (automatic),1
39,74.69,2912.91,Two year,Credit card (automatic),0
12,99.74,1196.88,One year,Mailed check,0
23,35.72,821.56,Month-to-month,Bank transfer (automatic),0
3,90.42,271.26,Month-to-month,Mailed check,1
12,103.99,1247.88,Month-to-month,Bank transfer (automatic),1
10,38.78,387.8,Month-to-month,Bank transfer (automatic),1
18,33.61,604.98,Month-to-month,Bank transfer (automatic),0
18,57.01,1026.18,Month-to-month,Credit card (automatic),0
20,97.31,1946.2,Month-to-month,Mailed check,1
15,72.61,1089.15,One year,Electronic check,1
24,44.57,1069.68,One year,Credit card (automatic),1
0,83.12,0.0,Month-to-month,Electronic check,1
19,30.51,579.69,Month-to-month,Mailed check,1
2,68.41,136.82,Month-to-month,Electronic check,1
55,99.14,5452.7,Two year,Mailed check,0
6,88.11,528.66,Month-to-month,Bank transfer (automatic),1
5,36.34,181.7,Month-to-month,Credit card (automatic),1
19,105.19,1998.61,Month-to-month,Bank transfer (automatic),1
19,79.2,1504.8,Month-to-month,Electronic check,1
3,37.67,113.01,Month-to-month,Electronic check,1
4,40.06,160.24,Month-to-month,Mailed check,1
32,40.42,1293.44,Two year,Electronic check,0
54,38.32,2069.28,Two year,Electronic check,1
19,94.01,1786.19,One year,Bank transfer (automatic),0
6,43.51,261.06,Month-to-month,Mailed check,1
49,28.5,1396.5,Two year,Bank transfer (automatic),0
15,115.28,1729.2,One year,Electronic check,1
71,45.71,3245.41,Two year,Mailed check,0
6,75.85,455.1,Month-to-month,Mailed check,1
14,108.72,1522.08,One year,Electronic check,0
19,102.32,1944.08,Month-to-month,Mailed check,1
25,29.69,742.25,Two year,Mailed check,0
7,25.41,177.87,Month-to-month,Electronic check,1
3,18.98,56.94,Month-to-month,Bank transfer (automatic),0
21,99.11,2081.31,One year,Electronic check,0
21,39.64,832.44,One year,Mailed check,1
24,105.71,2537.04,One year,Bank transfer (automatic),1
72,62.39,4492.08,Two year,Mailed check,0
15,68.86,1032.9,Month-to-month,Electronic check,0
5,79.35,396.75,Month-to-month,Electronic check,1
0,83.65,0.0,Month-to-month,Electronic check,1
42,31.37,1317.54,Two year,Credit card (automatic),0
16,21.99,351.84,Month-to-month,Mailed check,0
13,91.77,1193.01,Month-to-month,Electronic check,1
20,97.01,1940.2,One year,Mailed check,0
14,68.32,956.48,Month-to-month,Electronic check,1
63,28.48,1794.24,Two year,Credit card (automatic),0
44,105.86,4657.84,Two year,Electronic check,0
23,110.03,2530.69,Month-to-month,Electronic check,1
68,106.54,7244.72,Two year,Credit card (automatic),0
16,25.65,410.4,One year,Electronic check,1
16,89.26,1428.16,One year,Credit card (automatic),0
17,105.91,1800.47,One year,Electronic check,0
50,82.96,4148.0,Two year,Credit card (automatic),0
15,85.45,1281.75,Month-to-month,Electronic check,0
7,27.36,191.52,Month-to-month,Bank transfer (automatic),0
15,85.27,1279.05,One year,Mailed check,0
15,24.15,362.25,Month-to-month,Electronic check,1
6,67.74,406.44,Month-to-month,Credit card (automatic),1
56,105.56,5911.36,Two year,Bank transfer (automatic),0
4,104.48,417.92,Month-to-month,Mailed check,1
12,117.46,1409.52,Month-to-month,Credit card (automatic),0
6,25.0,150.0,Month-to-month,Credit card (automatic),1
21,84.14,1766.94,One year,Credit card (automatic),1
39,19.69,767.91,Two year,Bank transfer (automatic),0
16,64.17,1026.72,Month-to-month,Mailed check,1
51,39.63,2021.13,Two year,Electronic check,0
14,45.8,641.2,Month-to-month,Electronic check,1
18,37.78,680.04,One year,Bank transfer (automatic),1
19,68.35,1298.65,Month-to-month,Electronic check,1
13,40.4,525.2,One year,Bank transfer (automatic),1
2,72.28,144.56,Month-to-month,Electronic check,1
49,57.97,2840.53,Two year,Bank transfer (automatic),0
16,68.51,1096.16,One year,Credit card (automatic),1
22,78.82,1734.04,Month-to-month,Bank transfer (automatic),0
22,81.46,1792.12,Month-to-month,Mailed check,0
34,50.14,1704.76,Two year,Bank transfer (automatic),0
4,116.15,464.6,Month-to-month,Credit card (automatic),1
8,107.89,863.12,Month-to-month,Electronic check,1
17,116.89,1987.13,One year,Electronic check,1
3,22.61,67.83,Month-to-month,Electronic check,1
15,71.58,1073.7,One year,Electronic check,1
9,100.0,900.0,Month-to-month,Electronic check,1
17,44.25,752.25,Month-to-month,Mailed check,1
11,48.72,535.92,Month-to-month,Electronic check,1
19,67.4,1280.6,Month-to-month,Bank transfer (automatic),1
4,117.82,471.28,Month-to-month,Bank transfer (automatic),0
19,21.15,401.85,One year,Electronic check,0
15,93.93,1408.95,One year,Mailed check,1
41,107.47,4406.27,Two year,Bank transfer (automatic),0
57,35.85,2043.45,Two year,Mailed check,0
18,60.56,1090.08,Month-to-month,Electronic check,0
16,89.59,1433.44,Month-to-month,Electronic check,1
18,116.75,2101.5,Month-to-month,Credit card (automatic),0
15,112.58,1688.7,Month-to-month,Credit card (automatic),1
16,81.63,1306.08,One year,Mailed check,0
9,19.59,176.31,Month-to-month,Electronic check,1
1,67.81,67.81,Month-to-month,Bank transfer (automatic),1
1,43.65,43.65,Month-to-month,Credit card (automatic),1
21,115.77,2431.17,Month-to-month,Credit card (automatic),1
33,119.58,3946.14,Two year,Bank transfer (automatic),1
15,21.28,319.2,One year,Electronic check,0
12,61.1,733.2,Month-to-month,Bank transfer (automatic),0
9,78.9,710.1,Month-to-month,Electronic check,1
18,32.2,579.6,Month-to-month,Credit card (automatic),0
6,48.71,292.26,Month-to-month,Mailed check,1
20,36.7,734.0,One year,Bank transfer (automatic),0
57,63.07,3594.99,Two year,Electronic check,0
53,54.13,2868.89,Two year,Bank transfer (automatic),0
59,20.7,1221.3,Two year,Mailed check,0
9,98.24,884.16,Month-to-month,Electronic check,1
18,107.54,1935.72,Month-to-month,Bank transfer (automatic),1
66,18.61,1228.26,Two year,Electronic check,0
27,26.64,719.28,Two year,Mailed check,0
62,27.93,1731.66,Two year,Electronic check,0
1,30.39,30.39,Month-to-month,Electronic check,1
22,38.92,856.24,Month-to-month,Bank transfer (automatic),1
15,109.3,1639.5,One year,Mailed check,0
23,118.89,2734.47,Month-to-month,Bank transfer (automatic),1
3,24.85,74.55,Month-to-month,Bank transfer (automatic),1
39,38.84,1514.76,Two year,Mailed check,0
27,112.46,3036.42,Two year,Mailed check,1
7,103.86,727.02,Month-to-month,Electronic check,1
66,80.95,5342.7,Two year,Bank transfer (automatic),0
23,85.06,1956.38,One year,Electronic check,1
19,67.01,1273.19,One year,Mailed check,1
11,86.11,947.21,Month-to-month,Bank transfer (automatic),1
18,100.98,1817.64,One year,Electronic check,1
12,19.12,229.44,Month-to-month,Electronic check,1
21,63.34,1330.14,One year,Credit card (automatic),0
23,64.75,1489.25,Month-to-month,Electronic check,1
16,39.5,632.0,Month-to-month,Mailed check,0
5,84.9,424.5,Month-to-month,Mailed check,1
23,105.58,2428.34,One year,Electronic check,1
18,24.96,449.28,One year,Bank transfer (automatic),0
19,85.22,1619.18,Month-to-month,Credit card (automatic),1
57,44.44,2533.08,Two year,Bank transfer (automatic),0
21,80.98,1700.58,One year,Bank transfer (automatic),0
5,41.63,208.15,Month-to-month,Credit card (automatic),0
10,95.51,955.1,Month-to-month,Bank transfer (automatic),0
39,28.75,1121.25,Two year,Bank transfer (automatic),0
18,112.08,2017.44,One year,Mailed check,1
23,25.43,584.89,Month-to-month,Electronic check,0
14,50.76,710.64,One year,Credit card (automatic),0
18,74.76,1345.68,Month-to-month,Credit card (automatic),1
7,38.52,269.64,Month-to-month,Bank transfer (automatic),1
36,26.77,963.72,Two year,Credit card (automatic),0
26,100.62,2616.12,Two year,Electronic check,0
17,106.18,1805.06,Month-to-month,Mailed check,1
23,83.51,1920.73,One year,Credit card (automatic),0
54,69.09,3730.86,Two year,Bank transfer (automatic),0
28,62.77,1757.56,Two year,Credit card (automatic),0
32,97.8,3129.6,Two year,Bank transfer (automatic),0
19,73.13,1389.47,Month-to-month,Electronic check,1
40,57.82,2312.8,Two year,Electronic check,0
42,25.63,1076.46,Two year,Electronic check,0
56,49.85,2791.6,Two year,Credit card (automatic),0
18,66.04,1188.72,Month-to-month,Credit card (automatic),0
10,60.98,609.8,Month-to-month,Electronic check,1
37,73.8,2730.6,Two year,Electronic check,0
27,42.03,1134.81,Two year,Bank transfer (automatic),0
68,103.17,7015.56,Two year,Credit card (automatic),0
13,79.01,1027.13,Month-to-month,Electronic check,1
4,45.59,182.36,Month-to-month,Bank transfer (automatic),1
20,53.73,1074.6,Month-to-month,Mailed check,1
15,20.19,302.85,One year,Credit card (automatic),1
20,80.03,1600.6,One year,Credit card (automatic),0
19,23.32,443.08,One year,Electronic check,0
18,74.05,1332.9,One year,Mailed check,1
11,53.88,592.68,Month-to-month,Bank transfer (automatic),1
29,78.04,2263.16,Two year,Electronic check,1
24,72.69,1744.56,One year,Credit card (automatic),1
39,100.89,3934.71,Two year,Credit card (automatic),1
1,50.04,50.04,Month-to-month,Electronic check,1
32,79.82,2554.24,Two year,Credit card (automatic),0
8,113.71,909.68,Month-to-month,Electronic check,1
15,63.24,948.6,One year,Credit card (automatic),0
20,42.91,858.2,Month-to-month,Bank transfer (automatic),0
3,23.51,70.53,Month-to-month,Mailed check,0
16,26.0,416.0,One year,Bank transfer (automatic),0
43,93.67,4027.81,Two year,Mailed check,0
4,21.66,86.64,Month-to-month,Credit card (automatic),1
3,20.17,60.51,Month-to-month,Bank transfer (automatic),0
9,102.37,921.33,Month-to-month,Bank transfer (automatic),1
15,19.92,298.8,Month-to-month,Bank transfer (automatic),1
12,36.81,441.72,Month-to-month,Electronic check,1
17,95.83,1629.11,Month-to-month,Electronic check,0
45,112.12,5045.4,Two year,Bank transfer (automatic),0
72,20.79,1496.88,Two year,Bank transfer (automatic),0
24,92.38,2217.12,One year,Credit card (automatic),0
12,115.15,1381.8,Month-to-month,Electronic check,1
17,65.28,1109.76,Month-to-month,Credit card (automatic),0
14,115.95,1623.3,One year,Mailed check,1
24,46.63,1119.12,Two year,Electronic check,0
24,73.37,1760.88,Month-to-month,Credit card (automatic),1
11,45.41,499.51,Month-to-month,Bank transfer (automatic),1
12,30.68,368.16,One year,Bank transfer (automatic),0
5,63.27,316.35,Month-to-month,Electronic check,1
11,66.98,736.78,Month-to-month,Electronic check,0
2,46.2,92.4,Month-to-month,Electronic check,1
5,44.32,221.6,Month-to-month,Electronic check,1
7,82.29,576.03,Month-to-month,Mailed check,1
13,84.77,1102.01,One year,Electronic check,1
10,22.28,222.8,Month-to-month,Mailed check,0
8,117.48,939.84,Month-to-month,Bank transfer (automatic),1
58,91.27,5293.66,Two year,Credit card (automatic),0
14,29.54,413.56,Month-to-month,Electronic check,1
21,60.43,1269.03,Month-to-month,Bank transfer (automatic),0
44,79.91,3516.04,Two year,Electronic check,0
47,66.01,3102.47,Two year,Credit card (automatic),0
12,47.67,572.04,One year,Electronic check,1
15,100.42,1506.3,One year,Electronic check,1
21,90.71,1904.91,One year,Mailed check,0
21,92.08,1933.68,Month-to-month,Bank transfer (automatic),1
28,115.78,3241.84,Two year,Electronic check,0
22,73.92,1626.24,One year,Credit card (automatic),0
20,99.42,1988.4,One year,Credit card (automatic),0
17,45.46,772.82,One year,Mailed check,0
7,99.5,696.5,Month-to-month,Electronic check,0
3,88.69,266.07,Month-to-month,Electronic check,1
29,53.9,1563.1,Two year,Mailed check,0
62,41.5,2573.0,Two year,Bank transfer (automatic),0
4,112.42,449.68,Month-to-month,Credit card (automatic),1
66,32.09,2117.94,Two year,Bank transfer (automatic),0
2,59.67,119.34,Month-to-month,Electronic check,1
24,38.21,917.04,Month-to-month,Mailed check,1
13,44.86,583.18,Month-to-month,Electronic check,1
32,106.68,3413.76,Two year,Bank transfer (automatic),0
2,31.5,63.0,Month-to-month,Electronic check,0
46,31.0,1426.0,Two year,Credit card (automatic),0
10,109.54,1095.4,Month-to-month,Electronic check,1
23,22.61,520.03,One year,Bank transfer (automatic),0
13,82.34,1070.42,Month-to-month,Mailed check,0
22,31.73,698.06,Month-to-month,Bank transfer (automatic),1
20,26.55,531.0,One year,Credit card (automatic),0
22,64.26,1413.72,One year,Mailed check,1
8,114.37,914.96,Month-to-month,Bank transfer (automatic),1
18,70.8,1274.4,Month-to-month,Electronic check,1
9,50.93,458.37,Month-to-month,Credit card (automatic),1
23,108.0,2484.0,Month-to-month,Electronic check,1
19,50.07,951.33,Month-to-month,Electronic check,1
15,62.77,941.55,Month-to-month,Electronic check,0
19,94.85,1802.15,Month-to-month,Credit card (automatic),0
15,74.32,1114.8,One year,Electronic check,1
1,115.91,115.91,Month-to-month,Bank transfer (automatic),1
25,55.69,1392.25,Two year,Electronic check,1
52,71.13,3698.76,Two year,Mailed check,0
22,111.76,2458.72,Month-to-month,Electronic check,1
29,106.18,3079.22,Two year,Mailed check,0
17,99.97,1699.49,One year,Electronic check,0
5,69.72,348.6,Month-to-month,Electronic check,1
24,25.56,613.44,One year,Mailed check,0
30,113.1,3393.0,Two year,Electronic check,0
21,103.44,2172.24,Month-to-month,Credit card (automatic),1
39,31.96,1246.44,Two year,Bank transfer (automatic),0
40,65.95,2638.0,Two year,Bank transfer (automatic),0
4,38.25,153.0,Month-to-month,Mailed check,0
71,39.85,2829.35,Two year,Credit card (automatic),0
22,36.17,795.74,Month-to-month,Bank transfer (automatic),1
18,41.94,754.92,Month-to-month,Mailed check,1
9,103.75,933.75,Month-to-month,Credit card (automatic),0
22,58.01,1276.22,One year,Mailed check,0
3,116.22,348.66,Month-to-month,Electronic check,1
19,51.19,972.61,One year,Mailed check,0
10,85.38,853.8,Month-to-month,Mailed check,1
15,103.69,1555.35,Month-to-month,Electronic check,1
12,47.67,572.04,One year,Bank transfer (automatic),0
27,75.35,2034.45,Two year,Credit card (automatic),0
24,63.08,1513.92,One year,Mailed check,0
70,40.33,2823.1,Two year,Electronic check,0
7,76.4,534.8,Month-to-month,Mailed check,1
19,80.3,1525.7,Month-to-month,Bank transfer (automatic),1
0,99.85,0.0,Month-to-month,Credit card (automatic),1
24,96.13,2307.12,One year,Credit card (automatic),1
17,38.24,650.08,Month-to-month,Electronic check,1
7,47.6,333.2,Month-to-month,Credit card (automatic),1
17,92.8,1577.6,Month-to-month,Mailed check,0
16,28.46,455.36,Month-to-month,Electronic check,1
9,20.47,184.23,Month-to-month,Electronic check,1
23,30.61,704.03,One year,Electronic check,0
23,107.42,2470.66,One year,Electronic check,0
22,95.76,2106.72,Month-to-month,Mailed check,1
19,111.74,2123.06,Month-to-month,Credit card (automatic),1
21,105.65,2218.65,One year,Mailed check,0
9,45.95,413.55,Month-to-month,Bank transfer (automatic),1
15,56.41,846.15,Month-to-month,Bank transfer (automatic),1
8,67.3,538.4,Month-to-month,Mailed check,0
0,119.3,0.0,Month-to-month,Electronic check,1
69,29.05,2004.45,Two year,Bank transfer (automatic),0
38,63.6,2416.8,Two year,Mailed check,0
4,100.59,402.36,Month-to-month,Electronic check,0
15,78.53,1177.95,Month-to-month,Electronic check,1
16,91.75,1468.0,Month-to-month,Credit card (automatic),1
8,60.01,480.08,Month-to-month,Bank transfer (automatic),0
68,75.66,5144.88,Two year,Electronic check,0
24,75.37,1808.88,Month-to-month,Bank transfer (automatic),1
7,50.83,355.81,Month-to-month,Credit card (automatic),0
23,26.31,605.13,Month-to-month,Credit card (automatic),1
24,19.39,465.36,One year,Mailed check,0
3,21.98,65.94,Month-to-month,Electronic check,1
15,32.27,484.05,Month-to-month,Credit card (automatic),0
3,62.42,187.26,Month-to-month,Electronic check,1
57,50.88,2900.16,Two year,Bank transfer (automatic),0
16,71.37,1141.92,One year,Electronic check,1
20,79.66,1593.2,One year,Bank transfer (automatic),0
23,91.45,2103.35,Month-to-month,Electronic check,0
15,19.0,285.0,Month-to-month,Mailed check,1
0,49.81,0.0,Month-to-month,Electronic check,1
17,27.66,470.22,One year,Mailed check,0
22,75.03,1650.66,One year,Electronic check,1
16,46.99,751.84,One year,Credit card (automatic),0
11,81.7,898.7,Month-to-month,Bank transfer (automatic),1
21,38.66,811.86,Month-to-month,Mailed check,1
5,44.82,224.1,Month-to-month,Electronic check,1
48,51.68,2480.64,Two year,Bank transfer (automatic),0
24,93.2,2236.8,One year,Electronic check,0
24,97.9,2349.6,Two year,Electronic check,0
4,32.62,130.48,Month-to-month,Credit card (automatic),1
1,31.97,31.97,Month-to-month,Electronic check,1
9,69.04,621.36,Month-to-month,Mailed check,1
18,90.04,1620.72,One year,Mailed check,1
29,108.1,3134.9,Two year,Electronic check,0
41,90.56,3712.96,Two year,Credit card (automatic),0
24,43.55,1045.2,One year,Mailed check,1
35,20.58,720.3,Two year,Bank transfer (automatic),0
23,61.26,1408.98,Month-to-month,Bank transfer (automatic),0
36,57.01,2052.36,Two year,Credit card (automatic),0
19,54.82,1041.58,One year,Electronic check,1
17,111.41,1893.97,One year,Electronic check,1
20,46.05,921.0,Month-to-month,Electronic check,1
8,45.97,367.76,Month-to-month,Bank transfer (automatic),1
23,112.61,2590.03,One year,Electronic check,0
19,94.49,1795.31,One year,Mailed check,0
11,20.94,230.34,Month-to-month,Electronic check,0
4,26.45,105.8,Month-to-month,Bank transfer (automatic),0
22,24.36,535.92,Month-to-month,Mailed check,1
6,84.82,508.92,Month-to-month,Credit card (automatic),0
10,109.57,1095.7,Month-to-month,Bank transfer (automatic),1
47,70.67,3321.49,Two year,Bank transfer (automatic),0
21,24.27,509.67,Month-to-month,Credit card (automatic),1
16,26.56,424.96,One year,Electronic check,1
16,59.74,955.84,Month-to-month,Electronic check,1
43,45.92,1974.56,Two year,Credit card (automatic),0
22,26.78,589.16,Month-to-month,Bank transfer (automatic),0
5,92.41,462.05,Month-to-month,Credit card (automatic),1
24,35.27,846.48,One year,Credit card (automatic),1
23,114.21,2626.83,One year,Mailed check,1
15,94.24,1413.6,One year,Credit card (automatic),0
9,36.16,325.44,Month-to-month,Mailed check,1
6,45.83,274.98,Month-to-month,Electronic check,1
52,44.98,2338.96,Two year,Electronic check,0
22,71.35,1569.7,One year,Electronic check,0
21,57.34,1204.14,One year,Electronic check,0
11,83.89,922.79,Month-to-month,Bank transfer (automatic),0
16,74.26,1188.16,Month-to-month,Electronic check,1
6,44.34,266.04,Month-to-month,Mailed check,1
21,82.37,1729.77,Month-to-month,Electronic check,1
18,56.55,1017.9,Month-to-month,Electronic check,1
20,54.61,1092.2,Month-to-month,Bank transfer (automatic),0
10,84.08,840.8,Month-to-month,Mailed check,1
53,73.77,3909.81,Two year,Electronic check,0
18,76.75,1381.5,Month-to-month,Bank transfer (automatic),1
8,91.78,734.24,Month-to-month,Credit card (automatic),1
1,117.02,117.02,Month-to-month,Mailed check,1
20,29.0,580.0,One year,Credit card (automatic),0
18,20.91,376.38,Month-to-month,Bank transfer (automatic),1
68,114.17,7763.56,Two year,Credit card (automatic),0
32,85.67,2741.44,Two year,Bank transfer (automatic),0
24,32.43,778.32,Month-to-month,Electronic check,1
21,33.04,693.84,Month-to-month,Mailed check,0
7,105.49,738.43,Month-to-month,Electronic check,1
20,104.26,2085.2,One year,Electronic check,1
15,74.08,1111.2,Month-to-month,Electronic check,1
12,102.8,1233.6,Month-to-month,Mailed check,1
14,50.47,706.58,One year,Electronic check,0
9,101.62,914.58,Month-to-month,Electronic check,1
2,53.38,106.76,Month-to-month,Mailed check,1
62,36.17,2242.54,Two year,Electronic check,0
0,80.28,0.0,Month-to-month,Mailed check,1
32,68.99,2207.68,Two year,Bank transfer (automatic),1
12,84.71,1016.52,Month-to-month,Electronic check,1
15,21.55,323.25,Month-to-month,Mailed check,0
21,70.77,1486.17,Month-to-month,Electronic check,1
70,28.34,1983.8,Two year,Electronic check,0
44,31.13,1369.72,Two year,Electronic check,0
22,115.91,2550.02,One year,Electronic check,1
16,93.69,1499.04,One year,Electronic check,1
56,56.03,3137.68,Two year,Credit card (automatic),0
11,29.39,323.29,Month-to-month,Mailed check,1
21,26.16,549.36,Month-to-month,Bank transfer (automatic),1
40,38.16,1526.4,Two year,Bank transfer (automatic),0
12,65.41,784.92,One year,Mailed check,1
27,108.69,2934.63,Two year,Mailed check,0
9,96.22,865.98,Month-to-month,Electronic check,1
13,19.79,257.27,Month-to-month,Electronic check,1
17,92.65,1575.05,One year,Bank transfer (automatic),0
17,27.65,470.05,Month-to-month,Electronic check,1
16,53.23,851.68,One year,Mailed check,0
23,101.69,2338.87,One year,Credit card (automatic),0
1,32.97,32.97,Month-to-month,Electronic check,0
18,70.29,1265.22,One year,Credit card (automatic),0
9,61.1,549.9,Month-to-month,Bank transfer (automatic),1
65,93.75,6093.75,Two year,Electronic check,1
36,76.23,2744.28,Two year,Credit card (automatic),0
24,42.86,1028.64,One year,Mailed check,0
24,113.42,2722.08,Month-to-month,Mailed check,1
20,86.49,1729.8,One year,Electronic check,0
41,18.52,759.32,Two year,Bank transfer (automatic),0
16,45.24,723.84,One year,Bank transfer (automatic),0
38,40.93,1555.34,Two year,Electronic check,0
23,90.63,2084.49,Month-to-month,Bank transfer (automatic),0
17,73.23,1244.91,One year,Bank transfer (automatic),0
17,53.33,906.61,One year,Electronic check,1
6,72.29,433.74,Month-to-month,Bank transfer (automatic),1
21,104.93,2203.53,Month-to-month,Mailed check,0
17,26.48,450.16,One year,Bank transfer (automatic),0
24,50.16,1203.84,Month-to-month,Electronic check,1
5,81.68,408.4,Month-to-month,Bank transfer (automatic),1
24,117.28,2814.72,Month-to-month,Bank transfer (automatic),1
17,31.43,534.31,Month-to-month,Electronic check,1
37,39.55,1463.35,Two year,Electronic check,1
24,97.31,2335.44,Month-to-month,Credit card (automatic),0
24,40.21,965.04,Month-to-month,Mailed check,0
20,28.78,575.6,Month-to-month,Bank transfer (automatic),0
44,69.24,3046.56,Two year,Bank transfer (automatic),0
24,65.32,1567.68,Month-to-month,Mailed check,0
5,58.81,294.05,Month-to-month,Credit card (automatic),1
65,35.57,2312.05,Two year,Bank transfer (automatic),0
13,59.85,778.05,Month-to-month,Bank transfer (automatic),0
21,69.34,1456.14,One year,Electronic check,1
12,51.15,613.8,One year,Mailed check,1
13,115.09,1496.17,One year,Mailed check,1
18,74.31,1337.58,One year,Credit card (automatic),0
47,91.75,4312.25,Two year,Electronic check,1
6,50.92,305.52,Month-to-month,Bank transfer (automatic),1
53,64.84,3436.52,Two year,Electronic check,0
5,117.23,586.15,Month-to-month,Electronic check,1
10,106.95,1069.5,Month-to-month,Bank transfer (automatic),0
2,18.7,37.4,Month-to-month,Bank transfer (automatic),1
19,105.94,2012.86,One year,Credit card (automatic),1
22,72.81,1601.82,Month-to-month,Electronic check,1
23,20.42,469.66,One year,Credit card (automatic),0
18,102.49,1844.82,One year,Electronic check,0
16,82.19,1315.04,Month-to-month,Mailed check,1
16,95.31,1524.96,One year,Electronic check,1
47,60.12,2825.64,Two year,Bank transfer (automatic),0
37,44.98,1664.26,Two year,Credit card (automatic),0
23,68.14,1567.22,One year,Mailed check,1
14,51.73,724.22,Month-to-month,Electronic check,1
1,95.65,95.65,Month-to-month,Electronic check,1
11,75.48,830.28,Month-to-month,Electronic check,1
18,82.66,1487.88,Month-to-month,Bank transfer (automatic),1
23,100.13,2302.99,Month-to-month,Electronic check,1
16,82.95,1327.2,One year,Credit card (automatic),1
18,19.23,346.14,Month-to-month,Electronic check,1
16,59.4,950.4,Month-to-month,Credit card (automatic),0
4,77.89,311.56,Month-to-month,Electronic check,1
15,84.13,1261.95,Month-to-month,Mailed check,0
12,19.45,233.4,Month-to-month,Mailed check,0
7,33.31,233.17,Month-to-month,Electronic check,1
15,54.36,815.4,One year,Electronic check,1
71,104.27,7403.17,Two year,Credit card (automatic),0
6,55.08,330.48,Month-to-month,Electronic check,1
20,24.85,497.0,One year,Credit card (automatic),0
2,116.98,233.96,Month-to-month,Bank transfer (automatic),1
16,99.32,1589.12,One year,Electronic check,1
38,88.34,3356.92,Two year,Credit card (automatic),0
17,46.3,787.1,Month-to-month,Bank transfer (automatic),0
14,71.3,998.2,One year,Credit card (automatic),1
18,66.68,1200.24,Month-to-month,Bank transfer (automatic),1
64,25.45,1628.8,Two year,Electronic check,0
3,73.32,219.96,Month-to-month,Mailed check,1
18,61.84,1113.12,Month-to-month,Bank transfer (automatic),0
22,37.87,833.14,One year,Mailed check,0
12,43.68,524.16,One year,Mailed check,0
10,69.74,697.4,Month-to-month,Bank transfer (automatic),1
58,43.4,2517.2,Two year,Electronic check,0
19,29.37,558.03,One year,Electronic check,0
16,65.99,1055.84,Month-to-month,Electronic check,1
9,27.65,248.85,Month-to-month,Mailed check,0
5,37.75,188.75,Month-to-month,Bank transfer (automatic),1
9,50.64,455.76,Month-to-month,Electronic check,1
19,39.45,749.55,Month-to-month,Electronic check,1
12,98.15,1177.8,Month-to-month,Electronic check,1
20,118.08,2361.6,One year,Electronic check,0
16,41.33,661.28,One year,Bank transfer (automatic),0
47,32.79,1541.13,Two year,Credit card (automatic),0
14,49.42,691.88,Month-to-month,Bank transfer (automatic),0
18,23.64,425.52,One year,Electronic check,1
19,96.24,1828.56,One year,Electronic check,1
23,44.1,1014.3,One year,Electronic check,0
12,51.22,614.64,Month-to-month,Mailed check,1
16,62.89,1006.24,Month-to-month,Electronic check,1
23,66.93,1539.39,Month-to-month,Electronic check,1
1,97.69,97.69,Month-to-month,Credit card (automatic),1
39,46.57,1816.23,Two year,Bank transfer (automatic),0
20,52.95,1059.0,Month-to-month,Electronic check,1
15,31.7,475.5,Month-to-month,Electronic check,1
13,102.08,1327.04,Month-to-month,Bank transfer (automatic),0
20,26.98,539.6,One year,Bank transfer (automatic),0
16,74.78,1196.48,One year,Bank transfer (automatic),0
24,24.94,598.56,One year,Electronic check,0
17,110.32,1875.44,One year,Electronic check,1
53,41.22,2184.66,Two year,Electronic check,0
8,44.05,352.4,Month-to-month,Credit card (automatic),0
13,61.59,800.67,Month-to-month,Electronic check,0
27,111.12,3000.24,Two year,Credit card (automatic),0
1,115.9,115.9,Month-to-month,Mailed check,1
9,76.63,689.67,Month-to-month,Mailed check,1
20,97.62,1952.4,One year,Bank transfer (automatic),0
29,76.54,2219.66,Two year,Credit card (automatic),0
13,96.25,1251.25,One year,Electronic check,1
23,33.52,770.96,Month-to-month,Mailed check,1
14,71.83,1005.62,Month-to-month,Bank transfer (automatic),0
25,58.95,1473.75,Two year,Mailed check,0
12,40.97,491.64,One year,Mailed check,0
21,96.31,2022.51,Month-to-month,Electronic check,1
21,112.39,2360.19,One year,Electronic check,0
15,96.85,1452.75,One year,Bank transfer (automatic),1
19,114.34,2172.46,Month-to-month,Electronic check,1
2,51.4,102.8,Month-to-month,Electronic check,1
9,34.66,311.94,Month-to-month,Electronic check,0
24,54.25,1302.0,Month-to-month,Credit card (automatic),1
48,20.59,988.32,Two year,Mailed check,0
27,63.57,1716.39,Two year,Electronic check,0
3,27.47,82.41,Month-to-month,Mailed check,1
31,34.61,1072.91,Two year,Bank transfer (automatic),0
46,94.47,4345.62,Two year,Bank transfer (automatic),0
16,54.71,875.36,Month-to-month,Credit card (automatic),1
0,56.76,0.0,Month-to-month,Mailed check,1
47,114.46,5379.62,Two year,Electronic check,0
9,41.39,372.51,Month-to-month,Credit card (automatic),0
19,19.62,372.78,One year,Credit card (automatic),0
12,32.36,388.32,One year,Credit card (automatic),0
14,32.3,452.2,One year,Electronic check,1
6,106.37,638.22,Month-to-month,Bank transfer (automatic),1
5,60.76,303.8,Month-to-month,Mailed check,1
21,36.52,766.92,Month-to-month,Electronic check,0
15,38.82,582.3,Month-to-month,Electronic check,1
19,50.75,964.25,Month-to-month,Credit card (automatic),0
1,92.96,92.96,Month-to-month,Credit card (automatic),1
24,79.05,1897.2,Month-to-month,Mailed check,1
7,27.4,191.8,Month-to-month,Electronic check,0
13,105.33,1369.29,Month-to-month,Mailed check,1
20,18.07,361.4,Month-to-month,Bank transfer (automatic),1
44,84.95,3737.8,Two year,Electronic check,0
19,68.27,1297.13,One year,Bank transfer (automatic),0
20,31.24,624.8,One year,Electronic check,0
3,91.16,273.48,Month-to-month,Electronic check,1
16,36.83,589.28,One year,Electronic check,0
21,78.26,1643.46,Month-to-month,Credit card (automatic),1
32,51.45,1646.4,Two year,Electronic check,0
1,94.29,94.29,Month-to-month,Bank transfer (automatic),0
14,19.46,272.44,One year,Credit card (automatic),0
49,50.9,2494.1,Two year,Electronic check,0
20,106.69,2133.8,Month-to-month,Electronic check,0
14,81.37,1139.18,Month-to-month,Credit card (automatic),1
24,70.48,1691.52,Month-to-month,Electronic check,1
45,100.31,4513.95,Two year,Electronic check,0
21,105.33,2211.93,Month-to-month,Bank transfer (automatic),0
13,83.51,1085.63,Month-to-month,Credit card (automatic),0
14,102.67,1437.38,Month-to-month,Electronic check,1
17,49.32,838.44,One year,Electronic check,1
56,36.63,2051.28,Two year,Electronic check,0
33,103.68,3421.44,Two year,Mailed check,1
11,71.61,787.71,Month-to-month,Bank transfer (automatic),0
12,99.63,1195.56,One year,Mailed check,1
16,35.01,560.16,Month-to-month,Credit card (automatic),1
21,41.08,862.68,One year,Bank transfer (automatic),0
21,61.25,1286.25,One year,Mailed check,1
12,48.24,578.88,Month-to-month,Credit card (automatic),0
53,50.84,2694.52,Two year,Credit card (automatic),0
22,74.69,1643.18,Month-to-month,Electronic check,1
28,24.04,673.12,Two year,Bank transfer (automatic),0
24,117.15,2811.6,Month-to-month,Credit card (automatic),0
34,83.9,2852.6,Two year,Mailed check,0
2,41.08,82.16,Month-to-month,Credit card (automatic),0
23,93.44,2149.12,Month-to-month,Mailed check,0
21,46.1,968.1,Month-to-month,Mailed check,1
20,28.47,569.4,One year,Mailed check,0
9,101.87,916.83,Month-to-month,Bank transfer (automatic),1
24,110.87,2660.88,One year,Electronic check,1
12,103.47,1241.64,Month-to-month,Credit card (automatic),1
14,107.38,1503.32,One year,Mailed check,0
38,71.33,2710.54,Two year,Bank transfer (automatic),0
17,42.61,724.37,One year,Credit card (automatic),0
13,61.01,793.13,Month-to-month,Bank transfer (automatic),0
70,92.71,6489.7,Two year,Electronic check,0
22,103.3,2272.6,One year,Electronic check,0
15,42.76,641.4,Month-to-month,Electronic check,1
13,119.72,1556.36,One year,Bank transfer (automatic),0
18,56.33,1013.94,Month-to-month,Bank transfer (automatic),1
62,29.0,1798.0,Two year,Mailed check,0
13,29.98,389.74,One year,Electronic check,0
19,61.03,1159.57,Month-to-month,Bank transfer (automatic),1
24,62.9,1509.6,One year,Electronic check,0
49,100.94,4946.06,Two year,Electronic check,0
12,40.04,480.48,One year,Bank transfer (automatic),1
16,111.91,1790.56,One year,Electronic check,0
16,54.58,873.28,One year,Credit card (automatic),0
8,63.49,507.92,Month-to-month,Credit card (automatic),1
8,96.4,771.2,Month-to-month,Credit card (automatic),1
22,50.83,1118.26,One year,Credit card (automatic),0
15,105.38,1580.7,Month-to-month,Credit card (automatic),1
15,50.29,754.35,One year,Bank transfer (automatic),0
49,49.92,2446.08,Two year,Electronic check,0
8,105.31,842.48,Month-to-month,Mailed check,1
11,94.99,1044.89,Month-to-month,Mailed check,0
18,49.67,894.06,Month-to-month,Electronic check,1
20,72.9,1458.0,One year,Electronic check,1
13,90.59,1177.67,One year,Electronic check,0
14,91.02,1274.28,One year,Credit card (automatic),0
3,104.19,312.57,Month-to-month,Credit card (automatic),0
63,76.15,4797.45,Two year,Credit card (automatic),0
26,43.08,1120.08,Two year,Mailed check,1
38,102.99,3913.62,Two year,Electronic check,0
20,100.78,2015.6,Month-to-month,Electronic check,1
19,67.29,1278.51,Month-to-month,Credit card (automatic),1
15,60.06,900.9,One year,Credit card (automatic),0
18,94.17,1695.06,One year,Bank transfer (automatic),0
40,61.99,2479.6,Two year,Credit card (automatic),0
58,54.42,3156.36,Two year,Electronic check,0
22,43.18,949.96,Month-to-month,Credit card (automatic),0
16,90.25,1444.0,Month-to-month,Credit card (automatic),1
7,91.45,640.15,Month-to-month,Credit card (automatic),0
15,65.46,981.9,One year,Bank transfer (automatic),0
15,78.29,1174.35,Month-to-month,Bank transfer (automatic),1
52,75.02,3901.04,Two year,Electronic check,1
4,24.51,98.04,Month-to-month,Credit card (automatic),1
40,114.63,4585.2,Two year,Electronic check,0
23,95.97,2207.31,One year,Mailed check,1
9,72.92,656.28,Month-to-month,Bank transfer (automatic),0
16,114.52,1832.32,Month-to-month,Bank transfer (automatic),1
10,106.0,1060.0,Month-to-month,Bank transfer (automatic),0
18,30.21,543.78,Month-to-month,Bank transfer (automatic),0
23,34.44,792.12,One year,Mailed check,1
35,103.25,3613.75,Two year,Bank transfer (automatic),1
45,27.09,1219.05,Two year,Bank transfer (automatic),0
18,100.1,1801.8,One year,Credit card (automatic),0
5,27.78,138.9,Month-to-month,Credit card (automatic),1
19,27.25,517.75,One year,Credit card (automatic),0
20,82.57,1651.4,Month-to-month,Mailed check,1
12,107.69,1292.28,One year,Mailed check,1
13,35.19,457.47,One year,Bank transfer (automatic),0
12,49.24,590.88,Month-to-month,Electronic check,0
13,115.48,1501.24,One year,Mailed check,1
15,117.53,1762.95,One year,Electronic check,1
17,76.55,1301.35,One year,Electronic check,0
14,69.75,976.5,One year,Credit card (automatic),0
17,108.6,1846.2,Month-to-month,Bank transfer (automatic),0
9,28.99,260.91,Month-to-month,Credit card (automatic),0
13,68.76,893.88,One year,Electronic check,0
53,112.72,5974.16,Two year,Credit card (automatic),0
3,86.21,258.63,Month-to-month,Mailed check,1
15,37.21,558.15,Month-to-month,Electronic check,1
15,100.71,1510.65,Month-to-month,Credit card (automatic),0
13,104.47,1358.11,One year,Credit card (automatic),1
21,76.66,1609.86,One year,Credit card (automatic),0
6,46.82,280.92,Month-to-month,Mailed check,1
22,61.48,1352.56,One year,Electronic check,1
3,50.79,152.37,Month-to-month,Electronic check,1
24,47.29,1134.96,Month-to-month,Mailed check,0
6,114.57,687.42,Month-to-month,Credit card (automatic),1
20,35.68,713.6,One year,Credit card (automatic),0
9,57.26,515.34,Month-to-month,Electronic check,1
21,107.12,2249.52,Month-to-month,Credit card (automatic),0
11,87.48,962.28,Month-to-month,Electronic check,1
5,109.02,545.1,Month-to-month,Mailed check,1
6,76.26,457.56,Month-to-month,Electronic check,1
22,29.87,657.14,Month-to-month,Mailed check,1
45,118.41,5328.45,Two year,Bank transfer (automatic),0
49,22.57,1105.93,Two year,Mailed check,0
13,87.4,1136.2,Month-to-month,Bank transfer (automatic),0
65,93.14,6054.1,Two year,Electronic check,1
18,56.47,1016.46,One year,Mailed check,0
8,79.21,633.68,Month-to-month,Bank transfer (automatic),1
14,31.15,436.1,Month-to-month,Bank transfer (automatic),0
5,110.03,550.15,Month-to-month,Electronic check,1
23,44.16,1015.68,Month-to-month,Electronic check,1
58,47.22,2738.76,Two year,Mailed check,0
12,101.93,1223.16,Month-to-month,Bank transfer (automatic),0
55,38.48,2116.4,Two year,Bank transfer (automatic),0
3,41.32,123.96,Month-to-month,Mailed check,0
2,42.66,85.32,Month-to-month,Bank transfer (automatic),0
19,96.45,1832.55,Month-to-month,Electronic check,1
24,39.46,947.04,Month-to-month,Credit card (automatic),1
17,105.67,1796.39,One year,Credit card (automatic),1
20,23.76,475.2,Month-to-month,Mailed check,1
38,36.76,1396.88,Two year,Mailed check,0
19,25.08,476.52,One year,Mailed check,1
4,73.81,295.24,Month-to-month,Bank transfer (automatic),1
16,72.5,1160.0,Month-to-month,Electronic check,1
11,21.92,241.12,Month-to-month,Credit card (automatic),0
12,75.4,904.8,One year,Electronic check,0
15,95.74,1436.1,One year,Electronic check,1
15,113.6,1704.0,Month-to-month,Electronic check,1
14,110.84,1551.76,Month-to-month,Bank transfer (automatic),1
20,64.41,1288.2,Month-to-month,Electronic check,0
11,40.83,449.13,Month-to-month,Mailed check,1
18,119.91,2158.38,One year,Credit card (automatic),0
9,32.69,294.21,Month-to-month,Electronic check,1
15,118.72,1780.8,One year,Mailed check,1
18,60.96,1097.28,One year,Electronic check,1
18,65.28,1175.04,One year,Mailed check,1
20,39.0,780.0,One year,Electronic check,1
23,85.25,1960.75,Month-to-month,Electronic check,1
72,98.79,7112.88,Two year,Mailed check,0
15,29.08,436.2,Month-to-month,Mailed check,0
24,106.75,2562.0,Month-to-month,Credit card (automatic),1
5,85.28,426.4,Month-to-month,Electronic check,0
0,88.78,0.0,Month-to-month,Credit card (automatic),1
23,87.42,2010.66,One year,Electronic check,0
24,38.18,916.32,One year,Bank transfer (automatic),0
4,95.79,383.16,Month-to-month,Credit card (automatic),1
20,93.0,1860.0,One year,Bank transfer (automatic),0
13,20.19,262.47,One year,Credit card (automatic),0
29,49.96,1448.84,Two year,Electronic check,0
6,49.37,296.22,Month-to-month,Electronic check,1
19,66.46,1262.74,One year,Electronic check,0
17,34.3,583.1,Month-to-month,Electronic check,0
19,59.79,1136.01,Month-to-month,Electronic check,1
16,88.38,1414.08,One year,Bank transfer (automatic),0
33,110.74,3654.42,Two year,Bank transfer (automatic),1
15,56.7,850.5,Month-to-month,Credit card (automatic),1
11,112.96,1242.56,Month-to-month,Bank transfer (automatic),1
15,114.55,1718.25,Month-to-month,Credit card (automatic),1
47,25.03,1176.41,Two year,Credit card (automatic),0
4,29.32,117.28,Month-to-month,Mailed check,0
64,50.71,3245.44,Two year,Electronic check,0
62,118.32,7335.84,Two year,Electronic check,0
14,55.25,773.5,One year,Bank transfer (automatic),0
0,67.94,0.0,Month-to-month,Credit card (automatic),0
9,44.84,403.56,Month-to-month,Electronic check,0
24,84.98,2039.52,Month-to-month,Electronic check,1
19,19.09,362.71,Month-to-month,Electronic check,1
15,56.76,851.4,Month-to-month,Electronic check,1
17,55.41,941.97,One year,Bank transfer (automatic),0
69,52.9,3650.1,Two year,Mailed check,0
19,46.73,887.87,One year,Bank transfer (automatic),1
21,111.16,2334.36,Month-to-month,Bank transfer (automatic),0
32,100.24,3207.68,Two year,Electronic check,1
4,76.33,305.32,Month-to-month,Mailed check,1
23,19.37,445.51,Month-to-month,Electronic check,0
33,77.44,2555.52,Two year,Bank transfer (automatic),0
45,98.19,4418.55,Two year,Bank transfer (automatic),0
6,111.64,669.84,Month-to-month,Bank transfer (automatic),0
2,18.39,36.78,Month-to-month,Bank transfer (automatic),0
2,57.46,114.92,Month-to-month,Electronic check,1
22,118.77,2612.94,Month-to-month,Credit card (automatic),1
21,78.36,1645.56,Month-to-month,Electronic check,0
2,35.94,71.88,Month-to-month,Mailed check,1
6,89.4,536.4,Month-to-month,Mailed check,1
10,95.14,951.4,Month-to-month,Electronic check,1
9,79.36,714.24,Month-to-month,Credit card (automatic),1
11,93.02,1023.22,Month-to-month,Mailed check,1
16,46.71,747.36,One year,Credit card (automatic),1
23,24.16,555.68,Month-to-month,Mailed check,0
22,63.49,1396.78,Month-to-month,Bank transfer (automatic),0
24,111.47,2675.28,One year,Electronic check,1
13,76.06,988.78,One year,Bank transfer (automatic),0
15,55.79,836.85,Month-to-month,Mailed check,1
23,37.41,860.43,Month-to-month,Mailed check,1
14,107.76,1508.64,Month-to-month,Mailed check,1
49,65.29,3199.21,Two year,Credit card (automatic),0
24,57.33,1375.92,Month-to-month,Electronic check,0
48,118.96,5710.08,Two year,Credit card (automatic),0
21,110.35,2317.35,Month-to-month,Electronic check,1
25,57.91,1447.75,Two year,Electronic check,1
12,34.15,409.8,Month-to-month,Electronic check,0
36,67.63,2434.68,Two year,Electronic check,0
5,67.71,338.55,Month-to-month,Credit card (automatic),0
10,90.01,900.1,Month-to-month,Electronic check,1
15,99.97,1499.55,Month-to-month,Mailed check,1
5,52.54,262.7,Month-to-month,Electronic check,1
21,31.2,655.2,One year,Bank transfer (automatic),0
14,55.7,779.8,One year,Credit card (automatic),0
13,43.1,560.3,Month-to-month,Mailed check,0
17,82.65,1405.05,One year,Credit card (automatic),0
10,76.88,768.8,Month-to-month,Electronic check,1
10,97.72,977.2,Month-to-month,Electronic check,1
63,42.18,2657.34,Two year,Bank transfer (automatic),0
0,49.97,0.0,Month-to-month,Mailed check,0
10,26.29,262.9,Month-to-month,Electronic check,1
23,45.13,1037.99,One year,Credit card (automatic),0
16,90.61,1449.76,One year,Credit card (automatic),0
15,82.57,1238.55,One year,Mailed check,1
33,97.94,3232.02,Two year,Mailed check,0
17,38.41,652.97,Month-to-month,Electronic check,0
19,30.28,575.32,Month-to-month,Credit card (automatic),0
24,69.42,1666.08,One year,Electronic check,1
0,48.41,0.0,Month-to-month,Bank transfer (automatic),1
20,95.76,1915.2,Month-to-month,Electronic check,1
4,63.56,254.24,Month-to-month,Credit card (automatic),1
10,28.99,289.9,Month-to-month,Mailed check,1
14,47.05,658.7,Month-to-month,Bank transfer (automatic),0
1,106.51,106.51,Month-to-month,Electronic check,1
23,56.25,1293.75,Month-to-month,Electronic check,1
5,51.31,256.55,Month-to-month,Electronic check,0
18,95.16,1712.88,Month-to-month,Electronic check,1
22,31.45,691.9,Month-to-month,Bank transfer (automatic),1
16,34.66,554.56,Month-to-month,Electronic check,1
11,52.49,577.39,Month-to-month,Mailed check,1
20,24.34,486.8,One year,Mailed check,0
20,101.93,2038.6,One year,Bank transfer (automatic),0
8,41.19,329.52,Month-to-month,Electronic check,1
22,103.98,2287.56,One year,Electronic check,1
7,114.9,804.3,Month-to-month,Electronic check,1
12,95.11,1141.32,Month-to-month,Electronic check,1
15,20.4,306.0,Month-to-month,Bank transfer (automatic),0
6,78.15,468.9,Month-to-month,Electronic check,1
23,26.22,603.06,One year,Electronic check,0
12,39.7,476.4,Month-to-month,Credit card (automatic),0
42,45.1,1894.2,Two year,Bank transfer (automatic),0
24,79.98,1919.52,Month-to-month,Credit card (automatic),1
3,84.35,253.05,Month-to-month,Electronic check,1
21,70.2,1474.2,Month-to-month,Credit card (automatic),1
3,93.77,281.31,Month-to-month,Electronic check,1
23,48.46,1114.58,Month-to-month,Bank transfer (automatic),0
9,54.82,493.38,Month-to-month,Bank transfer (automatic),1
16,40.11,641.76,One year,Bank transfer (automatic),1
10,39.05,390.5,Month-to-month,Credit card (automatic),0
12,79.38,952.56,Month-to-month,Electronic check,1
9,99.09,891.81,Month-to-month,Bank transfer (automatic),1
30,108.21,3246.3,Two year,Electronic check,0
16,112.88,1806.08,One year,Credit card (automatic),1
5,27.92,139.6,Month-to-month,Bank transfer (automatic),1
23,107.4,2470.2,One year,Credit card (automatic),1
24,21.57,517.68,Month-to-month,Electronic check,1
6,30.27,181.62,Month-to-month,Mailed check,1
54,35.81,1933.74,Two year,Credit card (automatic),0
21,88.88,1866.48,One year,Mailed check,1
2,92.61,185.22,Month-to-month,Bank transfer (automatic),1
0,21.79,0.0,Month-to-month,Bank transfer (automatic),1
0,76.83,0.0,Month-to-month,Electronic check,1
8,90.41,723.28,Month-to-month,Bank transfer (automatic),0
21,45.74,960.54,Month-to-month,Electronic check,0
0,119.58,0.0,Month-to-month,Mailed check,1
20,115.12,2302.4,One year,Credit card (automatic),0
1,47.22,47.22,Month-to-month,Credit card (automatic),1
17,34.72,590.24,Month-to-month,Credit card (automatic),0
4,50.71,202.84,Month-to-month,Bank transfer (automatic),0
11,65.68,722.48,Month-to-month,Bank transfer (automatic),1
24,108.72,2609.28,Month-to-month,Credit card (automatic),0
2,79.42,158.84,Month-to-month,Credit card (automatic),0
14,63.98,895.72,Month-to-month,Mailed check,1
17,69.65,1184.05,One year,Credit card (automatic),0
20,82.54,1650.8,One year,Bank transfer (automatic),0
37,102.12,3778.44,Two year,Bank transfer (automatic),0
56,73.49,4115.44,Two year,Credit card (automatic),0
20,85.79,1715.8,One year,Electronic check,1
10,67.9,679.0,Month-to-month,Bank transfer (automatic),1
49,71.36,3496.64,Two year,Mailed check,0
13,88.16,1146.08,Month-to-month,Mailed check,0
4,103.1,412.4,Month-to-month,Bank transfer (automatic),0
16,99.59,1593.44,Month-to-month,Electronic check,1
43,42.67,1834.81,Two year,Bank transfer (automatic),0
30,115.06,3451.8,Two year,Mailed check,1
6,36.94,221.64,Month-to-month,Electronic check,1
3,61.04,183.12,Month-to-month,Electronic check,1
9,53.0,477.0,Month-to-month,Bank transfer (automatic),1
15,82.79,1241.85,Month-to-month,Bank transfer (automatic),1
19,50.6,961.4,One year,Credit card (automatic),1
18,94.8,1706.4,One year,Credit card (automatic),0
11,114.81,1262.91,Month-to-month,Bank transfer (automatic),1
55,95.42,5248.1,Two year,Mailed check,1
7,91.88,643.16,Month-to-month,Electronic check,1
71,52.41,3721.11,Two year,Mailed check,0
17,97.27,1653.59,Month-to-month,Electronic check,1
0,87.75,0.0,Month-to-month,Mailed check,1
20,63.33,1266.6,One year,Electronic check,0
12,99.73,1196.76,Month-to-month,Bank transfer (automatic),1
13,89.22,1159.86,One year,Electronic check,1
34,22.06,750.04,Two year,Electronic check,0
2,38.31,76.62,Month-to-month,Bank transfer (automatic),1
20,110.35,2207.0,Month-to-month,Bank transfer (automatic),0
10,106.29,1062.9,Month-to-month,Electronic check,1
22,114.7,2523.4,Month-to-month,Bank transfer (automatic),1
19,75.4,1432.6,Month-to-month,Electronic check,1
0,90.26,0.0,Month-to-month,Bank transfer (automatic),0
13,66.31,862.03,Month-to-month,Mailed check,1
13,26.9,349.7,One year,Mailed check,0
20,111.77,2235.4,One year,Mailed check,0
34,26.81,911.54,Two year,Electronic check,1
17,56.08,953.36,Month-to-month,Bank transfer (automatic),1
5,77.38,386.9,Month-to-month,Credit card (automatic),1
9,31.59,284.31,Month-to-month,Electronic check,1
0,29.5,0.0,Month-to-month,Electronic check,1
24,31.98,767.52,One year,Electronic check,0
36,85.73,3086.28,Two year,Credit card (automatic),0
17,82.61,1404.37,Month-to-month,Electronic check,1
32,105.5,3376.0,Two year,Electronic check,1
13,75.75,984.75,One year,Mailed check,1
17,113.64,1931.88,One year,Credit card (automatic),0
1,106.81,106.81,Month-to-month,Bank transfer (automatic),0
11,57.86,636.46,Month-to-month,Bank transfer (automatic),0
32,66.9,2140.8,Two year,Bank transfer (automatic),0
24,82.81,1987.44,Month-to-month,Mailed check,1
2,62.14,124.28,Month-to-month,Mailed check,1
24,32.85,788.4,Month-to-month,Electronic check,1
14,84.32,1180.48,Month-to-month,Mailed check,0
19,51.36,975.84,Month-to-month,Credit card (automatic),1
48,95.26,4572.48,Two year,Mailed check,0
22,79.73,1754.06,One year,Bank transfer (automatic),0
13,88.53,1150.89,One year,Mailed check,0
2,43.66,87.32,Month-to-month,Bank transfer (automatic),1
16,41.24,659.84,Month-to-month,Electronic check,0
6,53.55,321.3,Month-to-month,Electronic check,1
50,46.41,2320.5,Two year,Mailed check,0
21,108.84,2285.64,One year,Electronic check,1
22,87.97,1935.34,One year,Electronic check,0
19,77.34,1469.46,One year,Electronic check,1
22,43.2,950.4,One year,Credit card (automatic),0
22,100.58,2212.76,One year,Electronic check,1
18,64.83,1166.94,Month-to-month,Bank transfer (automatic),1
3,116.58,349.74,Month-to-month,Electronic check,1
36,100.82,3629.52,Two year,Electronic check,1
17,77.53,1318.01,Month-to-month,Credit card (automatic),1
12,118.12,1417.44,One year,Electronic check,1
13,57.46,746.98,Month-to-month,Electronic check,1
1,22.19,22.19,Month-to-month,Mailed check,1
4,97.95,391.8,Month-to-month,Mailed check,0
22,75.79,1667.38,One year,Electronic check,1
8,46.99,375.92,Month-to-month,Bank transfer (automatic),1
24,45.21,1085.04,Month-to-month,Bank transfer (automatic),0
59,77.58,4577.22,Two year,Electronic check,0
12,38.72,464.64,Month-to-month,Credit card (automatic),0
71,80.64,5725.44,Two year,Electronic check,0
39,104.23,4064.97,Two year,Electronic check,1
5,111.6,558.0,Month-to-month,Electronic check,1
13,77.12,1002.56,Month-to-month,Bank transfer (automatic),1
3,104.42,313.26,Month-to-month,Electronic check,1
12,104.76,1257.12,Month-to-month,Electronic check,1
6,107.94,647.64,Month-to-month,Bank transfer (automatic),1
17,20.11,341.87,One year,Mailed check,0
6,56.04,336.24,Month-to-month,Mailed check,0
18,35.17,633.06,One year,Bank transfer (automatic),0
8,43.37,346.96,Month-to-month,Mailed check,1
15,115.99,1739.85,Month-to-month,Bank transfer (automatic),1
13,64.13,833.69,One year,Bank transfer (automatic),0
12,20.09,241.08,Month-to-month,Electronic check,1
13,44.0,572.0,Month-to-month,Mailed check,1
15,34.13,511.95,Month-to-month,Credit card (automatic),1
20,100.63,2012.6,One year,Mailed check,0
72,41.32,2975.04,Two year,Mailed check,0
17,23.11,392.87,Month-to-month,Bank transfer (automatic),1
42,32.45,1362.9,Two year,Mailed check,0
50,49.78,2489.0,Two year,Electronic check,0
1,76.41,76.41,Month-to-month,Electronic check,1
71,35.95,2552.45,Two year,Credit card (automatic),0
39,19.75,770.25,Two year,Credit card (automatic),0
24,28.35,680.4,One year,Electronic check,0
14,74.45,1042.3,Month-to-month,Electronic check,1
5,43.06,215.3,Month-to-month,Mailed check,1
56,100.96,5653.76,Two year,Bank transfer (automatic),0
34,22.93,779.62,Two year,Mailed check,0
11,76.53,841.83,Month-to-month,Credit card (automatic),1
3,90.77,272.31,Month-to-month,Electronic check,1
18,31.86,573.48,One year,Electronic check,1
24,58.29,1398.96,Month-to-month,Mailed check,1
20,114.22,2284.4,Month-to-month,Mailed check,1
23,59.33,1364.59,One year,Bank transfer (automatic),0
55,30.88,1698.4,Two year,Electronic check,1
9,29.78,268.02,Month-to-month,Credit card (automatic),0
0,50.08,0.0,Month-to-month,Electronic check,1
20,94.54,1890.8,Month-to-month,Mailed check,1
14,84.21,1178.94,One year,Bank transfer (automatic),1
7,110.17,771.19,Month-to-month,Electronic check,1
11,108.0,1188.0,Month-to-month,Bank transfer (automatic),1
4,109.5,438.0,Month-to-month,Electronic check,1
14,110.76,1550.64,Month-to-month,Electronic check,1
42,54.19,2275.98,Two year,Electronic check,0
15,24.91,373.65,Month-to-month,Credit card (automatic),1
0,119.19,0.0,Month-to-month,Mailed check,1
12,69.97,839.64,One year,Electronic check,0
10,99.45,994.5,Month-to-month,Mailed check,1
12,99.72,1196.64,One year,Electronic check,1
51,95.89,4890.39,Two year,Bank transfer (automatic),1
21,69.61,1461.81,One year,Bank transfer (automatic),0
10,85.38,853.8,Month-to-month,Credit card (automatic),1
14,95.74,1340.36,One year,Electronic check,1
15,22.27,334.05,One year,Electronic check,1
60,37.75,2265.0,Two year,Electronic check,0
60,44.03,2641.8,Two year,Mailed check,0
1,45.08,45.08,Month-to-month,Electronic check,1
5,112.33,561.65,Month-to-month,Mailed check,1
10,80.91,809.1,Month-to-month,Mailed check,0
40,76.86,3074.4,Two year,Credit card (automatic),0
64,85.82,5492.48,Two year,Bank transfer (automatic),0
21,71.04,1491.84,One year,Credit card (automatic),0
15,101.12,1516.8,One year,Credit card (automatic),0
9,68.89,620.01,Month-to-month,Credit card (automatic),0
9,99.77,897.93,Month-to-month,Credit card (automatic),1
38,107.84,4097.92,Two year,Bank transfer (automatic),0
68,73.31,4985.08,Two year,Credit card (automatic),0
17,48.51,824.67,One year,Mailed check,1
22,24.76,544.72,One year,Credit card (automatic),0
51,33.71,1719.21,Two year,Mailed check,0
3,49.42,148.26,Month-to-month,Credit card (automatic),1
49,78.02,3822.98,Two year,Credit card (automatic),0
63,100.06,6303.78,Two year,Electronic check,0
13,28.27,367.51,One year,Bank transfer (automatic),1
18,68.25,1228.5,One year,Electronic check,1
65,33.49,2176.85,Two year,Credit card (automatic),0
9,118.34,1065.06,Month-to-month,Electronic check,1
17,85.94,1460.98,One year,Credit card (automatic),1
3,21.97,65.91,Month-to-month,Electronic check,1
36,98.53,3547.08,Two year,Bank transfer (automatic),0
41,78.52,3219.32,Two year,Mailed check,0
9,32.14,289.26,Month-to-month,Credit card (automatic),1
68,70.52,4795.36,Two year,Electronic check,0
12,104.92,1259.04,Month-to-month,Electronic check,1
17,115.07,1956.19,One year,Credit card (automatic),1
18,100.31,1805.58,One year,Credit card (automatic),1
44,39.48,1737.12,Two year,Electronic check,0
12,77.94,935.28,One year,Electronic check,1
4,91.72,366.88,Month-to-month,Mailed check,1
7,91.3,639.1,Month-to-month,Electronic check,1
21,74.32,1560.72,Month-to-month,Bank transfer (automatic),0
54,84.93,4586.22,Two year,Electronic check,0
1,21.2,21.2,Month-to-month,Electronic check,0
15,65.28,979.2,Month-to-month,Electronic check,0
19,31.56,599.64,One year,Credit card (automatic),0
44,115.72,5091.68,Two year,Mailed check,0
34,115.34,3921.56,Two year,Electronic check,1
4,22.29,89.16,Month-to-month,Credit card (automatic),1
8,110.55,884.4,Month-to-month,Mailed check,1
20,54.79,1095.8,Month-to-month,Bank transfer (automatic),1
13,67.25,874.25,One year,Electronic check,0
10,87.4,874.0,Month-to-month,Electronic check,1
18,108.74,1957.32,One year,Electronic check,0
18,96.51,1737.18,One year,Bank transfer (automatic),0
18,73.81,1328.58,Month-to-month,Credit card (automatic),1
17,19.83,337.11,One year,Electronic check,0
50,112.76,5638.0,Two year,Electronic check,0
17,103.15,1753.55,One year,Electronic check,1
1,101.31,101.31,Month-to-month,Credit card (automatic),1
12,72.14,865.68,One year,Mailed check,1
49,18.23,893.27,Two year,Mailed check,0
17,101.07,1718.19,Month-to-month,Credit card (automatic),1
23,99.05,2278.15,Month-to-month,Mailed check,1
1,68.66,68.66,Month-to-month,Bank transfer (automatic),1
24,29.82,715.68,Month-to-month,Bank transfer (automatic),1
45,36.08,1623.6,Two year,Bank transfer (automatic),0
10,83.98,839.8,Month-to-month,Mailed check,0
23,92.56,2128.88,Month-to-month,Electronic check,1
5,110.41,552.05,Month-to-month,Electronic check,1
9,49.57,446.13,Month-to-month,Electronic check,1
4,107.07,428.28,Month-to-month,Electronic check,1
24,96.57,2317.68,Month-to-month,Electronic check,1
24,64.03,1536.72,Month-to-month,Electronic check,1
19,70.1,1331.9,One year,Bank transfer (automatic),0
17,98.48,1674.16,One year,Credit card (automatic),0
8,91.98,735.84,Month-to-month,Electronic check,0
24,26.82,643.68,One year,Credit card (automatic),1
22,72.55,1596.1,Month-to-month,Electronic check,1
25,52.7,1317.5,Two year,Bank transfer (automatic),0
20,97.14,1942.8,One year,Electronic check,1
15,96.89,1453.35,Month-to-month,Bank transfer (automatic),0
7,103.12,721.84,Month-to-month,Credit card (automatic),0
19,57.5,1092.5,One year,Bank transfer (automatic),0
14,37.18,520.52,Month-to-month,Electronic check,1
11,84.17,925.87,Month-to-month,Bank transfer (automatic),1
53,26.69,1414.57,Two year,Credit card (automatic),0
13,78.47,1020.11,One year,Bank transfer (automatic),0
24,52.75,1266.0,One year,Bank transfer (automatic),0
10,43.1,431.0,Month-to-month,Credit card (automatic),1
3,23.6,70.8,Month-to-month,Electronic check,1
40,101.2,4048.0,Two year,Electronic check,0
2,117.46,234.92,Month-to-month,Credit card (automatic),1
13,20.32,264.16,Month-to-month,Bank transfer (automatic),0
4,113.0,452.0,Month-to-month,Bank transfer (automatic),1
30,117.41,3522.3,Two year,Mailed check,0
18,39.66,713.88,Month-to-month,Electronic check,0
24,74.12,1778.88,Month-to-month,Electronic check,1
59,113.39,6690.01,Two year,Credit card (automatic),0
21,48.35,1015.35,Month-to-month,Credit card (automatic),0
18,27.48,494.64,One year,Electronic check,1
13,114.8,1492.4,One year,Electronic check,1
15,100.57,1508.55,Month-to-month,Mailed check,1
17,109.29,1857.93,Month-to-month,Electronic check,1
18,89.47,1610.46,Month-to-month,Electronic check,1
70,90.23,6316.1,Two year,Mailed check,0
56,42.34,2371.04,Two year,Credit card (automatic),0
21,99.06,2080.26,One year,Credit card (automatic),0
1,61.83,61.83,Month-to-month,Mailed check,1
9,53.12,478.08,Month-to-month,Credit card (automatic),1
16,45.47,727.52,One year,Credit card (automatic),0
40,84.13,3365.2,Two year,Bank transfer (automatic),0
36,94.17,3390.12,Two year,Mailed check,0
21,30.24,635.04,One year,Credit card (automatic),0
7,93.98,657.86,Month-to-month,Electronic check,1
15,46.21,693.15,One year,Electronic check,1
3,102.66,307.98,Month-to-month,Electronic check,1
4,32.99,131.96,Month-to-month,Electronic check,1
13,56.63,736.19,Month-to-month,Mailed check,1
20,32.88,657.6,Month-to-month,Bank transfer (automatic),1
21,42.76,897.96,Month-to-month,Bank transfer (automatic),1
0,62.2,0.0,Month-to-month,Electronic check,1
23,64.79,1490.17,One year,Credit card (automatic),0
4,46.91,187.64,Month-to-month,Credit card (automatic),1
24,72.02,1728.48,One year,Mailed check,0
14,38.49,538.86,Month-to-month,Bank transfer (automatic),0
41,34.37,1409.17,Two year,Credit card (automatic),0
39,83.81,3268.59,Two year,Electronic check,0
65,113.27,7362.55,Two year,Bank transfer (automatic),1
23,28.08,645.84,One year,Mailed check,0
12,20.07,240.84,Month-to-month,Electronic check,1
42,43.71,1835.82,Two year,Electronic check,0
63,76.59,4825.17,Two year,Credit card (automatic),0
57,18.34,1045.38,Two year,Bank transfer (automatic),0
17,60.81,1033.77,Month-to-month,Bank transfer (automatic),1
23,49.25,1132.75,Month-to-month,Electronic check,0
18,38.35,690.3,Month-to-month,Credit card (automatic),1
60,54.4,3264.0,Two year,Bank transfer (automatic),0
17,22.67,385.39,One year,Credit card (automatic),0
10,68.3,683.0,Month-to-month,Electronic check,1
13,75.65,983.45,One year,Bank transfer (automatic),1
14,60.06,840.84,Month-to-month,Electronic check,0
17,63.01,1071.17,Month-to-month,Bank transfer (automatic),1
13,21.73,282.49,One year,Electronic check,1
16,83.59,1337.44,One year,Electronic check,0
39,80.4,3135.6,Two year,Electronic check,1
23,82.17,1889.91,Month-to-month,Bank transfer (automatic),0
17,35.04,595.68,Month-to-month,Bank transfer (automatic),0
19,101.34,1925.46,One year,Credit card (automatic),1
2,69.38,138.76,Month-to-month,Electronic check,1
23,53.59,1232.57,One year,Electronic check,1
0,93.37,0.0,Month-to-month,Bank transfer (automatic),0
15,35.55,533.25,One year,Bank transfer (automatic),1
15,102.38,1535.7,One year,Bank transfer (automatic),1
14,41.01,574.14,Month-to-month,Electronic check,1
6,55.4,332.4,Month-to-month,Credit card (automatic),0
18,33.7,606.6,One year,Credit card (automatic),1
24,35.48,851.52,Two year,Mailed check,1
13,29.07,377.91,Month-to-month,Credit card (automatic),0
3,62.33,186.99,Month-to-month,Electronic check,1
22,74.61,1641.42,Month-to-month,Bank transfer (automatic),0
61,118.41,7223.01,Two year,Credit card (automatic),0
17,85.37,1451.29,Month-to-month,Credit card (automatic),1
14,46.48,650.72,Month-to-month,Electronic check,1
24,103.23,2477.52,Month-to-month,Bank transfer (automatic),1
14,112.58,1576.12,Month-to-month,Bank transfer (automatic),0
1,41.43,41.43,Month-to-month,Bank transfer (automatic),0
54,58.25,3145.5,Two year,Electronic check,0
12,70.83,849.96,One year,Credit card (automatic),0
1,69.86,69.86,Month-to-month,Electronic check,1
59,26.52,1564.68,Two year,Electronic check,0
17,31.89,542.13,Month-to-month,Electronic check,1
6,32.25,193.5,Month-to-month,Credit card (automatic),0
14,81.73,1144.22,One year,Electronic check,1
23,95.53,2197.19,One year,Mailed check,0
17,21.06,358.02,One year,Credit card (automatic),0
23,20.47,470.81,One year,Bank transfer (automatic),0
24,93.7,2248.8,Month-to-month,Electronic check,1
15,115.22,1728.3,Month-to-month,Bank transfer (automatic),1
17,23.84,405.28,One year,Mailed check,0
33,118.82,3921.06,Two year,Electronic check,1
20,83.85,1677.0,One year,Credit card (automatic),0
4,79.24,316.96,Month-to-month,Electronic check,1
24,25.81,619.44,Month-to-month,Mailed check,1
24,22.33,535.92,One year,Mailed check,0
0,22.5,0.0,Month-to-month,Mailed check,1
18,53.23,958.14,One year,Credit card (automatic),0
16,33.3,532.8,Month-to-month,Mailed check,1
8,70.19,561.52,Month-to-month,Mailed check,0
9,101.8,916.2,Month-to-month,Electronic check,1
22,22.02,484.44,Month-to-month,Electronic check,1
19,105.31,2000.89,Month-to-month,Electronic check,1
12,96.78,1161.36,One year,Credit card (automatic),0
57,36.85,2100.45,Two year,Credit card (automatic),0
3,106.26,318.78,Month-to-month,Electronic check,1
16,93.33,1493.28,Month-to-month,Credit card (automatic),1
22,36.1,794.2,One year,Credit card (automatic),0
16,37.77,604.32,Month-to-month,Credit card (automatic),0
12,45.32,543.84,Month-to-month,Bank transfer (automatic),1
19,87.15,1655.85,Month-to-month,Bank transfer (automatic),0
21,92.52,1942.92,Month-to-month,Bank transfer (automatic),1
13,95.16,1237.08,Month-to-month,Electronic check,1
18,39.82,716.76,One year,Credit card (automatic),0
12,101.85,1222.2,One year,Electronic check,1
46,114.51,5267.46,Two year,Mailed check,0
5,59.13,295.65,Month-to-month,Credit card (automatic),1
22,37.07,815.54,One year,Electronic check,1
66,26.63,1757.58,Two year,Bank transfer (automatic),0
9,70.32,632.88,Month-to-month,Electronic check,0
0,96.75,0.0,Month-to-month,Credit card (automatic),0
16,70.91,1134.56,Month-to-month,Bank transfer (automatic),0
4,65.5,262.0,Month-to-month,Bank transfer (automatic),0
1,47.55,47.55,Month-to-month,Bank transfer (automatic),0
37,111.48,4124.76,Two year,Electronic check,1
20,44.29,885.8,One year,Mailed check,1
15,100.28,1504.2,One year,Mailed check,0
14,71.67,1003.38,Month-to-month,Bank transfer (automatic),0
21,117.51,2467.71,One year,Mailed check,1
15,40.11,601.65,Month-to-month,Bank transfer (automatic),1
13,105.19,1367.47,Month-to-month,Electronic check,1
63,95.66,6026.58,Two year,Credit card (automatic),0
30,65.09,1952.7,Two year,Credit card (automatic),0
16,108.97,1743.52,Month-to-month,Bank transfer (automatic),1
0,77.78,0.0,Month-to-month,Credit card (automatic),1
19,71.43,1357.17,Month-to-month,Mailed check,1
22,89.69,1973.18,One year,Electronic check,1
3,115.96,347.88,Month-to-month,Credit card (automatic),0
67,39.8,2666.6,Two year,Credit card (automatic),0
27,25.78,696.06,Two year,Electronic check,0
64,96.73,6190.72,Two year,Credit card (automatic),0
12,72.05,864.6,Month-to-month,Electronic check,1
13,37.86,492.18,Month-to-month,Electronic check,0
19,69.6,1322.4,Month-to-month,Electronic check,1
13,25.83,335.79,Month-to-month,Electronic check,1
23,47.98,1103.54,Month-to-month,Bank transfer (automatic),0
11,82.31,905.41,Month-to-month,Bank transfer (automatic),0
12,61.72,740.64,Month-to-month,Mailed check,0
13,29.88,388.44,One year,Mailed check,1
12,114.27,1371.24,One year,Electronic check,0
11,57.84,636.24,Month-to-month,Credit card (automatic),0
0,57.4,0.0,Month-to-month,Credit card (automatic),0
6,28.19,169.14,Month-to-month,Credit card (automatic),1
11,23.31,256.41,Month-to-month,Credit card (automatic),1
13,67.51,877.63,One year,Mailed check,0
4,81.36,325.44,Month-to-month,Bank transfer (automatic),0
26,29.81,775.06,Two year,Electronic check,0
19,97.58,1854.02,One year,Credit card (automatic),0
17,93.14,1583.38,Month-to-month,Credit card (automatic),1
20,56.18,1123.6,Month-to-month,Electronic check,1
14,88.49,1238.86,Month-to-month,Bank transfer (automatic),1
60,77.25,4635.0,Two year,Mailed check,1
0,90.89,0.0,Month-to-month,Bank transfer (automatic),1
12,95.13,1141.56,Month-to-month,Credit card (automatic),0
24,81.7,1960.8,One year,Bank transfer (automatic),0
59,83.46,4924.14,Two year,Bank transfer (automatic),0
24,118.09,2834.16,One year,Bank transfer (automatic),0
58,97.92,5679.36,Two year,Electronic check,0
14,51.7,723.8,One year,Bank transfer (automatic),1
9,76.09,684.81,Month-to-month,Mailed check,0
36,29.05,1045.8,Two year,Credit card (automatic),0
33,97.18,3206.94,Two year,Electronic check,0
12,59.6,715.2,One year,Credit card (automatic),0
49,83.3,4081.7,Two year,Mailed check,0
20,63.08,1261.6,Month-to-month,Credit card (automatic),0
23,41.27,949.21,Month-to-month,Credit card (automatic),0
11,84.32,927.52,Month-to-month,Bank transfer (automatic),0
17,95.22,1618.74,Month-to-month,Bank transfer (automatic),0
46,115.92,5332.32,Two year,Credit card (automatic),0
22,75.76,1666.72,Month-to-month,Electronic check,1
4,59.44,237.76,Month-to-month,Credit card (automatic),0
21,45.14,947.94,Month-to-month,Electronic check,0
13,82.3,1069.9,Month-to-month,Mailed check,0
13,28.02,364.26,Month-to-month,Bank transfer (automatic),0
57,50.0,2850.0,Two year,Bank transfer (automatic),0
36,97.28,3502.08,Two year,Electronic check,0
24,49.7,1192.8,Month-to-month,Bank transfer (automatic),0
12,102.92,1235.04,One year,Electronic check,1
22,104.93,2308.46,One year,Electronic check,1
2,119.84,239.68,Month-to-month,Credit card (automatic),1
36,25.66,923.76,Two year,Mailed check,0
25,22.89,572.25,Two year,Electronic check,1
8,26.17,209.36,Month-to-month,Bank transfer (automatic),0
1,64.22,64.22,Month-to-month,Bank transfer (automatic),0
61,114.84,7005.24,Two year,Mailed check,0
17,40.49,688.33,One year,Electronic check,1
14,79.08,1107.12,Month-to-month,Mailed check,1
4,92.05,368.2,Month-to-month,Credit card (automatic),0
4,53.14,212.56,Month-to-month,Electronic check,1
23,81.79,1881.17,Month-to-month,Credit card (automatic),1
5,75.67,378.35,Month-to-month,Electronic check,0
0,58.52,0.0,Month-to-month,Bank transfer (automatic),1
6,38.24,229.44,Month-to-month,Electronic check,1
10,54.5,545.0,Month-to-month,Electronic check,0
12,29.09,349.08,Month-to-month,Credit card (automatic),0
5,87.16,435.8,Month-to-month,Electronic check,1
7,94.53,661.71,Month-to-month,Mailed check,1
4,65.71,262.84,Month-to-month,Bank transfer (automatic),1
36,40.26,1449.36,Two year,Mailed check,1
16,78.44,1255.04,One year,Electronic check,0
1,32.37,32.37,Month-to-month,Bank transfer (automatic),1
3,61.98,185.94,Month-to-month,Credit card (automatic),1
21,43.51,913.71,Month-to-month,Mailed check,1
4,110.31,441.24,Month-to-month,Electronic check,1
5,25.67,128.35,Month-to-month,Mailed check,0
21,72.7,1526.7,One year,Credit card (automatic),1
18,35.51,639.18,One year,Electronic check,0
23,88.05,2025.15,One year,Mailed check,0
15,107.22,1608.3,One year,Credit card (automatic),0
35,73.44,2570.4,Two year,Credit card (automatic),0
18,94.53,1701.54,Month-to-month,Electronic check,0
18,73.55,1323.9,Month-to-month,Credit card (automatic),0
3,64.26,192.78,Month-to-month,Credit card (automatic),0
7,109.83,768.81,Month-to-month,Credit card (automatic),1
24,55.24,1325.76,Two year,Credit card (automatic),1
5,36.41,182.05,Month-to-month,Electronic check,1
12,87.23,1046.76,Month-to-month,Electronic check,1
14,113.58,1590.12,Month-to-month,Electronic check,1
2,71.33,142.66,Month-to-month,Electronic check,1
4,51.39,205.56,Month-to-month,Credit card (automatic),1
1,74.87,74.87,Month-to-month,Bank transfer (automatic),1
21,80.11,1682.31,One year,Electronic check,1
5,30.94,154.7,Month-to-month,Electronic check,0
62,88.56,5490.72,Two year,Credit card (automatic),0
70,79.02,5531.4,Two year,Mailed check,0
4,48.41,193.64,Month-to-month,Electronic check,1
59,82.21,4850.39,Two year,Bank transfer (automatic),0
17,69.77,1186.09,Month-to-month,Mailed check,0
22,63.02,1386.44,One year,Electronic check,1
12,63.65,763.8,Month-to-month,Credit card (automatic),1
5,20.67,103.35,Month-to-month,Credit card (automatic),0
19,24.48,465.12,Month-to-month,Credit card (automatic),0
58,68.23,3957.34,Two year,Mailed check,0
51,69.59,3549.09,Two year,Bank transfer (automatic),0
10,70.64,706.4,Month-to-month,Credit card (automatic),1
65,72.28,4698.2,Two year,Electronic check,0
21,81.77,1717.17,Month-to-month,Bank transfer (automatic),1
0,85.68,0.0,Month-to-month,Electronic check,1
23,81.19,1867.37,One year,Mailed check,0
13,35.13,456.69,One year,Electronic check,0
11,45.37,499.07,Month-to-month,Bank transfer (automatic),1
12,38.0,456.0,Month-to-month,Mailed check,1
64,43.16,2762.24,Two year,Electronic check,0
16,98.53,1576.48,One year,Bank transfer (automatic),0
17,115.97,1971.49,Month-to-month,Credit card (automatic),0
34,44.59,1516.06,Two year,Electronic check,0
72,52.46,3777.12,Two year,Electronic check,0
10,57.69,576.9,Month-to-month,Credit card (automatic),0
7,106.57,745.99,Month-to-month,Credit card (automatic),1
11,28.43,312.73,Month-to-month,Credit card (automatic),0
69,57.9,3995.1,Two year,Electronic check,0
40,115.54,4621.6,Two year,Mailed check,0
17,95.11,1616.87,One year,Electronic check,0
0,37.8,0.0,Month-to-month,Electronic check,1
16,102.08,1633.28,Month-to-month,Bank transfer (automatic),1
62,67.39,4178.18,Two year,Credit card (automatic),0
18,42.07,757.26,Month-to-month,Bank transfer (automatic),0
12,49.37,592.44,Month-to-month,Mailed check,1
10,38.63,386.3,Month-to-month,Electronic check,1
6,101.39,608.34,Month-to-month,Bank transfer (automatic),1
39,99.48,3879.72,Two year,Mailed check,0
19,45.11,857.09,Month-to-month,Electronic check,0
13,46.91,609.83,One year,Bank transfer (automatic),0
5,64.58,322.9,Month-to-month,Bank transfer (automatic),0
61,71.42,4356.62,Two year,Electronic check,0
24,66.76,1602.24,One year,Credit card (automatic),0
16,74.9,1198.4,Month-to-month,Credit card (automatic),0
10,74.86,748.6,Month-to-month,Credit card (automatic),0
17,106.13,1804.21,One year,Mailed check,0
17,63.1,1072.7,Month-to-month,Bank transfer (automatic),1
10,70.04,700.4,Month-to-month,Mailed check,0
64,52.63,3368.32,Two year,Electronic check,0
44,98.34,4326.96,Two year,Credit card (automatic),0
9,115.72,1041.48,Month-to-month,Mailed check,0
51,118.51,6044.01,Two year,Credit card (automatic),1
26,22.37,581.62,Two year,Electronic check,0
20,107.6,2152.0,Month-to-month,Electronic check,1
3,99.53,298.59,Month-to-month,Bank transfer (automatic),0
10,67.01,670.1,Month-to-month,Electronic check,1
23,36.58,841.34,One year,Mailed check,1
16,80.92,1294.72,Month-to-month,Credit card (automatic),1
14,68.96,965.44,One year,Bank transfer (automatic),0
52,109.68,5703.36,Two year,Electronic check,0
18,33.27,598.86,One year,Electronic check,1
23,89.78,2064.94,Month-to-month,Mailed check,0
2,71.63,143.26,Month-to-month,Credit card (automatic),0
3,93.18,279.54,Month-to-month,Mailed check,1
4,107.62,430.48,Month-to-month,Electronic check,1
12,56.47,677.64,One year,Bank transfer (automatic),1
8,67.93,543.44,Month-to-month,Electronic check,1
20,34.84,696.8,One year,Electronic check,0
14,36.05,504.7,Month-to-month,Electronic check,1
8,94.18,753.44,Month-to-month,Mailed check,1
18,33.79,608.22,One year,Mailed check,0
2,70.11,140.22,Month-to-month,Electronic check,1
22,74.49,1638.78,One year,Mailed check,0
5,91.27,456.35,Month-to-month,Mailed check,0
19,88.12,1674.28,One year,Electronic check,1
21,84.85,1781.85,One year,Bank transfer (automatic),0
44,36.54,1607.76,Two year,Credit card (automatic),0
37,93.58,3462.46,Two year,Credit card (automatic),0
44,85.04,3741.76,Two year,Bank transfer (automatic),0
20,32.68,653.6,One year,Electronic check,0
7,98.51,689.57,Month-to-month,Mailed check,0
9,45.21,406.89,Month-to-month,Electronic check,1
23,108.02,2484.46,One year,Mailed check,1
25,76.25,1906.25,Two year,Electronic check,1
24,68.81,1651.44,Month-to-month,Credit card (automatic),0
19,102.14,1940.66,Month-to-month,Credit card (automatic),0
5,62.89,314.45,Month-to-month,Electronic check,1
19,65.79,1250.01,Month-to-month,Bank transfer (automatic),1
15,90.21,1353.15,Month-to-month,Electronic check,1
16,42.79,684.64,Month-to-month,Credit card (automatic),1
30,31.74,952.2,Two year,Bank transfer (automatic),0
12,73.89,886.68,One year,Bank transfer (automatic),1
59,67.87,4004.33,Two year,Electronic check,0
20,69.6,1392.0,One year,Mailed check,0
23,91.65,2107.95,Month-to-month,Electronic check,0
15,83.02,1245.3,One year,Mailed check,1
24,98.61,2366.64,Month-to-month,Credit card (automatic),0
9,42.1,378.9,Month-to-month,Electronic check,1
18,50.71,912.78,Month-to-month,Bank transfer (automatic),1
6,106.94,641.64,Month-to-month,Credit card (automatic),1
33,83.58,2758.14,Two year,Electronic check,1
71,53.52,3799.92,Two year,Credit card (automatic),0
20,106.52,2130.4,Month-to-month,Mailed check,1
0,76.81,0.0,Month-to-month,Credit card (automatic),0
15,27.48,412.2,Month-to-month,Bank transfer (automatic),0
4,92.64,370.56,Month-to-month,Electronic check,1
22,115.93,2550.46,Month-to-month,Credit card (automatic),1
13,79.8,1037.4,One year,Electronic check,0
12,28.66,343.92,Month-to-month,Electronic check,0
1,63.54,63.54,Month-to-month,Bank transfer (automatic),0
24,62.64,1503.36,One year,Credit card (automatic),0
37,21.78,805.86,Two year,Bank transfer (automatic),0
17,19.37,329.29,Month-to-month,Electronic check,1
16,97.22,1555.52,One year,Bank transfer (automatic),1
13,27.19,353.47,One year,Electronic check,1
20,32.34,646.8,One year,Mailed check,0
4,33.31,133.24,Month-to-month,Bank transfer (automatic),1
18,37.75,679.5,Month-to-month,Credit card (automatic),0
48,103.64,4974.72,Two year,Electronic check,1
24,112.93,2710.32,One year,Bank transfer (automatic),0
24,88.85,2132.4,One year,Electronic check,1
14,30.1,421.4,Month-to-month,Electronic check,1
10,73.04,730.4,Month-to-month,Mailed check,1
12,44.45,533.4,One year,Electronic check,1
14,118.99,1665.86,One year,Electronic check,0
5,66.89,334.45,Month-to-month,Mailed check,1
19,24.27,461.13,Month-to-month,Electronic check,1
61,20.28,1237.08,Two year,Mailed check,0
20,114.41,2288.2,Month-to-month,Electronic check,1
5,102.43,512.15,Month-to-month,Credit card (automatic),1
23,106.38,2446.74,One year,Electronic check,1
11,110.61,1216.71,Month-to-month,Electronic check,1
20,64.05,1281.0,Month-to-month,Credit card (automatic),1
17,63.17,1073.89,One year,Bank transfer (automatic),0
51,104.04,5306.04,Two year,Mailed check,0
4,103.35,413.4,Month-to-month,Credit card (automatic),1
17,24.06,409.02,Month-to-month,Electronic check,1
15,20.72,310.8,One year,Electronic check,0
30,63.83,1914.9,Two year,Bank transfer (automatic),0
51,70.66,3603.66,Two year,Mailed check,0
21,55.36,1162.56,Month-to-month,Credit card (automatic),1
13,117.37,1525.81,One year,Credit card (automatic),0
1,59.68,59.68,Month-to-month,Electronic check,1
10,26.13,261.3,Month-to-month,Bank transfer (automatic),1
57,115.3,6572.1,Two year,Mailed check,0
3,89.81,269.43,Month-to-month,Mailed check,1
20,105.66,2113.2,One year,Electronic check,0
19,43.88,833.72,Month-to-month,Bank transfer (automatic),1
6,119.98,719.88,Month-to-month,Electronic check,1
14,101.9,1426.6,One year,Bank transfer (automatic),0
13,108.74,1413.62,Month-to-month,Electronic check,1
2,71.51,143.02,Month-to-month,Mailed check,0
12,23.87,286.44,One year,Mailed check,1
10,81.94,819.4,Month-to-month,Electronic check,1
14,78.03,1092.42,Month-to-month,Electronic check,1
0,94.4,0.0,Month-to-month,Electronic check,1
17,24.93,423.81,Month-to-month,Bank transfer (automatic),0
22,89.04,1958.88,One year,Credit card (automatic),0
22,24.71,543.62,Month-to-month,Bank transfer (automatic),0
16,21.87,349.92,Month-to-month,Bank transfer (automatic),0
19,112.78,2142.82,One year,Bank transfer (automatic),1
22,40.82,898.04,One year,Credit card (automatic),1
3,100.99,302.97,Month-to-month,Mailed check,1
18,110.62,1991.16,One year,Electronic check,0
1,67.47,67.47,Month-to-month,Mailed check,1
24,50.88,1221.12,Month-to-month,Credit card (automatic),1
22,78.28,1722.16,One year,Credit card (automatic),0
21,63.5,1333.5,One year,Electronic check,1
14,108.11,1513.54,One year,Credit card (automatic),0
37,65.66,2429.42,Two year,Electronic check,0
34,28.78,978.52,Two year,Mailed check,0
66,20.8,1372.8,Two year,Bank transfer (automatic),0
20,114.26,2285.2,One year,Electronic check,0
24,80.75,1938.0,Month-to-month,Bank transfer (automatic),1
18,63.76,1147.68,Month-to-month,Credit card (automatic),1
0,92.56,0.0,Month-to-month,Credit card (automatic),1
22,69.84,1536.48,One year,Credit card (automatic),0
49,109.2,5350.8,Two year,Credit card (automatic),0
14,114.57,1603.98,Month-to-month,Bank transfer (automatic),0
7,76.25,533.75,Month-to-month,Bank transfer (automatic),1
0,72.99,0.0,Month-to-month,Mailed check,1
13,66.38,862.94,Month-to-month,Mailed check,1
6,56.79,340.74,Month-to-month,Credit card (automatic),1
22,86.13,1894.86,One year,Electronic check,0
18,45.58,820.44,Month-to-month,Mailed check,1
20,33.34,666.8,One year,Bank transfer (automatic),0
21,112.88,2370.48,Month-to-month,Credit card (automatic),1
21,54.17,1137.57,One year,Electronic check,0
18,61.2,1101.6,Month-to-month,Credit card (automatic),1
20,43.31,866.2,Month-to-month,Credit card (automatic),1
20,74.94,1498.8,One year,Credit card (automatic),0
14,77.27,1081.78,Month-to-month,Electronic check,0
14,47.87,670.18,One year,Bank transfer (automatic),1
22,46.87,1031.14,One year,Mailed check,0
8,113.43,907.44,Month-to-month,Electronic check,1
4,24.61,98.44,Month-to-month,Mailed check,1
14,34.3,480.2,One year,Electronic check,0
22,59.48,1308.56,One year,Electronic check,0
18,115.94,2086.92,Month-to-month,Mailed check,1
22,69.18,1521.96,Month-to-month,Mailed check,1
40,58.31,2332.4,Two year,Electronic check,1
62,76.73,4757.26,Two year,Mailed check,0
16,25.53,408.48,One year,Electronic check,0
23,43.33,996.59,Month-to-month,Credit card (automatic),0
34,119.86,4075.24,Two year,Bank transfer (automatic),0
15,66.46,996.9,One year,Electronic check,1
7,22.47,157.29,Month-to-month,Electronic check,1
17,97.54,1658.18,One year,Electronic check,0
41,94.55,3876.55,Two year,Mailed check,0
13,50.42,655.46,Month-to-month,Bank transfer (automatic),1
0,98.35,0.0,Month-to-month,Electronic check,1
71,67.39,4784.69,Two year,Mailed check,0
14,89.42,1251.88,One year,Bank transfer (automatic),0
12,73.76,885.12,One year,Mailed check,0
19,103.0,1957.0,One year,Credit card (automatic),1
13,70.73,919.49,Month-to-month,Mailed check,0
21,36.84,773.64,One year,Credit card (automatic),0
13,80.88,1051.44,Month-to-month,Electronic check,1
61,58.37,3560.57,Two year,Electronic check,0
12,75.86,910.32,Month-to-month,Credit card (automatic),0
61,44.64,2723.04,Two year,Electronic check,0
21,31.75,666.75,One year,Electronic check,0
24,66.73,1601.52,Month-to-month,Credit card (automatic),1
23,22.54,518.42,One year,Mailed check,1
23,24.31,559.13,Month-to-month,Mailed check,0
12,39.13,469.56,Month-to-month,Bank transfer (automatic),1
4,28.2,112.8,Month-to-month,Bank transfer (automatic),1
12,67.52,810.24,Month-to-month,Bank transfer (automatic),1
16,100.31,1604.96,One year,Bank transfer (automatic),1
27,47.92,1293.84,Two year,Electronic check,0
23,105.88,2435.24,Month-to-month,Credit card (automatic),1
10,98.5,985.0,Month-to-month,Mailed check,1
9,50.1,450.9,Month-to-month,Credit card (automatic),0
17,109.03,1853.51,Month-to-month,Mailed check,1
17,116.41,1978.97,One year,Electronic check,1
13,31.35,407.55,Month-to-month,Bank transfer (automatic),0
12,97.89,1174.68,Month-to-month,Credit card (automatic),0
22,47.5,1045.0,Month-to-month,Mailed check,1
17,41.35,702.95,One year,Bank transfer (automatic),1
14,105.27,1473.78,One year,Bank transfer (automatic),1
24,99.42,2386.08,Month-to-month,Electronic check,1
54,49.68,2682.72,Two year,Bank transfer (automatic),0
0,28.57,0.0,Month-to-month,Electronic check,1
17,110.89,1885.13,One year,Electronic check,0
57,83.22,4743.54,Two year,Electronic check,0
17,19.53,332.01,Month-to-month,Credit card (automatic),1
22,68.44,1505.68,Month-to-month,Mailed check,1
18,78.74,1417.32,Month-to-month,Electronic check,0
0,112.96,0.0,Month-to-month,Credit card (automatic),1
8,104.98,839.84,Month-to-month,Bank transfer (automatic),1
3,111.79,335.37,Month-to-month,Electronic check,1
24,108.22,2597.28,Month-to-month,Electronic check,1
23,57.36,1319.28,Month-to-month,Bank transfer (automatic),0
20,35.22,704.4,Month-to-month,Bank transfer (automatic),0
32,30.59,978.88,Two year,Electronic check,0
16,54.93,878.88,One year,Mailed check,0
67,114.35,7661.45,Two year,Electronic check,1
19,52.53,998.07,One year,Electronic check,1
3,32.27,96.81,Month-to-month,Credit card (automatic),1
42,96.51,4053.42,Two year,Credit card (automatic),0
22,113.89,2505.58,One year,Credit card (automatic),0
49,95.94,4701.06,Two year,Mailed check,0
23,34.97,804.31,Month-to-month,Bank transfer (automatic),1
17,56.71,964.07,Month-to-month,Credit card (automatic),1
22,19.29,424.38,Month-to-month,Mailed check,1
48,116.16,5575.68,Two year,Electronic check,0
6,21.39,128.34,Month-to-month,Bank transfer (automatic),0
70,73.62,5153.4,Two year,Electronic check,0
10,104.47,1044.7,Month-to-month,Credit card (automatic),0
22,98.36,2163.92,Month-to-month,Credit card (automatic),0
12,62.94,755.28,Month-to-month,Bank transfer (automatic),1
13,53.22,691.86,Month-to-month,Electronic check,1
11,44.69,491.59,Month-to-month,Credit card (automatic),1
58,107.66,6244.28,Two year,Electronic check,0
14,89.87,1258.18,Month-to-month,Bank transfer (automatic),1
24,110.86,2660.64,Month-to-month,Bank transfer (automatic),0
3,33.0,99.0,Month-to-month,Bank transfer (automatic),1
17,93.0,1581.0,Month-to-month,Bank transfer (automatic),0
21,71.82,1508.22,One year,Mailed check,0
62,24.21,1501.02,Two year,Bank transfer (automatic),0
4,103.43,413.72,Month-to-month,Bank transfer (automatic),1
40,56.44,2257.6,Two year,Bank transfer (automatic),0
19,73.13,1389.47,Month-to-month,Bank transfer (automatic),0
14,110.26,1543.64,One year,Electronic check,0
14,71.19,996.66,One year,Bank transfer (automatic),1
31,118.5,3673.5,Two year,Electronic check,0
5,114.26,571.3,Month-to-month,Mailed check,1
56,112.26,6286.56,Two year,Mailed check,0
14,30.35,424.9,One year,Electronic check,0
0,19.66,0.0,Month-to-month,Electronic check,1
3,22.62,67.86,Month-to-month,Mailed check,1
59,111.79,6595.61,Two year,Bank transfer (automatic),0
20,26.53,530.6,One year,Electronic check,1
9,24.29,218.61,Month-to-month,Credit card (automatic),0
44,84.29,3708.76,Two year,Electronic check,0
1,98.19,98.19,Month-to-month,Mailed check,1
20,83.43,1668.6,One year,Bank transfer (automatic),1
18,50.27,904.86,Month-to-month,Credit card (automatic),0
23,96.86,2227.78,Month-to-month,Electronic check,1
35,18.36,642.6,Two year,Mailed check,0
23,78.01,1794.23,Month-to-month,Electronic check,1
22,22.7,499.4,Month-to-month,Electronic check,1
41,27.39,1122.99,Two year,Mailed check,1
16,106.49,1703.84,One year,Credit card (automatic),0
15,118.65,1779.75,One year,Credit card (automatic),1
12,80.64,967.68,Month-to-month,Electronic check,0
19,22.28,423.32,One year,Bank transfer (automatic),0
6,61.85,371.1,Month-to-month,Bank transfer (automatic),1
17,92.01,1564.17,Month-to-month,Electronic check,1
14,98.06,1372.84,Month-to-month,Mailed check,1
16,109.57,1753.12,Month-to-month,Bank transfer (automatic),1
21,83.37,1750.77,Month-to-month,Credit card (automatic),0
18,61.73,1111.14,Month-to-month,Electronic check,1
48,20.38,978.24,Two year,Bank transfer (automatic),0
4,62.02,248.08,Month-to-month,Credit card (automatic),0
64,71.24,4559.36,Two year,Mailed check,0
43,117.73,5062.39,Two year,Mailed check,0
18,55.59,1000.62,Month-to-month,Credit card (automatic),1
10,70.07,700.7,Month-to-month,Mailed check,0
9,90.02,810.18,Month-to-month,Mailed check,1
19,36.86,700.34,Month-to-month,Electronic check,1
20,74.25,1485.0,Month-to-month,Credit card (automatic),1
14,62.45,874.3,One year,Bank transfer (automatic),1
10,70.25,702.5,Month-to-month,Credit card (automatic),1
8,91.54,732.32,Month-to-month,Bank transfer (automatic),1
59,53.35,3147.65,Two year,Electronic check,0
10,62.38,623.8,Month-to-month,Credit card (automatic),1
4,104.15,416.6,Month-to-month,Bank transfer (automatic),1
25,113.69,2842.25,Two year,Bank transfer (automatic),1
23,109.64,2521.72,One year,Electronic check,1
37,102.38,3788.06,Two year,Mailed check,0
56,34.62,1938.72,Two year,Credit card (automatic),0
8,18.52,148.16,Month-to-month,Bank transfer (automatic),1
16,36.64,586.24,Month-to-month,Credit card (automatic),0
14,119.36,1671.04,One year,Electronic check,1
47,18.64,876.08,Two year,Mailed check,0
22,89.2,1962.4,One year,Credit card (automatic),0
0,80.26,0.0,Month-to-month,Bank transfer (automatic),0
66,26.79,1768.14,Two year,Electronic check,0
23,55.0,1265.0,Month-to-month,Credit card (automatic),0
60,31.89,1913.4,Two year,Mailed check,0
18,50.02,900.36,Month-to-month,Credit card (automatic),1
68,102.66,6980.88,Two year,Electronic check,0
43,75.3,3237.9,Two year,Bank transfer (automatic),0
4,99.34,397.36,Month-to-month,Credit card (automatic),1
6,106.25,637.5,Month-to-month,Bank transfer (automatic),1
15,96.13,1441.95,Month-to-month,Electronic check,1
24,91.54,2196.96,One year,Credit card (automatic),0
43,100.72,4330.96,Two year,Electronic check,1
28,21.62,605.36,Two year,Bank transfer (automatic),0
21,80.3,1686.3,Month-to-month,Bank transfer (automatic),1
9,39.76,357.84,Month-to-month,Mailed check,0
40,71.45,2858.0,Two year,Mailed check,0
4,60.91,243.64,Month-to-month,Credit card (automatic),1
51,21.97,1120.47,Two year,Credit card (automatic),0
22,119.64,2632.08,Month-to-month,Mailed check,0
59,48.97,2889.23,Two year,Mailed check,0
64,116.84,7477.76,Two year,Mailed check,0
45,52.07,2343.15,Two year,Mailed check,0
1,58.13,58.13,Month-to-month,Electronic check,1
12,34.26,411.12,Month-to-month,Electronic check,1
12,73.17,878.04,One year,Electronic check,1
19,82.15,1560.85,One year,Electronic check,1
3,108.73,326.19,Month-to-month,Credit card (automatic),1
24,69.77,1674.48,Month-to-month,Electronic check,1
14,51.51,721.14,One year,Bank transfer (automatic),0
27,88.05,2377.35,Two year,Bank transfer (automatic),0
21,55.84,1172.64,One year,Mailed check,1
68,113.93,7747.24,Two year,Credit card (automatic),0
66,31.79,2098.14,Two year,Credit card (automatic),0
18,54.45,980.1,Month-to-month,Credit card (automatic),0
24,100.87,2420.88,Month-to-month,Credit card (automatic),0
6,106.01,636.06,Month-to-month,Electronic check,1
65,88.01,5720.65,Two year,Electronic check,0
10,21.26,212.6,Month-to-month,Credit card (automatic),1
72,63.18,4548.96,Two year,Mailed check,0
1,112.94,112.94,Month-to-month,Bank transfer (automatic),1
12,111.17,1334.04,One year,Mailed check,0
49,47.36,2320.64,Two year,Electronic check,0
23,19.24,442.52,Month-to-month,Electronic check,1
17,30.86,524.62,One year,Electronic check,1
19,89.27,1696.13,Month-to-month,Electronic check,1
20,80.57,1611.4,Month-to-month,Mailed check,1
19,80.89,1536.91,Month-to-month,Bank transfer (automatic),1
24,42.85,1028.4,Month-to-month,Electronic check,1
17,57.57,978.69,One year,Electronic check,1
18,19.33,347.94,Month-to-month,Mailed check,1
20,24.0,480.0,One year,Credit card (automatic),0
12,97.39,1168.68,One year,Mailed check,0
68,87.38,5941.84,Two year,Mailed check,0
60,104.52,6271.2,Two year,Bank transfer (automatic),0
15,20.09,301.35,One year,Credit card (automatic),0
5,52.09,260.45,Month-to-month,Bank transfer (automatic),1
0,25.43,0.0,Month-to-month,Electronic check,1
12,36.73,440.76,Month-to-month,Electronic check,1
1,82.03,82.03,Month-to-month,Electronic check,1
15,98.51,1477.65,One year,Bank transfer (automatic),1
71,98.32,6980.72,Two year,Electronic check,0
22,22.73,500.06,One year,Credit card (automatic),0
20,111.18,2223.6,One year,Credit card (automatic),0
3,27.02,81.06,Month-to-month,Electronic check,1
0,46.72,0.0,Month-to-month,Electronic check,1
53,52.08,2760.24,Two year,Credit card (automatic),0
20,64.02,1280.4,One year,Credit card (automatic),0
61,93.17,5683.37,Two year,Electronic check,0
7,115.23,806.61,Month-to-month,Mailed check,1
24,18.86,452.64,One year,Credit card (automatic),0
5,25.93,129.65,Month-to-month,Mailed check,1
19,30.86,586.34,Month-to-month,Electronic check,0
5,41.02,205.1,Month-to-month,Credit card (automatic),0
22,115.66,2544.52,Month-to-month,Electronic check,1
34,24.89,846.26,Two year,Bank transfer (automatic),0
18,110.81,1994.58,Month-to-month,Electronic check,1
18,28.85,519.3,One year,Bank transfer (automatic),1
10,74.12,741.2,Month-to-month,Mailed check,1
23,65.3,1501.9,One year,Electronic check,0
12,74.71,896.52,Month-to-month,Bank transfer (automatic),1
10,111.55,1115.5,Month-to-month,Credit card (automatic),1
15,24.85,372.75,One year,Bank transfer (automatic),0
21,66.92,1405.32,One year,Electronic check,1
9,106.36,957.24,Month-to-month,Electronic check,1
70,94.91,6643.7,Two year,Electronic check,1
19,48.04,912.76,Month-to-month,Bank transfer (automatic),1
32,85.57,2738.24,Two year,Credit card (automatic),0
15,118.72,1780.8,Month-to-month,Electronic check,1
20,94.27,1885.4,One year,Credit card (automatic),1
60,79.45,4767.0,Two year,Credit card (automatic),0
20,92.95,1859.0,Month-to-month,Electronic check,1
16,113.58,1817.28,One year,Credit card (automatic),0
22,62.77,1380.94,Month-to-month,Electronic check,1
30,42.86,1285.8,Two year,Bank transfer (automatic),0
4,69.34,277.36,Month-to-month,Bank transfer (automatic),1
49,38.1,1866.9,Two year,Mailed check,0
62,41.54,2575.48,Two year,Electronic check,0
18,27.79,500.22,Month-to-month,Mailed check,1
0,84.48,0.0,Month-to-month,Electronic check,0
21,117.78,2473.38,Month-to-month,Bank transfer (automatic),1
1,105.78,105.78,Month-to-month,Credit card (automatic),1
13,114.3,1485.9,One year,Mailed check,1
17,101.76,1729.92,Month-to-month,Credit card (automatic),1
18,26.28,473.04,Month-to-month,Electronic check,0
24,69.11,1658.64,Two year,Mailed check,0
18,103.83,1868.94,One year,Mailed check,0
1,57.08,57.08,Month-to-month,Bank transfer (automatic),0
56,100.03,5601.68,Two year,Electronic check,0
24,95.83,2299.92,Month-to-month,Bank transfer (automatic),1
18,57.93,1042.74,One year,Mailed check,1
22,40.92,900.24,Month-to-month,Bank transfer (automatic),1
12,35.06,420.72,Month-to-month,Bank transfer (automatic),1
51,107.97,5506.47,Two year,Mailed check,1
6,98.15,588.9,Month-to-month,Electronic check,1
65,74.59,4848.35,Two year,Bank transfer (automatic),0
20,104.72,2094.4,One year,Electronic check,0
55,114.81,6314.55,Two year,Mailed check,0
21,112.89,2370.69,One year,Electronic check,1
22,26.63,585.86,Month-to-month,Electronic check,1
15,75.09,1126.35,One year,Electronic check,0
42,114.62,4814.04,Two year,Bank transfer (automatic),0
1,55.2,55.2,Month-to-month,Mailed check,1
1,100.51,100.51,Month-to-month,Credit card (automatic),1
21,71.96,1511.16,Month-to-month,Credit card (automatic),1
11,106.08,1166.88,Month-to-month,Bank transfer (automatic),0
21,45.39,953.19,Month-to-month,Bank transfer (automatic),1
23,99.34,2284.82,Month-to-month,Bank transfer (automatic),1
22,52.22,1148.84,One year,Credit card (automatic),0
60,66.16,3969.6,Two year,Mailed check,0
19,97.25,1847.75,Month-to-month,Credit card (automatic),1
41,30.9,1266.9,Two year,Mailed check,0
22,110.64,2434.08,Month-to-month,Electronic check,1
43,69.82,3002.26,Two year,Credit card (automatic),0
4,50.96,203.84,Month-to-month,Mailed check,0
19,36.54,694.26,One year,Mailed check,0
8,31.94,255.52,Month-to-month,Mailed check,1
16,36.52,584.32,One year,Credit card (automatic),1
66,115.27,7607.82,Two year,Electronic check,0
14,113.98,1595.72,One year,Electronic check,0
9,39.78,358.02,Month-to-month,Electronic check,0
21,96.57,2027.97,Month-to-month,Mailed check,1
25,21.06,526.5,Two year,Bank transfer (automatic),0
20,101.84,2036.8,One year,Mailed check,0
11,92.45,1016.95,Month-to-month,Electronic check,1
44,33.95,1493.8,Two year,Bank transfer (automatic),0
35,62.16,2175.6,Two year,Electronic check,0
67,84.35,5651.45,Two year,Electronic check,0
20,116.42,2328.4,Month-to-month,Mailed check,0
68,71.96,4893.28,Two year,Bank transfer (automatic),0
38,110.3,4191.4,Two year,Credit card (automatic),0
21,51.04,1071.84,Month-to-month,Mailed check,1
1,83.86,83.86,Month-to-month,Electronic check,1
14,100.99,1413.86,One year,Bank transfer (automatic),0
11,51.2,563.2,Month-to-month,Credit card (automatic),1
33,67.35,2222.55,Two year,Electronic check,0
14,50.62,708.68,One year,Electronic check,0
25,79.63,1990.75,Two year,Electronic check,1
24,111.68,2680.32,One year,Credit card (automatic),0
2,68.43,136.86,Month-to-month,Bank transfer (automatic),1
12,81.49,977.88,Month-to-month,Electronic check,1
5,110.46,552.3,Month-to-month,Bank transfer (automatic),1
22,105.31,2316.82,One year,Bank transfer (automatic),0
19,53.93,1024.67,Month-to-month,Bank transfer (automatic),0
15,33.13,496.95,One year,Electronic check,1
15,89.33,1339.95,One year,Credit card (automatic),1
0,47.31,0.0,Month-to-month,Bank transfer (automatic),0
24,102.82,2467.68,One year,Credit card (automatic),0
13,26.88,349.44,Month-to-month,Electronic check,1
1,74.23,74.23,Month-to-month,Mailed check,1
15,98.37,1475.55,Month-to-month,Mailed check,1
6,56.88,341.28,Month-to-month,Electronic check,1
3,54.13,162.39,Month-to-month,Electronic check,0
59,87.13,5140.67,Two year,Bank transfer (automatic),0
15,85.95,1289.25,Month-to-month,Electronic check,1
8,72.48,579.84,Month-to-month,Bank transfer (automatic),1
14,94.88,1328.32,Month-to-month,Electronic check,1
6,118.18,709.08,Month-to-month,Credit card (automatic),0
22,69.85,1536.7,Month-to-month,Electronic check,1
14,53.3,746.2,One year,Electronic check,0
69,101.2,6982.8,Two year,Bank transfer (automatic),0
23,115.75,2662.25,One year,Electronic check,1
19,119.28,2266.32,Month-to-month,Credit card (automatic),1
12,42.71,512.52,Month-to-month,Electronic check,0
39,24.8,967.2,Two year,Mailed check,0
21,98.88,2076.48,Month-to-month,Electronic check,1
66,50.16,3310.56,Two year,Electronic check,0
65,75.29,4893.85,Two year,Bank transfer (automatic),0
48,35.8,1718.4,Two year,Electronic check,0
12,41.38,496.56,Month-to-month,Electronic check,0
2,50.01,100.02,Month-to-month,Mailed check,1
8,76.01,608.08,Month-to-month,Mailed check,0
47,26.82,1260.54,Two year,Bank transfer (automatic),0
24,111.67,2680.08,Month-to-month,Electronic check,1
21,27.32,573.72,Month-to-month,Electronic check,1
17,63.99,1087.83,One year,Electronic check,0
24,100.74,2417.76,Two year,Electronic check,1
21,19.52,409.92,Month-to-month,Credit card (automatic),0
23,85.49,1966.27,One year,Electronic check,1
7,94.69,662.83,Month-to-month,Electronic check,1
58,75.79,4395.82,Two year,Mailed check,0
15,39.99,599.85,Month-to-month,Credit card (automatic),1
2,99.38,198.76,Month-to-month,Mailed check,0
12,86.84,1042.08,Month-to-month,Mailed check,1
57,72.55,4135.35,Two year,Bank transfer (automatic),0
20,113.47,2269.4,Month-to-month,Mailed check,0
23,88.68,2039.64,One year,Credit card (automatic),1
18,51.54,927.72,One year,Bank transfer (automatic),1
61,82.97,5061.17,Two year,Bank transfer (automatic),0
3,77.78,233.34,Month-to-month,Electronic check,1
12,45.77,549.24,Month-to-month,Electronic check,1
16,66.95,1071.2,One year,Credit card (automatic),0
17,65.36,1111.12,Month-to-month,Mailed check,1
15,58.89,883.35,Month-to-month,Bank transfer (automatic),0
13,60.82,790.66,One year,Credit card (automatic),1
26,44.21,1149.46,Two year,Mailed check,0
10,89.3,893.0,Month-to-month,Electronic check,1
8,75.63,605.04,Month-to-month,Bank transfer (automatic),1
31,108.04,3349.24,Two year,Mailed check,0
12,40.72,488.64,Month-to-month,Bank transfer (automatic),1
23,18.81,432.63,One year,Bank transfer (automatic),0
14,60.18,842.52,Month-to-month,Mailed check,1
10,80.64,806.4,Month-to-month,Credit card (automatic),0
21,95.87,2013.27,One year,Bank transfer (automatic),0
21,62.33,1308.93,Month-to-month,Electronic check,1
9,94.02,846.18,Month-to-month,Electronic check,1
9,80.42,723.78,Month-to-month,Electronic check,1
72,79.96,5757.12,Two year,Bank transfer (automatic),0
61,63.99,3903.39,Two year,Electronic check,0
40,19.75,790.0,Two year,Credit card (automatic),0
34,32.9,1118.6,Two year,Bank transfer (automatic),0
19,91.74,1743.06,Month-to-month,Mailed check,0
17,83.54,1420.18,Month-to-month,Bank transfer (automatic),0
13,43.42,564.46,One year,Credit card (automatic),1
18,63.45,1142.1,Month-to-month,Credit card (automatic),1
24,22.42,538.08,Month-to-month,Credit card (automatic),1
36,47.28,1702.08,Two year,Mailed check,0
18,31.45,566.1,Month-to-month,Electronic check,0
9,46.37,417.33,Month-to-month,Electronic check,1
4,91.8,367.2,Month-to-month,Credit card (automatic),1
23,107.21,2465.83,Month-to-month,Electronic check,1
19,52.0,988.0,One year,Electronic check,1
12,37.41,448.92,Month-to-month,Bank transfer (automatic),0
12,74.65,895.8,One year,Credit card (automatic),0
63,40.28,2537.64,Two year,Credit card (automatic),0
15,44.46,666.9,One year,Bank transfer (automatic),0
7,113.32,793.24,Month-to-month,Electronic check,1
5,37.43,187.15,Month-to-month,Electronic check,1
26,105.51,2743.26,Two year,Bank transfer (automatic),1
13,39.21,509.73,Month-to-month,Electronic check,1
22,77.1,1696.2,Month-to-month,Bank transfer (automatic),1
18,97.71,1758.78,One year,Credit card (automatic),0
20,50.01,1000.2,Month-to-month,Bank transfer (automatic),0
12,94.83,1137.96,Month-to-month,Credit card (automatic),0
2,83.96,167.92,Month-to-month,Credit card (automatic),0
14,44.88,628.32,Month-to-month,Electronic check,0
1,33.83,33.83,Month-to-month,Credit card (automatic),1
27,34.66,935.82,Two year,Mailed check,0
18,52.51,945.18,One year,Electronic check,1
24,34.27,822.48,Month-to-month,Credit card (automatic),1
7,18.95,132.65,Month-to-month,Electronic check,1
3,39.98,119.94,Month-to-month,Bank transfer (automatic),0
8,59.65,477.2,Month-to-month,Electronic check,1
18,97.9,1762.2,One year,Electronic check,1
51,32.48,1656.48,Two year,Mailed check,0
17,43.41,737.97,One year,Bank transfer (automatic),0
6,23.72,142.32,Month-to-month,Bank transfer (automatic),0
18,74.73,1345.14,Month-to-month,Electronic check,1
6,45.63,273.78,Month-to-month,Electronic check,0
58,48.19,2795.02,Two year,Electronic check,1
71,99.31,7051.01,Two year,Bank transfer (automatic),0
5,115.68,578.4,Month-to-month,Mailed check,1
11,23.97,263.67,Month-to-month,Electronic check,0
16,85.38,1366.08,One year,Credit card (automatic),0
19,83.5,1586.5,One year,Credit card (automatic),0
3,81.47,244.41,Month-to-month,Electronic check,1
40,23.1,924.0,Two year,Electronic check,0
14,33.72,472.08,Month-to-month,Mailed check,0
13,36.35,472.55,One year,Electronic check,1
22,53.01,1166.22,Month-to-month,Credit card (automatic),1
16,91.92,1470.72,Month-to-month,Bank transfer (automatic),1
6,64.04,384.24,Month-to-month,Electronic check,1
4,26.62,106.48,Month-to-month,Electronic check,0
16,22.28,356.48,Month-to-month,Mailed check,0
71,80.65,5726.15,Two year,Bank transfer (automatic),0
53,105.22,5576.66,Two year,Credit card (automatic),0
20,113.12,2262.4,Month-to-month,Bank transfer (automatic),1
19,80.96,1538.24,Month-to-month,Bank transfer (automatic),0
24,29.16,699.84,Month-to-month,Electronic check,1
12,94.34,1132.08,Month-to-month,Credit card (automatic),1
12,54.79,657.48,One year,Electronic check,1
12,87.27,1047.24,Month-to-month,Mailed check,1
12,104.7,1256.4,Month-to-month,Credit card (automatic),1
22,73.04,1606.88,Month-to-month,Bank transfer (automatic),1
52,107.48,5588.96,Two year,Electronic check,0
15,69.87,1048.05,Month-to-month,Credit card (automatic),0
0,100.05,0.0,Month-to-month,Electronic check,1
24,69.76,1674.24,Month-to-month,Bank transfer (automatic),1
15,98.38,1475.7,One year,Credit card (automatic),0
5,58.52,292.6,Month-to-month,Bank transfer (automatic),0
19,93.59,1778.21,Month-to-month,Credit card (automatic),1
15,66.36,995.4,Month-to-month,Mailed check,0
4,19.79,79.16,Month-to-month,Mailed check,1
4,100.57,402.28,Month-to-month,Mailed check,1
14,33.39,467.46,One year,Bank transfer (automatic),0
24,59.87,1436.88,Month-to-month,Credit card (automatic),1
22,89.52,1969.44,One year,Electronic check,1
23,100.86,2319.78,Month-to-month,Mailed check,1
9,85.74,771.66,Month-to-month,Bank transfer (automatic),0
10,85.65,856.5,Month-to-month,Mailed check,1
10,27.9,279.0,Month-to-month,Bank transfer (automatic),1
24,104.84,2516.16,Month-to-month,Bank transfer (automatic),1
15,89.85,1347.75,One year,Credit card (automatic),1
33,27.62,911.46,Two year,Electronic check,0
16,70.16,1122.56,One year,Mailed check,0
4,106.71,426.84,Month-to-month,Mailed check,1
9,109.15,982.35,Month-to-month,Credit card (automatic),1
16,74.74,1195.84,One year,Mailed check,1
4,103.39,413.56,Month-to-month,Electronic check,1
18,112.66,2027.88,Month-to-month,Mailed check,0
15,42.94,644.1,Month-to-month,Bank transfer (automatic),1
12,83.06,996.72,Month-to-month,Bank transfer (automatic),1
71,30.11,2137.81,Two year,Bank transfer (automatic),0
5,29.4,147.0,Month-to-month,Electronic check,1
35,25.66,898.1,Two year,Credit card (automatic),0
9,34.64,311.76,Month-to-month,Electronic check,1
9,92.74,834.66,Month-to-month,Credit card (automatic),0
68,106.32,7229.76,Two year,Bank transfer (automatic),1
72,59.44,4279.68,Two year,Mailed check,0
68,71.74,4878.32,Two year,Electronic check,0
23,74.05,1703.15,Month-to-month,Electronic check,1
25,93.23,2330.75,Two year,Mailed check,0
17,113.5,1929.5,One year,Electronic check,0
12,37.23,446.76,Month-to-month,Electronic check,1
5,45.56,227.8,Month-to-month,Electronic check,0
24,113.4,2721.6,Two year,Mailed check,0
19,35.43,673.17,Month-to-month,Mailed check,0
19,58.61,1113.59,One year,Electronic check,0
13,113.22,1471.86,Month-to-month,Mailed check,0
6,107.97,647.82,Month-to-month,Bank transfer (automatic),1
37,39.88,1475.56,Two year,Bank transfer (automatic),0
45,82.77,3724.65,Two year,Electronic check,0
72,102.37,7370.64,Two year,Credit card (automatic),0
13,74.32,966.16,Month-to-month,Electronic check,0
6,33.82,202.92,Month-to-month,Credit card (automatic),1
22,80.09,1761.98,Month-to-month,Credit card (automatic),1
7,53.63,375.41,Month-to-month,Mailed check,1
13,71.89,934.57,One year,Bank transfer (automatic),0
68,20.02,1361.36,Two year,Bank transfer (automatic),0
20,22.43,448.6,Month-to-month,Mailed check,0
14,18.64,260.96,One year,Credit card (automatic),0
20,100.95,2019.0,Month-to-month,Electronic check,1
19,63.35,1203.65,Month-to-month,Electronic check,1
3,53.94,161.82,Month-to-month,Mailed check,1
15,73.18,1097.7,One year,Mailed check,1
22,19.7,433.4,One year,Electronic check,0
18,55.6,1000.8,One year,Bank transfer (automatic),0
5,80.39,401.95,Month-to-month,Mailed check,1
52,38.82,2018.64,Two year,Electronic check,0
14,53.03,742.42,One year,Credit card (automatic),1
20,18.92,378.4,Month-to-month,Mailed check,1
19,20.29,385.51,Month-to-month,Electronic check,1
13,61.15,794.95,Month-to-month,Bank transfer (automatic),0
18,81.11,1459.98,Month-to-month,Bank transfer (automatic),1
21,64.64,1357.44,One year,Bank transfer (automatic),0
21,81.02,1701.42,Month-to-month,Bank transfer (automatic),1
16,37.74,603.84,Month-to-month,Electronic check,1
13,65.13,846.69,Month-to-month,Electronic check,1
10,39.04,390.4,Month-to-month,Credit card (automatic),0
12,47.88,574.56,Month-to-month,Mailed check,1
0,98.82,0.0,Month-to-month,Electronic check,1
12,51.32,615.84,One year,Credit card (automatic),1
34,58.64,1993.76,Two year,Credit card (automatic),0
17,79.39,1349.63,Month-to-month,Mailed check,1
58,103.02,5975.16,Two year,Electronic check,0
17,107.48,1827.16,Month-to-month,Electronic check,1
1,51.65,51.65,Month-to-month,Bank transfer (automatic),1
63,78.69,4957.47,Two year,Bank transfer (automatic),0
30,74.44,2233.2,Two year,Bank transfer (automatic),0
52,98.41,5117.32,Two year,Electronic check,0
21,53.18,1116.78,Month-to-month,Electronic check,1
24,78.84,1892.16,One year,Electronic check,0
11,57.52,632.72,Month-to-month,Credit card (automatic),1
14,117.83,1649.62,Month-to-month,Bank transfer (automatic),1
52,76.09,3956.68,Two year,Electronic check,0
0,84.67,0.0,Month-to-month,Bank transfer (automatic),1
1,21.19,21.19,Month-to-month,Credit card (automatic),0
22,30.53,671.66,Month-to-month,Mailed check,1
40,31.42,1256.8,Two year,Electronic check,0
21,52.98,1112.58,Month-to-month,Mailed check,1
47,34.81,1636.07,Two year,Mailed check,0
4,29.92,119.68,Month-to-month,Credit card (automatic),0
19,31.97,607.43,One year,Mailed check,0
14,30.74,430.36,One year,Electronic check,1
20,85.31,1706.2,Month-to-month,Credit card (automatic),1
15,109.88,1648.2,Month-to-month,Mailed check,1
11,78.92,868.12,Month-to-month,Credit card (automatic),0
7,72.51,507.57,Month-to-month,Electronic check,1
4,47.32,189.28,Month-to-month,Electronic check,1
19,23.75,451.25,Month-to-month,Electronic check,1
2,112.91,225.82,Month-to-month,Bank transfer (automatic),1
24,83.29,1998.96,One year,Mailed check,0
24,45.61,1094.64,Month-to-month,Electronic check,1
20,50.74,1014.8,One year,Bank transfer (automatic),0
21,86.2,1810.2,One year,Electronic check,1
44,28.34,1246.96,Two year,Electronic check,1
19,26.57,504.83,Month-to-month,Mailed check,1
20,22.81,456.2,Month-to-month,Electronic check,1
9,45.46,409.14,Month-to-month,Mailed check,1
24,32.4,777.6,Month-to-month,Electronic check,1
23,48.17,1107.91,Month-to-month,Bank transfer (automatic),0
61,48.63,2966.43,Two year,Electronic check,0
16,104.44,1671.04,One year,Electronic check,1
16,72.5,1160.0,Month-to-month,Electronic check,1
2,107.13,214.26,Month-to-month,Electronic check,1
16,111.68,1786.88,Month-to-month,Credit card (automatic),0
15,69.61,1044.15,Month-to-month,Electronic check,0
46,99.03,4555.38,Two year,Bank transfer (automatic),0
17,62.35,1059.95,Month-to-month,Electronic check,1
14,88.53,1239.42,Month-to-month,Electronic check,1
44,92.35,4063.4,Two year,Electronic check,0
30,70.21,2106.3,Two year,Mailed check,0
6,47.84,287.04,Month-to-month,Bank transfer (automatic),0
14,93.72,1312.08,Month-to-month,Bank transfer (automatic),0
13,118.67,1542.71,One year,Mailed check,1
62,76.71,4756.02,Two year,Electronic check,0
17,23.37,397.29,One year,Mailed check,0
12,29.44,353.28,One year,Electronic check,0
21,19.73,414.33,One year,Mailed check,0
45,34.7,1561.5,Two year,Bank transfer (automatic),0
16,47.63,762.08,Month-to-month,Mailed check,1
23,113.66,2614.18,One year,Mailed check,0
21,80.74,1695.54,Month-to-month,Bank transfer (automatic),1
11,102.04,1122.44,Month-to-month,Electronic check,1
11,94.93,1044.23,Month-to-month,Bank transfer (automatic),1
18,23.24,418.32,Month-to-month,Electronic check,1
23,72.96,1678.08,Month-to-month,Bank transfer (automatic),0
13,101.64,1321.32,One year,Bank transfer (automatic),1
14,109.67,1535.38,Month-to-month,Bank transfer (automatic),1
57,48.52,2765.64,Two year,Bank transfer (automatic),0
41,99.07,4061.87,Two year,Credit card (automatic),0
16,119.48,1911.68,Month-to-month,Credit card (automatic),0
6,83.1,498.6,Month-to-month,Electronic check,1
17,29.64,503.88,Month-to-month,Bank transfer (automatic),1
15,103.1,1546.5,Month-to-month,Credit card (automatic),1
24,108.53,2604.72,Two year,Electronic check,1
70,76.43,5350.1,Two year,Bank transfer (automatic),0
60,22.79,1367.4,Two year,Mailed check,0
18,77.69,1398.42,One year,Mailed check,1
22,49.93,1098.46,One year,Electronic check,0
19,116.04,2204.76,One year,Bank transfer (automatic),1
32,86.68,2773.76,Two year,Electronic check,1
15,98.3,1474.5,One year,Electronic check,1
4,104.99,419.96,Month-to-month,Credit card (automatic),0
10,53.66,536.6,Month-to-month,Bank transfer (automatic),1
22,72.17,1587.74,Month-to-month,Bank transfer (automatic),0
69,30.55,2107.95,Two year,Credit card (automatic),0
6,90.89,545.34,Month-to-month,Electronic check,1
22,99.1,2180.2,Month-to-month,Electronic check,1
4,111.33,445.32,Month-to-month,Bank transfer (automatic),1
21,58.9,1236.9,One year,Mailed check,1
1,89.84,89.84,Month-to-month,Credit card (automatic),1
24,103.84,2492.16,Month-to-month,Credit card (automatic),1
14,85.9,1202.6,Month-to-month,Credit card (automatic),1
12,42.42,509.04,Month-to-month,Mailed check,1
3,28.33,84.99,Month-to-month,Electronic check,1
1,85.32,85.32,Month-to-month,Bank transfer (automatic),0
35,64.61,2261.35,Two year,Mailed check,0
24,84.32,2023.68,Month-to-month,Mailed check,1
5,71.17,355.85,Month-to-month,Electronic check,1
22,87.66,1928.52,Month-to-month,Electronic check,1
68,65.11,4427.48,Two year,Bank transfer (automatic),0
20,106.96,2139.2,One year,Electronic check,0
1,117.48,117.48,Month-to-month,Credit card (automatic),0
17,18.12,308.04,Month-to-month,Bank transfer (automatic),1
15,60.81,912.15,Month-to-month,Electronic check,1
30,44.86,1345.8,Two year,Mailed check,0
24,77.06,1849.44,Month-to-month,Electronic check,1
60,60.0,3600.0,Two year,Credit card (automatic),0
22,95.13,2092.86,Month-to-month,Mailed check,0
68,111.83,7604.44,Two year,Bank transfer (automatic),0
8,113.73,909.84,Month-to-month,Mailed check,1
24,116.01,2784.24,One year,Credit card (automatic),1
24,51.52,1236.48,One year,Credit card (automatic),0
3,64.26,192.78,Month-to-month,Credit card (automatic),0
17,115.91,1970.47,Month-to-month,Credit card (automatic),0
16,97.12,1553.92,One year,Bank transfer (automatic),0
6,78.25,469.5,Month-to-month,Electronic check,1
37,73.93,2735.41,Two year,Mailed check,0
15,92.69,1390.35,One year,Credit card (automatic),1
0,102.6,0.0,Month-to-month,Mailed check,1
21,111.14,2333.94,One year,Bank transfer (automatic),0
20,107.08,2141.6,Month-to-month,Mailed check,0
4,53.57,214.28,Month-to-month,Electronic check,1
28,84.83,2375.24,Two year,Credit card (automatic),0
63,21.55,1357.65,Two year,Credit card (automatic),0
8,95.31,762.48,Month-to-month,Electronic check,1
22,78.34,1723.48,Month-to-month,Bank transfer (automatic),0
8,55.87,446.96,Month-to-month,Electronic check,1
27,81.38,2197.26,Two year,Bank transfer (automatic),0
4,32.71,130.84,Month-to-month,Credit card (automatic),1
70,93.01,6510.7,Two year,Electronic check,0
21,59.5,1249.5,One year,Credit card (automatic),1
9,98.93,890.37,Month-to-month,Credit card (automatic),1
22,83.86,1844.92,Month-to-month,Credit card (automatic),1
19,23.27,442.13,Month-to-month,Electronic check,1
22,56.91,1252.02,Month-to-month,Mailed check,1
14,88.83,1243.62,Month-to-month,Mailed check,1
26,21.24,552.24,Two year,Electronic check,0
50,91.59,4579.5,Two year,Mailed check,1
17,77.51,1317.67,Month-to-month,Mailed check,1
0,24.11,0.0,Month-to-month,Bank transfer (automatic),1
18,116.5,2097.0,Month-to-month,Credit card (automatic),1
2,37.33,74.66,Month-to-month,Bank transfer (automatic),0
13,29.13,378.69,One year,Electronic check,0
16,66.21,1059.36,Month-to-month,Electronic check,1
3,20.55,61.65,Month-to-month,Electronic check,1
24,46.49,1115.76,Month-to-month,Credit card (automatic),1
18,35.05,630.9,Month-to-month,Mailed check,0
24,64.39,1545.36,Two year,Mailed check,0
4,102.16,408.64,Month-to-month,Credit card (automatic),0
4,36.73,146.92,Month-to-month,Credit card (automatic),1
17,36.47,619.99,One year,Electronic check,0
23,111.21,2557.83,Month-to-month,Electronic check,1
23,101.98,2345.54,Month-to-month,Electronic check,1
19,20.31,385.89,Month-to-month,Electronic check,1
10,27.63,276.3,Month-to-month,Bank transfer (automatic),0
14,79.47,1112.58,Month-to-month,Electronic check,1
22,31.66,696.52,One year,Credit card (automatic),0
58,53.78,3119.24,Two year,Mailed check,0
21,29.26,614.46,Month-to-month,Electronic check,0
2,35.41,70.82,Month-to-month,Credit card (automatic),1
68,47.12,3204.16,Two year,Credit card (automatic),0
15,74.71,1120.65,Month-to-month,Mailed check,0
50,30.94,1547.0,Two year,Mailed check,0
56,71.6,4009.6,Two year,Credit card (automatic),0
7,62.71,438.97,Month-to-month,Mailed check,1
31,76.33,2366.23,Two year,Credit card (automatic),0
13,62.59,813.67,One year,Bank transfer (automatic),1
24,71.97,1727.28,Month-to-month,Bank transfer (automatic),0
49,80.01,3920.49,Two year,Credit card (automatic),0
10,117.92,1179.2,Month-to-month,Electronic check,1
14,114.34,1600.76,Month-to-month,Mailed check,1
16,59.84,957.44,Month-to-month,Electronic check,1
0,35.15,0.0,Month-to-month,Bank transfer (automatic),0
21,113.76,2388.96,Month-to-month,Bank transfer (automatic),1
0,107.62,0.0,Month-to-month,Credit card (automatic),0
17,70.94,1205.98,Month-to-month,Electronic check,1
12,64.25,771.0,Month-to-month,Bank transfer (automatic),0
20,76.32,1526.4,One year,Electronic check,0
31,59.43,1842.33,Two year,Electronic check,1
13,57.22,743.86,One year,Credit card (automatic),0
14,87.92,1230.88,One year,Credit card (automatic),1
21,72.26,1517.46,Month-to-month,Credit card (automatic),0
21,22.56,473.76,One year,Bank transfer (automatic),1
58,118.88,6895.04,Two year,Electronic check,0
59,61.38,3621.42,Two year,Credit card (automatic),0
0,111.98,0.0,Month-to-month,Electronic check,1
67,40.35,2703.45,Two year,Mailed check,0
39,115.22,4493.58,Two year,Bank transfer (automatic),1
10,27.43,274.3,Month-to-month,Credit card (automatic),0
17,69.13,1175.21,One year,Bank transfer (automatic),0
25,37.29,932.25,Two year,Electronic check,1
47,38.75,1821.25,Two year,Electronic check,0
14,50.81,711.34,Month-to-month,Mailed check,0
21,108.84,2285.64,One year,Electronic check,1
22,23.47,516.34,Month-to-month,Mailed check,1
23,19.64,451.72,Month-to-month,Credit card (automatic),1
23,69.71,1603.33,One year,Credit card (automatic),0
21,112.09,2353.89,One year,Mailed check,1
12,32.36,388.32,Month-to-month,Credit card (automatic),0
8,88.26,706.08,Month-to-month,Electronic check,0
11,82.99,912.89,Month-to-month,Credit card (automatic),1
7,53.13,371.91,Month-to-month,Credit card (automatic),1
19,27.66,525.54,Month-to-month,Electronic check,0
45,28.93,1301.85,Two year,Bank transfer (automatic),0
5,98.2,491.0,Month-to-month,Electronic check,0
21,106.36,2233.56,Month-to-month,Electronic check,1
62,35.64,2209.68,Two year,Electronic check,1
2,31.03,62.06,Month-to-month,Electronic check,1
2,91.79,183.58,Month-to-month,Electronic check,1
4,75.92,303.68,Month-to-month,Credit card (automatic),0
13,30.76,399.88,One year,Electronic check,0
11,19.18,210.98,Month-to-month,Mailed check,0
24,108.9,2613.6,Month-to-month,Electronic check,0
23,22.69,521.87,One year,Electronic check,0
19,60.73,1153.87,One year,Credit card (automatic),0
12,28.92,347.04,One year,Mailed check,1
23,93.84,2158.32,Month-to-month,Mailed check,1
15,104.23,1563.45,Month-to-month,Bank transfer (automatic),1
2,68.1,136.2,Month-to-month,Credit card (automatic),1
24,28.36,680.64,Month-to-month,Credit card (automatic),0
35,58.21,2037.35,Two year,Bank transfer (automatic),0
22,100.54,2211.88,Month-to-month,Credit card (automatic),0
33,105.3,3474.9,Two year,Credit card (automatic),0
14,108.16,1514.24,Month-to-month,Credit card (automatic),1
8,98.59,788.72,Month-to-month,Mailed check,1
5,76.97,384.85,Month-to-month,Electronic check,1
3,100.24,300.72,Month-to-month,Electronic check,1
14,30.81,431.34,One year,Credit card (automatic),0
1,49.34,49.34,Month-to-month,Electronic check,1
14,114.64,1604.96,One year,Mailed check,1
8,79.67,637.36,Month-to-month,Bank transfer (automatic),0
5,19.75,98.75,Month-to-month,Electronic check,1
22,101.47,2232.34,One year,Credit card (automatic),0
15,96.96,1454.4,Month-to-month,Bank transfer (automatic),1
7,18.26,127.82,Month-to-month,Electronic check,1
21,77.85,1634.85,Month-to-month,Electronic check,1
35,91.85,3214.75,Two year,Mailed check,0
17,20.37,346.29,Month-to-month,Credit card (automatic),1
11,104.37,1148.07,Month-to-month,Bank transfer (automatic),0
34,101.15,3439.1,Two year,Electronic check,1
2,99.82,199.64,Month-to-month,Bank transfer (automatic),1
49,23.2,1136.8,Two year,Electronic check,0
39,68.66,2677.74,Two year,Mailed check,1
18,23.39,421.02,One year,Credit card (automatic),1
6,28.71,172.26,Month-to-month,Credit card (automatic),1
27,26.18,706.86,Two year,Bank transfer (automatic),0
9,111.74,1005.66,Month-to-month,Electronic check,1
22,68.63,1509.86,Month-to-month,Electronic check,1
59,60.32,3558.88,Two year,Bank transfer (automatic),0
12,108.18,1298.16,Month-to-month,Bank transfer (automatic),1
69,80.92,5583.48,Two year,Mailed check,0
3,77.35,232.05,Month-to-month,Mailed check,1
57,51.52,2936.64,Two year,Mailed check,0
6,115.74,694.44,Month-to-month,Electronic check,1
3,20.31,60.93,Month-to-month,Electronic check,0
19,71.3,1354.7,One year,Bank transfer (automatic),1
24,23.74,569.76,Month-to-month,Mailed check,1
13,20.8,270.4,Month-to-month,Mailed check,0
4,31.24,124.96,Month-to-month,Bank transfer (automatic),1
22,118.76,2612.72,One year,Bank transfer (automatic),1
6,67.49,404.94,Month-to-month,Electronic check,0
17,106.06,1803.02,Month-to-month,Credit card (automatic),0
17,19.52,331.84,Month-to-month,Credit card (automatic),0
14,106.45,1490.3,Month-to-month,Credit card (automatic),1
21,106.55,2237.55,Month-to-month,Bank transfer (automatic),1
18,116.33,2093.94,One year,Electronic check,1
26,98.51,2561.26,Two year,Mailed check,0
17,104.39,1774.63,One year,Mailed check,1
24,63.13,1515.12,One year,Electronic check,0
3,43.08,129.24,Month-to-month,Bank transfer (automatic),0
71,113.84,8082.64,Two year,Mailed check,0
3,103.55,310.65,Month-to-month,Electronic check,1
24,66.99,1607.76,Two year,Mailed check,1
20,71.31,1426.2,Month-to-month,Electronic check,1
15,89.69,1345.35,One year,Electronic check,0
21,31.97,671.37,One year,Credit card (automatic),0
0,19.04,0.0,Month-to-month,Electronic check,0
24,25.61,614.64,One year,Bank transfer (automatic),1
30,55.57,1667.1,Two year,Electronic check,1
22,74.11,1630.42,Month-to-month,Mailed check,1
7,41.57,290.99,Month-to-month,Bank transfer (automatic),0
16,74.09,1185.44,One year,Electronic check,1
24,46.17,1108.08,Month-to-month,Credit card (automatic),0
15,69.57,1043.55,Month-to-month,Credit card (automatic),0
13,50.65,658.45,One year,Credit card (automatic),0
3,31.96,95.88,Month-to-month,Bank transfer (automatic),0
45,100.33,4514.85,Two year,Credit card (automatic),0
19,69.68,1323.92,One year,Bank transfer (automatic),0
20,22.65,453.0,Month-to-month,Mailed check,0
23,57.1,1313.3,One year,Electronic check,1
23,103.94,2390.62,One year,Mailed check,1
14,32.42,453.88,Month-to-month,Bank transfer (automatic),1
6,24.24,145.44,Month-to-month,Electronic check,1
8,94.98,759.84,Month-to-month,Mailed check,1
54,85.79,4632.66,Two year,Bank transfer (automatic),0
7,72.07,504.49,Month-to-month,Electronic check,1
28,103.73,2904.44,Two year,Electronic check,0
5,57.1,285.5,Month-to-month,Mailed check,1
24,58.23,1397.52,Month-to-month,Electronic check,1
35,74.61,2611.35,Two year,Credit card (automatic),0
51,43.57,2222.07,Two year,Mailed check,1
15,32.67,490.05,One year,Mailed check,0
45,39.24,1765.8,Two year,Bank transfer (automatic),0
68,32.11,2183.48,Two year,Mailed check,0
23,69.4,1596.2,Month-to-month,Mailed check,1
22,21.08,463.76,Month-to-month,Credit card (automatic),1
49,78.31,3837.19,Two year,Mailed check,0
11,97.3,1070.3,Month-to-month,Electronic check,1
16,114.25,1828.0,Month-to-month,Electronic check,1
13,93.7,1218.1,Month-to-month,Electronic check,0
13,115.06,1495.78,Month-to-month,Credit card (automatic),0
23,50.81,1168.63,Month-to-month,Bank transfer (automatic),1
19,68.98,1310.62,One year,Mailed check,1
2,77.84,155.68,Month-to-month,Mailed check,0
8,33.01,264.08,Month-to-month,Credit card (automatic),1
4,64.46,257.84,Month-to-month,Mailed check,1
20,33.02,660.4,Month-to-month,Electronic check,1
17,84.43,1435.31,One year,Credit card (automatic),0
13,61.14,794.82,One year,Credit card (automatic),1
17,55.94,950.98,Month-to-month,Bank transfer (automatic),1
59,41.73,2462.07,Two year,Mailed check,0
61,18.8,1146.8,Two year,Credit card (automatic),0
35,94.18,3296.3,Two year,Electronic check,0
24,27.76,666.24,Two year,Credit card (automatic),0
8,68.54,548.32,Month-to-month,Bank transfer (automatic),1
2,63.96,127.92,Month-to-month,Electronic check,0
24,119.77,2874.48,One year,Credit card (automatic),0
1,108.59,108.59,Month-to-month,Credit card (automatic),1
36,39.29,1414.44,Two year,Electronic check,0
8,56.43,451.44,Month-to-month,Electronic check,1
5,75.45,377.25,Month-to-month,Credit card (automatic),0
17,18.54,315.18,Month-to-month,Electronic check,1
24,112.82,2707.68,One year,Bank transfer (automatic),1
23,80.5,1851.5,Month-to-month,Electronic check,0
7,93.29,653.03,Month-to-month,Bank transfer (automatic),1
24,68.31,1639.44,Month-to-month,Electronic check,1
3,101.87,305.61,Month-to-month,Credit card (automatic),1
24,75.45,1810.8,One year,Electronic check,1
13,64.16,834.08,Month-to-month,Mailed check,1
34,74.4,2529.6,Two year,Mailed check,0
40,81.59,3263.6,Two year,Bank transfer (automatic),0
0,69.58,0.0,Month-to-month,Mailed check,1
23,68.51,1575.73,Month-to-month,Electronic check,1
5,22.55,112.75,Month-to-month,Credit card (automatic),1
14,78.69,1101.66,One year,Electronic check,1
24,102.18,2452.32,One year,Credit card (automatic),1
41,44.42,1821.22,Two year,Bank transfer (automatic),0
5,53.55,267.75,Month-to-month,Electronic check,1
5,42.96,214.8,Month-to-month,Electronic check,1
20,100.15,2003.0,Month-to-month,Mailed check,1
70,41.08,2875.6,Two year,Electronic check,0
1,41.06,41.06,Month-to-month,Bank transfer (automatic),1
17,47.05,799.85,Month-to-month,Bank transfer (automatic),0
15,37.66,564.9,One year,Bank transfer (automatic),1
34,78.39,2665.26,Two year,Mailed check,1
60,94.16,5649.6,Two year,Electronic check,0
24,45.49,1091.76,One year,Electronic check,1
14,97.57,1365.98,Month-to-month,Bank transfer (automatic),0
19,79.32,1507.08,Month-to-month,Credit card (automatic),1
15,58.95,884.25,Month-to-month,Electronic check,1
8,34.33,274.64,Month-to-month,Bank transfer (automatic),0
8,83.37,666.96,Month-to-month,Bank transfer (automatic),1
30,77.77,2333.1,Two year,Electronic check,1
3,67.12,201.36,Month-to-month,Bank transfer (automatic),1
8,66.29,530.32,Month-to-month,Credit card (automatic),1
49,43.69,2140.81,Two year,Bank transfer (automatic),0
63,61.42,3869.46,Two year,Bank transfer (automatic),0
21,78.5,1648.5,One year,Electronic check,0
44,107.21,4717.24,Two year,Credit card (automatic),0
2,54.09,108.18,Month-to-month,Bank transfer (automatic),1
3,45.63,136.89,Month-to-month,Electronic check,1
3,48.55,145.65,Month-to-month,Bank transfer (automatic),0
15,111.57,1673.55,Month-to-month,Credit card (automatic),1
4,56.18,224.72,Month-to-month,Mailed check,0
29,69.18,2006.22,Two year,Electronic check,1
67,50.78,3402.26,Two year,Bank transfer (automatic),0
71,112.62,7996.02,Two year,Bank transfer (automatic),1
12,62.01,744.12,One year,Mailed check,0
37,107.82,3989.34,Two year,Electronic check,0
18,54.14,974.52,One year,Credit card (automatic),0
17,65.66,1116.22,One year,Electronic check,0
1,108.11,108.11,Month-to-month,Mailed check,1
23,71.78,1650.94,Month-to-month,Credit card (automatic),1
24,50.71,1217.04,One year,Electronic check,0
35,19.83,694.05,Two year,Electronic check,0
18,97.45,1754.1,Month-to-month,Electronic check,1
64,107.24,6863.36,Two year,Credit card (automatic),0
5,74.66,373.3,Month-to-month,Bank transfer (automatic),1
30,72.39,2171.7,Two year,Electronic check,0
49,35.14,1721.86,Two year,Credit card (automatic),0
13,37.25,484.25,Month-to-month,Electronic check,1
29,104.81,3039.49,Two year,Bank transfer (automatic),1
2,47.32,94.64,Month-to-month,Credit card (automatic),1
21,89.62,1882.02,One year,Credit card (automatic),0
1,31.71,31.71,Month-to-month,Bank transfer (automatic),1
10,102.46,1024.6,Month-to-month,Credit card (automatic),1
14,24.81,347.34,One year,Mailed check,0
15,80.68,1210.2,One year,Electronic check,1
15,55.82,837.3,One year,Bank transfer (automatic),1
16,103.31,1652.96,One year,Electronic check,1
24,88.87,2132.88,Two year,Electronic check,0
14,67.56,945.84,Month-to-month,Mailed check,1
21,94.33,1980.93,Month-to-month,Mailed check,0
4,57.87,231.48,Month-to-month,Credit card (automatic),1
0,19.5,0.0,Month-to-month,Credit card (automatic),1
13,27.19,353.47,Month-to-month,Electronic check,0
22,29.36,645.92,One year,Credit card (automatic),0
31,19.27,597.37,Two year,Credit card (automatic),0
13,116.43,1513.59,One year,Electronic check,1
48,53.59,2572.32,Two year,Bank transfer (automatic),0
6,64.9,389.4,Month-to-month,Credit card (automatic),1
17,66.61,1132.37,One year,Mailed check,0
68,39.26,2669.68,Two year,Electronic check,0
1,101.52,101.52,Month-to-month,Bank transfer (automatic),0
45,28.21,1269.45,Two year,Mailed check,0
15,81.21,1218.15,Month-to-month,Electronic check,1
1,107.98,107.98,Month-to-month,Bank transfer (automatic),1
24,45.27,1086.48,Month-to-month,Electronic check,0
13,97.65,1269.45,Month-to-month,Electronic check,1
8,63.76,510.08,Month-to-month,Mailed check,0
9,96.82,871.38,Month-to-month,Mailed check,1
4,60.64,242.56,Month-to-month,Credit card (automatic),1
6,70.6,423.6,Month-to-month,Mailed check,0
0,78.75,0.0,Month-to-month,Bank transfer (automatic),1
44,67.13,2953.72,Two year,Bank transfer (automatic),0
8,41.91,335.28,Month-to-month,Mailed check,0
12,77.32,927.84,One year,Credit card (automatic),1
13,23.09,300.17,Month-to-month,Electronic check,1
13,47.95,623.35,One year,Mailed check,0
41,39.65,1625.65,Two year,Mailed check,1
24,64.04,1536.96,One year,Electronic check,0
40,109.4,4376.0,Two year,Credit card (automatic),0
24,41.85,1004.4,Month-to-month,Credit card (automatic),0
28,55.51,1554.28,Two year,Credit card (automatic),0
20,94.15,1883.0,One year,Mailed check,0
54,112.3,6064.2,Two year,Electronic check,1
57,49.42,2816.94,Two year,Electronic check,1
17,57.28,973.76,Month-to-month,Credit card (automatic),1
13,21.39,278.07,Month-to-month,Mailed check,0
8,111.31,890.48,Month-to-month,Electronic check,1
15,83.75,1256.25,Month-to-month,Electronic check,1
22,98.73,2172.06,Month-to-month,Mailed check,0
23,36.71,844.33,Month-to-month,Electronic check,1
65,46.68,3034.2,Two year,Credit card (automatic),0
16,84.0,1344.0,Month-to-month,Mailed check,1
21,78.98,1658.58,Month-to-month,Bank transfer (automatic),0
18,60.3,1085.4,Month-to-month,Bank transfer (automatic),1
68,81.03,5510.04,Two year,Bank transfer (automatic),0
12,93.67,1124.04,One year,Credit card (automatic),1
25,104.07,2601.75,Two year,Electronic check,0
13,88.84,1154.92,One year,Electronic check,1
24,89.42,2146.08,One year,Bank transfer (automatic),1
52,21.03,1093.56,Two year,Bank transfer (automatic),0
2,59.03,118.06,Month-to-month,Electronic check,1
24,66.41,1593.84,Two year,Bank transfer (automatic),0
20,103.61,2072.2,One year,Electronic check,1
34,68.03,2313.02,Two year,Credit card (automatic),0
24,38.82,931.68,Month-to-month,Electronic check,0
0,72.46,0.0,Month-to-month,Mailed check,0
12,77.91,934.92,Month-to-month,Electronic check,1
17,88.07,1497.19,Month-to-month,Bank transfer (automatic),0
39,115.68,4511.52,Two year,Electronic check,1
25,29.52,738.0,Two year,Bank transfer (automatic),0
19,20.73,393.87,One year,Credit card (automatic),0
17,62.8,1067.6,Month-to-month,Bank transfer (automatic),1
5,115.78,578.9,Month-to-month,Bank transfer (automatic),1
24,46.35,1112.4,One year,Mailed check,0
68,87.19,5928.92,Two year,Bank transfer (automatic),0
13,66.09,859.17,Month-to-month,Mailed check,0
20,45.65,913.0,Month-to-month,Bank transfer (automatic),1
16,77.15,1234.4,Month-to-month,Credit card (automatic),0
48,84.35,4048.8,Two year,Electronic check,1
22,32.48,714.56,One year,Credit card (automatic),0
6,113.83,682.98,Month-to-month,Electronic check,1
19,117.69,2236.11,Month-to-month,Electronic check,1
1,38.77,38.77,Month-to-month,Mailed check,1
2,64.33,128.66,Month-to-month,Mailed check,1
13,74.13,963.69,Month-to-month,Bank transfer (automatic),0
20,51.28,1025.6,One year,Credit card (automatic),0
14,70.67,989.38,One year,Electronic check,0
35,83.44,2920.4,Two year,Credit card (automatic),0
17,18.22,309.74,Month-to-month,Electronic check,0
18,105.58,1900.44,One year,Bank transfer (automatic),1
0,74.86,0.0,Month-to-month,Mailed check,1
31,64.54,2000.74,Two year,Electronic check,0
50,37.85,1892.5,Two year,Credit card (automatic),0
10,99.91,999.1,Month-to-month,Electronic check,1
17,119.83,2037.11,One year,Bank transfer (automatic),0
29,36.22,1050.38,Two year,Credit card (automatic),0
21,32.55,683.55,Month-to-month,Bank transfer (automatic),1
62,19.89,1233.18,Two year,Electronic check,1
53,55.15,2922.95,Two year,Credit card (automatic),0
19,59.32,1127.08,One year,Electronic check,0
18,84.2,1515.6,One year,Electronic check,1
7,56.29,394.03,Month-to-month,Bank transfer (automatic),1
12,53.9,646.8,One year,Bank transfer (automatic),1
24,26.07,625.68,One year,Electronic check,0
8,87.33,698.64,Month-to-month,Mailed check,0
41,103.72,4252.52,Two year,Credit card (automatic),0
22,76.14,1675.08,Month-to-month,Electronic check,0
22,58.81,1293.82,Month-to-month,Mailed check,1
13,21.92,284.96,Month-to-month,Electronic check,1
16,59.59,953.44,Month-to-month,Bank transfer (automatic),0
18,101.29,1823.22,Month-to-month,Bank transfer (automatic),0
35,31.76,1111.6,Two year,Bank transfer (automatic),0
12,36.82,441.84,Month-to-month,Bank transfer (automatic),0
18,60.53,1089.54,One year,Electronic check,1
18,59.63,1073.34,Month-to-month,Credit card (automatic),1
18,110.69,1992.42,Month-to-month,Bank transfer (automatic),0
23,79.53,1829.19,One year,Electronic check,0
24,74.39,1785.36,Month-to-month,Electronic check,1
53,90.43,4792.79,Two year,Bank transfer (automatic),0
13,19.26,250.38,Month-to-month,Credit card (automatic),1
16,114.65,1834.4,Month-to-month,Electronic check,1
30,51.39,1541.7,Two year,Credit card (automatic),0
21,26.63,559.23,One year,Credit card (automatic),0
2,47.54,95.08,Month-to-month,Electronic check,1
49,32.97,1615.53,Two year,Bank transfer (automatic),0
24,49.11,1178.64,One year,Electronic check,0
9,92.57,833.13,Month-to-month,Electronic check,1
6,70.69,424.14,Month-to-month,Electronic check,1
17,65.95,1121.15,Month-to-month,Credit card (automatic),1
17,102.95,1750.15,One year,Mailed check,1
22,31.81,699.82,Month-to-month,Credit card (automatic),0
20,33.44,668.8,Month-to-month,Credit card (automatic),0
0,76.16,0.0,Month-to-month,Credit card (automatic),1
3,81.48,244.44,Month-to-month,Bank transfer (automatic),1
60,113.9,6834.0,Two year,Mailed check,0
1,84.2,84.2,Month-to-month,Credit card (automatic),0
0,26.69,0.0,Month-to-month,Electronic check,1
14,80.8,1131.2,Month-to-month,Credit card (automatic),1
45,117.77,5299.65,Two year,Mailed check,1
22,116.29,2558.38,One year,Credit card (automatic),1
43,68.06,2926.58,Two year,Electronic check,1
2,84.98,169.96,Month-to-month,Electronic check,1
13,19.3,250.9,One year,Credit card (automatic),0
2,68.63,137.26,Month-to-month,Bank transfer (automatic),0
24,76.71,1841.04,Month-to-month,Mailed check,0
45,103.0,4635.0,Two year,Electronic check,0
21,38.22,802.62,One year,Bank transfer (automatic),0
9,92.64,833.76,Month-to-month,Electronic check,1
52,47.23,2455.96,Two year,Electronic check,0
12,63.28,759.36,One year,Mailed check,0
7,50.15,351.05,Month-to-month,Electronic check,1
54,60.18,3249.72,Two year,Electronic check,1
19,82.25,1562.75,One year,Electronic check,0
17,27.16,461.72,One year,Credit card (automatic),0
58,78.5,4553.0,Two year,Electronic check,1
8,21.78,174.24,Month-to-month,Electronic check,0
12,53.12,637.44,One year,Mailed check,0
3,50.74,152.22,Month-to-month,Bank transfer (automatic),0
19,58.02,1102.38,Month-to-month,Bank transfer (automatic),1
18,22.78,410.04,One year,Electronic check,0
0,77.96,0.0,Month-to-month,Electronic check,1
44,109.06,4798.64,Two year,Bank transfer (automatic),1
24,43.36,1040.64,Month-to-month,Electronic check,0
13,100.04,1300.52,One year,Electronic check,1
24,34.35,824.4,Month-to-month,Mailed check,0
17,111.36,1893.12,One year,Electronic check,1
20,117.15,2343.0,Month-to-month,Credit card (automatic),0
12,33.46,401.52,One year,Mailed check,1
18,46.81,842.58,One year,Electronic check,1
23,42.15,969.45,One year,Credit card (automatic),0
6,79.7,478.2,Month-to-month,Electronic check,1
16,109.8,1756.8,Month-to-month,Electronic check,1
56,91.42,5119.52,Two year,Mailed check,0
19,35.16,668.04,Month-to-month,Credit card (automatic),0
21,27.45,576.45,One year,Bank transfer (automatic),0
42,106.3,4464.6,Two year,Bank transfer (automatic),1
4,100.7,402.8,Month-to-month,Credit card (automatic),1
17,52.53,893.01,Month-to-month,Mailed check,1
5,85.13,425.65,Month-to-month,Mailed check,1
19,99.47,1889.93,One year,Electronic check,0
7,79.26,554.82,Month-to-month,Electronic check,1
8,55.06,440.48,Month-to-month,Mailed check,1
1,106.08,106.08,Month-to-month,Bank transfer (automatic),1
22,109.33,2405.26,One year,Electronic check,1
23,25.49,586.27,One year,Electronic check,0
8,60.96,487.68,Month-to-month,Electronic check,1
32,107.02,3424.64,Two year,Credit card (automatic),0
12,112.13,1345.56,Month-to-month,Bank transfer (automatic),1
48,25.51,1224.48,Two year,Electronic check,0
17,110.54,1879.18,Month-to-month,Mailed check,1
27,51.73,1396.71,Two year,Mailed check,0
12,42.35,508.2,Month-to-month,Electronic check,0
16,108.48,1735.68,Month-to-month,Electronic check,1
12,81.63,979.56,One year,Electronic check,0
1,78.42,78.42,Month-to-month,Electronic check,0
20,20.94,418.8,Month-to-month,Bank transfer (automatic),1
5,88.23,441.15,Month-to-month,Electronic check,1
14,89.0,1246.0,Month-to-month,Mailed check,1
35,116.86,4090.1,Two year,Bank transfer (automatic),1
12,31.57,378.84,One year,Mailed check,0
15,113.31,1699.65,Month-to-month,Credit card (automatic),1
20,78.23,1564.6,Month-to-month,Electronic check,1
19,46.71,887.49,Month-to-month,Bank transfer (automatic),1
3,74.86,224.58,Month-to-month,Mailed check,1
12,53.48,641.76,Month-to-month,Mailed check,1
9,95.73,861.57,Month-to-month,Credit card (automatic),1
19,99.01,1881.19,Month-to-month,Credit card (automatic),1
1,50.12,50.12,Month-to-month,Bank transfer (automatic),1
13,28.46,369.98,Month-to-month,Credit card (automatic),1
0,63.66,0.0,Month-to-month,Mailed check,1
50,109.98,5499.0,Two year,Electronic check,0
2,55.33,110.66,Month-to-month,Mailed check,1
21,18.45,387.45,Month-to-month,Credit card (automatic),1
13,61.16,795.08,One year,Bank transfer (automatic),0
16,62.88,1006.08,Month-to-month,Electronic check,1
2,39.34,78.68,Month-to-month,Electronic check,1
1,90.38,90.38,Month-to-month,Bank transfer (automatic),0
13,87.36,1135.68,One year,Mailed check,1
61,23.55,1436.55,Two year,Credit card (automatic),0
2,95.36,190.72,Month-to-month,Credit card (automatic),0
18,116.37,2094.66,One year,Mailed check,0
37,61.83,2287.71,Two year,Mailed check,0
10,90.78,907.8,Month-to-month,Electronic check,1
18,73.79,1328.22,One year,Bank transfer (automatic),1
14,117.0,1638.0,One year,Electronic check,0
24,92.57,2221.68,One year,Credit card (automatic),0
20,28.23,564.6,Month-to-month,Electronic check,1
15,42.67,640.05,Month-to-month,Mailed check,1
62,89.26,5534.12,Two year,Bank transfer (automatic),0
18,47.49,854.82,One year,Electronic check,1
44,42.49,1869.56,Two year,Credit card (automatic),0
14,56.36,789.04,Month-to-month,Credit card (automatic),0
19,66.29,1259.51,One year,Electronic check,1
70,72.56,5079.2,Two year,Electronic check,0
21,36.6,768.6,Month-to-month,Electronic check,1
2,61.17,122.34,Month-to-month,Credit card (automatic),1
16,47.92,766.72,One year,Electronic check,1
19,78.28,1487.32,Month-to-month,Bank transfer (automatic),1
19,51.8,984.2,One year,Credit card (automatic),0
22,52.89,1163.58,Month-to-month,Credit card (automatic),0
10,62.51,625.1,Month-to-month,Credit card (automatic),0
15,30.68,460.2,One year,Electronic check,1
39,39.77,1551.03,Two year,Credit card (automatic),0
22,91.92,2022.24,One year,Mailed check,1
14,40.27,563.78,Month-to-month,Mailed check,0
22,115.93,2550.46,Month-to-month,Bank transfer (automatic),0
15,20.88,313.2,Month-to-month,Electronic check,0
1,42.28,42.28,Month-to-month,Bank transfer (automatic),0
19,69.35,1317.65,Month-to-month,Electronic check,1
12,83.31,999.72,One year,Electronic check,0
15,45.57,683.55,Month-to-month,Electronic check,1
72,55.42,3990.24,Two year,Mailed check,0
18,112.45,2024.1,Month-to-month,Electronic check,1
1,43.0,43.0,Month-to-month,Electronic check,1
46,82.7,3804.2,Two year,Bank transfer (automatic),0
40,114.48,4579.2,Two year,Credit card (automatic),0
10,78.69,786.9,Month-to-month,Mailed check,1
6,118.06,708.36,Month-to-month,Mailed check,1
21,103.54,2174.34,One year,Mailed check,0
28,44.28,1239.84,Two year,Bank transfer (automatic),0
23,81.26,1868.98,Month-to-month,Electronic check,1
19,89.62,1702.78,Month-to-month,Credit card (automatic),0
13,48.25,627.25,Month-to-month,Mailed check,1
16,109.11,1745.76,One year,Credit card (automatic),1
18,89.8,1616.4,Month-to-month,Bank transfer (automatic),0
30,51.61,1548.3,Two year,Electronic check,0
25,18.42,460.5,Two year,Electronic check,1
23,118.75,2731.25,One year,Mailed check,0
18,117.16,2108.88,Month-to-month,Electronic check,1
5,102.32,511.6,Month-to-month,Mailed check,0
14,94.15,1318.1,Month-to-month,Mailed check,1
16,71.69,1147.04,Month-to-month,Mailed check,0
20,73.7,1474.0,Month-to-month,Mailed check,1
9,24.87,223.83,Month-to-month,Mailed check,1
23,38.39,882.97,Month-to-month,Electronic check,1
16,65.69,1051.04,One year,Mailed check,0
16,57.92,926.72,One year,Credit card (automatic),0
14,81.6,1142.4,Month-to-month,Mailed check,1
67,73.24,4907.08,Two year,Electronic check,0
52,33.72,1753.44,Two year,Credit card (automatic),0
1,76.54,76.54,Month-to-month,Credit card (automatic),1
0,28.09,0.0,Month-to-month,Mailed check,1
67,69.67,4667.89,Two year,Bank transfer (automatic),0
16,114.6,1833.6,Month-to-month,Bank transfer (automatic),1
19,53.91,1024.29,One year,Mailed check,0
8,18.58,148.64,Month-to-month,Mailed check,1
13,100.45,1305.85,Month-to-month,Electronic check,1
2,60.3,120.6,Month-to-month,Electronic check,1
8,105.88,847.04,Month-to-month,Electronic check,1
19,113.16,2150.04,One year,Bank transfer (automatic),1
36,71.99,2591.64,Two year,Credit card (automatic),0
38,103.32,3926.16,Two year,Electronic check,0
52,20.03,1041.56,Two year,Bank transfer (automatic),0
9,100.61,905.49,Month-to-month,Credit card (automatic),1
50,24.2,1210.0,Two year,Mailed check,0
20,80.37,1607.4,One year,Bank transfer (automatic),0
8,94.16,753.28,Month-to-month,Bank transfer (automatic),1
24,62.19,1492.56,One year,Electronic check,1
21,107.52,2257.92,One year,Bank transfer (automatic),1
17,45.41,771.97,Month-to-month,Credit card (automatic),1
0,48.48,0.0,Month-to-month,Electronic check,0
24,56.52,1356.48,Month-to-month,Mailed check,0
0,76.45,0.0,Month-to-month,Mailed check,1
16,87.04,1392.64,One year,Electronic check,0
20,22.61,452.2,One year,Bank transfer (automatic),0
19,43.6,828.4,Month-to-month,Electronic check,1
38,116.88,4441.44,Two year,Credit card (automatic),0
4,51.88,207.52,Month-to-month,Credit card (automatic),1
36,104.13,3748.68,Two year,Electronic check,1
14,85.83,1201.62,Month-to-month,Bank transfer (automatic),1
19,55.26,1049.94,Month-to-month,Mailed check,0
18,93.26,1678.68,One year,Electronic check,0
15,18.38,275.7,One year,Bank transfer (automatic),0
17,98.24,1670.08,One year,Credit card (automatic),0
8,28.81,230.48,Month-to-month,Mailed check,1
5,117.05,585.25,Month-to-month,Bank transfer (automatic),1
20,56.43,1128.6,One year,Mailed check,0
15,47.84,717.6,Month-to-month,Mailed check,1
6,89.38,536.28,Month-to-month,Credit card (automatic),1
21,116.59,2448.39,Month-to-month,Bank transfer (automatic),0
16,112.18,1794.88,Month-to-month,Electronic check,1
4,48.08,192.32,Month-to-month,Mailed check,1
10,75.44,754.4,Month-to-month,Mailed check,1
13,112.64,1464.32,Month-to-month,Credit card (automatic),1
20,66.32,1326.4,Month-to-month,Electronic check,1
4,108.16,432.64,Month-to-month,Bank transfer (automatic),1
12,90.26,1083.12,One year,Bank transfer (automatic),0
41,107.04,4388.64,Two year,Electronic check,0
22,108.63,2389.86,One year,Mailed check,1
10,89.73,897.3,Month-to-month,Mailed check,1
44,50.02,2200.88,Two year,Mailed check,0
17,73.16,1243.72,Month-to-month,Credit card (automatic),0
53,70.45,3733.85,Two year,Bank transfer (automatic),0
1,74.9,74.9,Month-to-month,Mailed check,1
22,81.97,1803.34,Month-to-month,Bank transfer (automatic),1
40,74.15,2966.0,Two year,Electronic check,0
4,115.87,463.48,Month-to-month,Electronic check,1
18,58.71,1056.78,Month-to-month,Electronic check,1
21,79.47,1668.87,Month-to-month,Bank transfer (automatic),0
17,28.18,479.06,Month-to-month,Electronic check,0
22,57.47,1264.34,One year,Mailed check,0
14,101.18,1416.52,One year,Mailed check,1
49,57.58,2821.42,Two year,Electronic check,0
31,22.8,706.8,Two year,Electronic check,0
18,74.59,1342.62,Month-to-month,Bank transfer (automatic),1
16,110.34,1765.44,One year,Electronic check,1
43,79.96,3438.28,Two year,Mailed check,0
1,60.91,60.91,Month-to-month,Bank transfer (automatic),1
16,97.86,1565.76,Month-to-month,Mailed check,0
46,88.43,4067.78,Two year,Electronic check,1
3,96.13,288.39,Month-to-month,Electronic check,1
13,50.94,662.22,One year,Credit card (automatic),0
10,62.88,628.8,Month-to-month,Credit card (automatic),0
16,66.8,1068.8,Month-to-month,Bank transfer (automatic),0
41,90.51,3710.91,Two year,Electronic check,1
16,72.81,1164.96,Month-to-month,Mailed check,1
15,115.0,1725.0,Month-to-month,Electronic check,1
15,117.73,1765.95,One year,Bank transfer (automatic),0
58,119.03,6903.74,Two year,Electronic check,1
24,72.45,1738.8,One year,Mailed check,1
14,81.03,1134.42,Month-to-month,Bank transfer (automatic),1
64,117.3,7507.2,Two year,Electronic check,0
20,47.78,955.6,One year,Mailed check,0
0,111.33,0.0,Month-to-month,Credit card (automatic),0
51,115.29,5879.79,Two year,Mailed check,0
4,80.54,322.16,Month-to-month,Electronic check,1
15,106.6,1599.0,One year,Mailed check,1
69,111.53,7695.57,Two year,Mailed check,0
19,41.82,794.58,One year,Electronic check,0
37,90.49,3348.13,Two year,Bank transfer (automatic),0
47,112.02,5264.94,Two year,Electronic check,0
15,41.12,616.8,One year,Credit card (automatic),0
11,25.04,275.44,Month-to-month,Credit card (automatic),1
21,62.15,1305.15,One year,Mailed check,0
43,47.75,2053.25,Two year,Credit card (automatic),0
5,92.17,460.85,Month-to-month,Electronic check,1
16,84.33,1349.28,One year,Mailed check,0
19,29.72,564.68,Month-to-month,Bank transfer (automatic),1
5,109.55,547.75,Month-to-month,Electronic check,1
20,25.32,506.4,One year,Mailed check,0
7,98.35,688.45,Month-to-month,Credit card (automatic),1
22,108.71,2391.62,Month-to-month,Mailed check,1
22,67.66,1488.52,Month-to-month,Bank transfer (automatic),1
18,100.66,1811.88,Month-to-month,Credit card (automatic),0
20,119.69,2393.8,Month-to-month,Electronic check,0
14,61.32,858.48,One year,Electronic check,0
0,76.66,0.0,Month-to-month,Credit card (automatic),0
3,74.9,224.7,Month-to-month,Credit card (automatic),1
19,94.12,1788.28,Month-to-month,Mailed check,0
0,32.23,0.0,Month-to-month,Credit card (automatic),1
5,100.75,503.75,Month-to-month,Electronic check,1
4,31.63,126.52,Month-to-month,Credit card (automatic),0
17,22.04,374.68,Month-to-month,Bank transfer (automatic),0
13,74.48,968.24,Month-to-month,Mailed check,0
0,27.57,0.0,Month-to-month,Bank transfer (automatic),0
22,49.05,1079.1,One year,Electronic check,0
19,34.75,660.25,Month-to-month,Electronic check,1
43,104.85,4508.55,Two year,Electronic check,0
12,100.98,1211.76,Month-to-month,Electronic check,1
4,56.72,226.88,Month-to-month,Mailed check,1
23,110.27,2536.21,One year,Bank transfer (automatic),0
21,95.31,2001.51,One year,Electronic check,0
8,100.81,806.48,Month-to-month,Mailed check,1
17,50.98,866.66,Month-to-month,Electronic check,0
13,92.32,1200.16,One year,Electronic check,0
41,97.51,3997.91,Two year,Credit card (automatic),0
15,32.35,485.25,Month-to-month,Mailed check,1
9,65.82,592.38,Month-to-month,Bank transfer (automatic),1
11,46.15,507.65,Month-to-month,Electronic check,1
19,47.83,908.77,One year,Mailed check,0
8,89.06,712.48,Month-to-month,Electronic check,1
10,39.79,397.9,Month-to-month,Mailed check,1
21,50.87,1068.27,One year,Electronic check,1
3,70.41,211.23,Month-to-month,Mailed check,1
1,24.1,24.1,Month-to-month,Mailed check,0
2,49.83,99.66,Month-to-month,Credit card (automatic),0
8,41.34,330.72,Month-to-month,Credit card (automatic),1
0,67.56,0.0,Month-to-month,Bank transfer (automatic),1
19,86.48,1643.12,Month-to-month,Electronic check,1
10,95.62,956.2,Month-to-month,Electronic check,1
0,32.56,0.0,Month-to-month,Mailed check,1
24,91.59,2198.16,One year,Electronic check,1
6,19.25,115.5,Month-to-month,Bank transfer (automatic),1
16,62.04,992.64,Month-to-month,Electronic check,1
23,19.92,458.16,One year,Credit card (automatic),0
71,27.75,1970.25,Two year,Electronic check,0
15,21.74,326.1,Month-to-month,Mailed check,1
18,32.45,584.1,Month-to-month,Bank transfer (automatic),1
39,38.99,1520.61,Two year,Mailed check,0
4,46.34,185.36,Month-to-month,Electronic check,1
18,31.31,563.58,Month-to-month,Credit card (automatic),0
20,20.81,416.2,Month-to-month,Mailed check,0
13,29.61,384.93,One year,Bank transfer (automatic),1
18,28.3,509.4,Month-to-month,Electronic check,1
12,115.45,1385.4,Month-to-month,Electronic check,1
19,43.92,834.48,Month-to-month,Electronic check,0
4,40.09,160.36,Month-to-month,Electronic check,1
9,80.16,721.44,Month-to-month,Bank transfer (automatic),1
16,61.86,989.76,Month-to-month,Electronic check,1
18,114.98,2069.64,Month-to-month,Electronic check,1
19,81.76,1553.44,One year,Bank transfer (automatic),0
17,82.97,1410.49,Month-to-month,Bank transfer (automatic),1
17,59.29,1007.93,One year,Credit card (automatic),0
12,118.15,1417.8,Month-to-month,Electronic check,1
28,45.29,1268.12,Two year,Bank transfer (automatic),0
7,106.98,748.86,Month-to-month,Electronic check,1
16,28.73,459.68,One year,Mailed check,0
49,104.6,5125.4,Two year,Electronic check,0
24,119.23,2861.52,Month-to-month,Credit card (automatic),1
17,86.03,1462.51,One year,Mailed check,1
23,112.45,2586.35,One year,Bank transfer (automatic),1
20,108.6,2172.0,One year,Bank transfer (automatic),0
22,95.01,2090.22,Month-to-month,Electronic check,1
30,52.55,1576.5,Two year,Electronic check,1
23,113.27,2605.21,One year,Credit card (automatic),0
15,51.05,765.75,One year,Mailed check,1
17,69.02,1173.34,One year,Mailed check,0
24,28.33,679.92,One year,Electronic check,0
18,83.17,1497.06,Month-to-month,Bank transfer (automatic),0
24,85.04,2040.96,One year,Bank transfer (automatic),0
16,26.5,424.0,Month-to-month,Electronic check,1
23,65.11,1497.53,One year,Bank transfer (automatic),1
15,31.34,470.1,Month-to-month,Credit card (automatic),1
24,18.41,441.84,One year,Bank transfer (automatic),1
15,115.81,1737.15,Month-to-month,Mailed check,0
12,92.66,1111.92,Month-to-month,Credit card (automatic),1
9,58.62,527.58,Month-to-month,Credit card (automatic),1
19,58.48,1111.12,One year,Credit card (automatic),0
18,119.13,2144.34,Month-to-month,Electronic check,1
11,94.57,1040.27,Month-to-month,Bank transfer (automatic),1
53,32.15,1703.95,Two year,Bank transfer (automatic),0
43,19.16,823.88,Two year,Bank transfer (automatic),0
22,26.15,575.3,One year,Mailed check,0
12,91.3,1095.6,Month-to-month,Mailed check,1
21,20.61,432.81,Month-to-month,Mailed check,0
15,79.21,1188.15,One year,Electronic check,1
46,98.1,4512.6,Two year,Electronic check,0
7,75.9,531.3,Month-to-month,Bank transfer (automatic),1
13,37.86,492.18,One year,Bank transfer (automatic),1
66,60.76,4010.16,Two year,Electronic check,0
41,72.41,2968.81,Two year,Credit card (automatic),0
22,45.06,991.32,Month-to-month,Bank transfer (automatic),0
55,79.25,4358.75,Two year,Credit card (automatic),0
29,28.58,828.82,Two year,Credit card (automatic),1
18,85.62,1541.16,Month-to-month,Bank transfer (automatic),1
20,109.69,2193.8,Month-to-month,Credit card (automatic),1
59,102.74,6061.66,Two year,Electronic check,0
17,119.92,2038.64,Month-to-month,Electronic check,1
1,43.14,43.14,Month-to-month,Bank transfer (automatic),1
40,69.2,2768.0,Two year,Bank transfer (automatic),0
4,119.63,478.52,Month-to-month,Bank transfer (automatic),1
22,66.76,1468.72,Month-to-month,Mailed check,0
18,28.17,507.06,Month-to-month,Credit card (automatic),0
15,28.09,421.35,Month-to-month,Electronic check,1
6,107.44,644.64,Month-to-month,Mailed check,1
0,119.63,0.0,Month-to-month,Bank transfer (automatic),1
5,117.01,585.05,Month-to-month,Credit card (automatic),1
29,30.16,874.64,Two year,Electronic check,0
10,31.95,319.5,Month-to-month,Bank transfer (automatic),1
21,39.74,834.54,One year,Bank transfer (automatic),0
48,48.05,2306.4,Two year,Mailed check,0
24,116.33,2791.92,One year,Electronic check,1
13,85.08,1106.04,One year,Electronic check,1
14,43.45,608.3,One year,Credit card (automatic),1
2,90.42,180.84,Month-to-month,Credit card (automatic),1
13,78.87,1025.31,Month-to-month,Electronic check,1
18,73.88,1329.84,One year,Mailed check,0
5,95.28,476.4,Month-to-month,Credit card (automatic),1
4,82.57,330.28,Month-to-month,Electronic check,1
23,65.59,1508.57,One year,Electronic check,0
20,111.32,2226.4,One year,Electronic check,1
18,118.16,2126.88,Month-to-month,Electronic check,1
30,78.27,2348.1,Two year,Electronic check,0
17,113.79,1934.43,One year,Mailed check,0
16,48.22,771.52,Month-to-month,Mailed check,1
70,26.82,1877.4,Two year,Mailed check,0
11,59.32,652.52,Month-to-month,Bank transfer (automatic),1
0,85.66,0.0,Month-to-month,Electronic check,1
41,29.35,1203.35,Two year,Bank transfer (automatic),0
65,115.48,7506.2,Two year,Mailed check,0
22,70.22,1544.84,Month-to-month,Electronic check,0
20,118.01,2360.2,Month-to-month,Electronic check,1
8,118.8,950.4,Month-to-month,Electronic check,1
4,18.79,75.16,Month-to-month,Electronic check,1
3,53.82,161.46,Month-to-month,Bank transfer (automatic),0
17,33.1,562.7,Month-to-month,Electronic check,1
8,66.05,528.4,Month-to-month,Electronic check,0
19,78.29,1487.51,Month-to-month,Mailed check,1
23,94.63,2176.49,Month-to-month,Electronic check,1
17,108.77,1849.09,One year,Electronic check,1
21,21.03,441.63,Month-to-month,Electronic check,0
24,114.26,2742.24,One year,Electronic check,0
18,31.39,565.02,Month-to-month,Bank transfer (automatic),0
31,83.23,2580.13,Two year,Mailed check,0
1,79.08,79.08,Month-to-month,Mailed check,1
17,19.75,335.75,Month-to-month,Electronic check,1
42,110.82,4654.44,Two year,Electronic check,0
19,51.96,987.24,Month-to-month,Electronic check,0
13,112.84,1466.92,One year,Mailed check,1
14,47.36,663.04,Month-to-month,Mailed check,0
2,83.44,166.88,Month-to-month,Electronic check,1
48,40.65,1951.2,Two year,Electronic check,0
69,116.74,8055.06,Two year,Bank transfer (automatic),0
24,29.77,714.48,Month-to-month,Bank transfer (automatic),1
23,110.3,2536.9,Month-to-month,Bank transfer (automatic),1
70,59.05,4133.5,Two year,Credit card (automatic),0
10,115.7,1157.0,Month-to-month,Electronic check,1
16,89.18,1426.88,One year,Bank transfer (automatic),1
23,18.07,415.61,One year,Electronic check,1
27,88.33,2384.91,Two year,Bank transfer (automatic),0
17,61.77,1050.09,Month-to-month,Bank transfer (automatic),1
18,64.89,1168.02,One year,Mailed check,1
12,26.47,317.64,One year,Mailed check,1
7,60.66,424.62,Month-to-month,Electronic check,1
1,32.28,32.28,Month-to-month,Credit card (automatic),1
15,91.73,1375.95,Month-to-month,Electronic check,1
12,48.17,578.04,Month-to-month,Bank transfer (automatic),1
14,50.96,713.44,One year,Mailed check,0
5,42.52,212.6,Month-to-month,Electronic check,1
16,18.49,295.84,Month-to-month,Electronic check,1
9,29.28,263.52,Month-to-month,Bank transfer (automatic),1
19,29.02,551.38,Month-to-month,Credit card (automatic),0
18,112.67,2028.06,Month-to-month,Electronic check,1
48,19.52,936.96,Two year,Bank transfer (automatic),0
24,39.72,953.28,Month-to-month,Electronic check,1
21,47.69,1001.49,One year,Electronic check,1
20,72.86,1457.2,Month-to-month,Electronic check,0
8,20.07,160.56,Month-to-month,Electronic check,0
23,80.96,1862.08,One year,Mailed check,1
5,79.22,396.1,Month-to-month,Mailed check,0
14,73.24,1025.36,Month-to-month,Electronic check,1
39,78.21,3050.19,Two year,Mailed check,0
0,58.41,0.0,Month-to-month,Electronic check,0
37,30.35,1122.95,Two year,Bank transfer (automatic),0
17,97.58,1658.86,Month-to-month,Electronic check,1
13,27.71,360.23,Month-to-month,Electronic check,1
7,39.59,277.13,Month-to-month,Electronic check,1
19,24.3,461.7,Month-to-month,Mailed check,1
20,52.84,1056.8,Month-to-month,Bank transfer (automatic),1
12,90.99,1091.88,Month-to-month,Credit card (automatic),0
23,55.58,1278.34,One year,Electronic check,0
18,119.75,2155.5,Month-to-month,Bank transfer (automatic),0
24,53.1,1274.4,Month-to-month,Electronic check,0
2,116.16,232.32,Month-to-month,Bank transfer (automatic),1
17,96.37,1638.29,Month-to-month,Credit card (automatic),1
9,103.46,931.14,Month-to-month,Mailed check,1
16,114.39,1830.24,One year,Electronic check,1
13,111.84,1453.92,One year,Bank transfer (automatic),0
50,90.57,4528.5,Two year,Mailed check,0
20,109.43,2188.6,Month-to-month,Bank transfer (automatic),1
5,74.48,372.4,Month-to-month,Credit card (automatic),0
12,59.49,713.88,One year,Mailed check,1
14,43.08,603.12,One year,Electronic check,0
21,112.59,2364.39,Month-to-month,Bank transfer (automatic),1
18,38.86,699.48,One year,Mailed check,1
3,72.99,218.97,Month-to-month,Bank transfer (automatic),1
20,70.72,1414.4,Month-to-month,Electronic check,1
15,26.55,398.25,Month-to-month,Mailed check,1
0,22.08,0.0,Month-to-month,Electronic check,0
24,110.65,2655.6,Month-to-month,Credit card (automatic),1
4,107.12,428.48,Month-to-month,Credit card (automatic),1
13,53.15,690.95,Month-to-month,Electronic check,1
19,39.29,746.51,Month-to-month,Mailed check,0
16,28.53,456.48,One year,Mailed check,0
13,52.93,688.09,Month-to-month,Bank transfer (automatic),1
57,32.23,1837.11,Two year,Credit card (automatic),0
12,101.08,1212.96,One year,Bank transfer (automatic),0
9,36.77,330.93,Month-to-month,Mailed check,1
47,24.49,1151.03,Two year,Electronic check,1
11,40.5,445.5,Month-to-month,Electronic check,0
11,86.61,952.71,Month-to-month,Credit card (automatic),1
18,44.54,801.72,One year,Bank transfer (automatic),0
5,46.43,232.15,Month-to-month,Mailed check,0
3,20.21,60.63,Month-to-month,Mailed check,1
13,77.02,1001.26,Month-to-month,Electronic check,0
10,105.59,1055.9,Month-to-month,Mailed check,1
24,30.89,741.36,One year,Credit card (automatic),0
19,114.36,2172.84,Month-to-month,Mailed check,1
21,97.32,2043.72,One year,Bank transfer (automatic),1
28,31.36,878.08,Two year,Credit card (automatic),0
11,109.91,1209.01,Month-to-month,Credit card (automatic),1
19,65.07,1236.33,One year,Electronic check,0
22,92.45,2033.9,One year,Credit card (automatic),1
70,75.86,5310.2,Two year,Credit card (automatic),0
16,47.71,763.36,Month-to-month,Electronic check,1
20,80.32,1606.4,Month-to-month,Electronic check,1
4,96.97,387.88,Month-to-month,Bank transfer (automatic),1
23,23.72,545.56,One year,Credit card (automatic),0
23,112.1,2578.3,One year,Electronic check,1
18,38.11,685.98,One year,Mailed check,0
24,117.91,2829.84,One year,Credit card (automatic),0
4,108.09,432.36,Month-to-month,Electronic check,1
1,108.92,108.92,Month-to-month,Credit card (automatic),1
8,30.9,247.2,Month-to-month,Mailed check,0
15,38.87,583.05,One year,Credit card (automatic),0
18,56.86,1023.48,Month-to-month,Mailed check,0
22,73.11,1608.42,Month-to-month,Credit card (automatic),1
23,39.1,899.3,One year,Bank transfer (automatic),1
19,111.57,2119.83,Month-to-month,Bank transfer (automatic),0
25,75.35,1883.75,Two year,Bank transfer (automatic),0
1,29.6,29.6,Month-to-month,Bank transfer (automatic),1
2,110.63,221.26,Month-to-month,Mailed check,0
0,25.9,0.0,Month-to-month,Credit card (automatic),0
11,98.28,1081.08,Month-to-month,Electronic check,1
12,73.17,878.04,One year,Bank transfer (automatic),1
60,83.17,4990.2,Two year,Bank transfer (automatic),0
2,24.25,48.5,Month-to-month,Electronic check,1
12,109.15,1309.8,Month-to-month,Electronic check,1
15,71.29,1069.35,One year,Credit card (automatic),0
15,49.65,744.75,Month-to-month,Bank transfer (automatic),1
19,83.19,1580.61,Month-to-month,Electronic check,1
12,46.75,561.0,Month-to-month,Credit card (automatic),1
40,21.68,867.2,Two year,Mailed check,0
19,98.61,1873.59,One year,Electronic check,0
22,74.99,1649.78,Month-to-month,Bank transfer (automatic),0
2,28.88,57.76,Month-to-month,Electronic check,1
16,117.73,1883.68,Month-to-month,Credit card (automatic),1
18,62.73,1129.14,One year,Mailed check,0
15,34.3,514.5,One year,Electronic check,1
25,51.95,1298.75,Two year,Bank transfer (automatic),0
11,83.65,920.15,Month-to-month,Electronic check,1
22,33.3,732.6,Month-to-month,Electronic check,1
7,77.01,539.07,Month-to-month,Electronic check,1
14,57.57,805.98,One year,Electronic check,0
22,67.16,1477.52,Month-to-month,Credit card (automatic),0
8,112.76,902.08,Month-to-month,Electronic check,1
0,101.11,0.0,Month-to-month,Credit card (automatic),0
10,38.86,388.6,Month-to-month,Credit card (automatic),0
12,61.86,742.32,Month-to-month,Mailed check,1
13,83.07,1079.91,One year,Electronic check,0
14,107.23,1501.22,One year,Electronic check,1
7,18.45,129.15,Month-to-month,Electronic check,1
24,72.59,1742.16,Two year,Credit card (automatic),0
0,83.17,0.0,Month-to-month,Credit card (automatic),0
5,114.91,574.55,Month-to-month,Credit card (automatic),0
24,29.83,715.92,Month-to-month,Credit card (automatic),0
4,88.72,354.88,Month-to-month,Electronic check,1
0,97.58,0.0,Month-to-month,Mailed check,1
2,22.9,45.8,Month-to-month,Electronic check,1
42,86.86,3648.12,Two year,Electronic check,0
46,93.36,4294.56,Two year,Credit card (automatic),0
54,27.58,1489.32,Two year,Bank transfer (automatic),0
51,113.34,5780.34,Two year,Bank transfer (automatic),0
18,55.21,993.78,One year,Mailed check,0
24,64.44,1546.56,Month-to-month,Mailed check,1
18,71.45,1286.1,One year,Bank transfer (automatic),1
0,80.73,0.0,Month-to-month,Electronic check,1
9,114.39,1029.51,Month-to-month,Credit card (automatic),0
6,97.59,585.54,Month-to-month,Bank transfer (automatic),1
29,77.1,2235.9,Two year,Electronic check,0
0,64.78,0.0,Month-to-month,Bank transfer (automatic),1
13,23.11,300.43,Month-to-month,Bank transfer (automatic),1
3,26.43,79.29,Month-to-month,Bank transfer (automatic),0
1,25.06,25.06,Month-to-month,Bank transfer (automatic),0
25,69.4,1735.0,Two year,Mailed check,1
6,86.28,517.68,Month-to-month,Bank transfer (automatic),0
59,111.69,6589.71,Two year,Bank transfer (automatic),0
22,39.12,860.64,Month-to-month,Mailed check,1
9,76.19,685.71,Month-to-month,Electronic check,1
7,116.97,818.79,Month-to-month,Electronic check,1
48,105.01,5040.48,Two year,Credit card (automatic),0
6,27.35,164.1,Month-to-month,Electronic check,0
21,59.58,1251.18,Month-to-month,Electronic check,1
18,72.95,1313.1,One year,Electronic check,1
70,68.8,4816.0,Two year,Credit card (automatic),0
22,107.82,2372.04,Month-to-month,Credit card (automatic),0
21,23.06,484.26,Month-to-month,Mailed check,1
17,26.77,455.09,One year,Credit card (automatic),1
14,68.54,959.56,One year,Electronic check,1
27,107.67,2907.09,Two year,Electronic check,0
13,104.19,1354.47,Month-to-month,Electronic check,1
6,100.81,604.86,Month-to-month,Bank transfer (automatic),1
18,23.35,420.3,Month-to-month,Bank transfer (automatic),0
19,71.15,1351.85,One year,Electronic check,0
58,116.65,6765.7,Two year,Electronic check,1
17,89.3,1518.1,One year,Credit card (automatic),1
19,95.11,1807.09,Month-to-month,Credit card (automatic),0
1,112.19,112.19,Month-to-month,Bank transfer (automatic),1
13,42.73,555.49,One year,Mailed check,0
0,70.21,0.0,Month-to-month,Credit card (automatic),0
20,61.77,1235.4,Month-to-month,Electronic check,1
60,48.92,2935.2,Two year,Credit card (automatic),0
19,104.37,1983.03,One year,Electronic check,0
29,21.71,629.59,Two year,Electronic check,0
24,93.65,2247.6,Month-to-month,Electronic check,1
15,79.68,1195.2,One year,Mailed check,0
17,77.62,1319.54,Month-to-month,Electronic check,1
19,41.74,793.06,Month-to-month,Bank transfer (automatic),0
12,95.26,1143.12,One year,Mailed check,1
68,106.41,7235.88,Two year,Mailed check,0
4,85.14,340.56,Month-to-month,Credit card (automatic),1
39,62.11,2422.29,Two year,Mailed check,0
13,92.33,1200.29,One year,Mailed check,1
19,112.28,2133.32,One year,Bank transfer (automatic),1
13,63.27,822.51,Month-to-month,Mailed check,0
22,37.86,832.92,Month-to-month,Bank transfer (automatic),0
10,35.24,352.4,Month-to-month,Mailed check,1
23,72.85,1675.55,One year,Bank transfer (automatic),0
7,100.46,703.22,Month-to-month,Bank transfer (automatic),1
19,66.62,1265.78,Month-to-month,Electronic check,1
15,56.78,851.7,Month-to-month,Credit card (automatic),1
47,115.88,5446.36,Two year,Credit card (automatic),0
22,114.0,2508.0,Month-to-month,Credit card (automatic),1
24,57.53,1380.72,One year,Electronic check,0
14,78.2,1094.8,One year,Bank transfer (automatic),0
2,72.51,145.02,Month-to-month,Mailed check,1
16,71.61,1145.76,One year,Credit card (automatic),1
26,18.45,479.7,Two year,Mailed check,0
20,36.46,729.2,Month-to-month,Bank transfer (automatic),0
17,83.22,1414.74,One year,Credit card (automatic),0
24,32.41,777.84,One year,Bank transfer (automatic),1
4,52.67,210.68,Month-to-month,Bank transfer (automatic),1
22,21.69,477.18,One year,Mailed check,1
18,85.48,1538.64,One year,Credit card (automatic),0
7,104.8,733.6,Month-to-month,Electronic check,1
17,19.6,333.2,Month-to-month,Electronic check,1
15,83.17,1247.55,Month-to-month,Credit card (automatic),1
5,110.28,551.4,Month-to-month,Electronic check,1
18,64.03,1152.54,Month-to-month,Electronic check,1
42,119.4,5014.8,Two year,Bank transfer (automatic),0
22,27.39,602.58,Month-to-month,Credit card (automatic),0
21,116.03,2436.63,Month-to-month,Mailed check,1
15,44.08,661.2,Month-to-month,Bank transfer (automatic),0
6,54.91,329.46,Month-to-month,Mailed check,1
45,91.9,4135.5,Two year,Electronic check,1
20,85.59,1711.8,One year,Credit card (automatic),0
66,94.25,6220.5,Two year,Mailed check,0
23,105.33,2422.59,Month-to-month,Electronic check,1
51,82.26,4195.26,Two year,Bank transfer (automatic),0
49,102.65,5029.85,Two year,Electronic check,0
21,100.76,2115.96,Month-to-month,Electronic check,1
16,109.91,1758.56,Month-to-month,Electronic check,1
13,96.69,1256.97,Month-to-month,Credit card (automatic),1
8,48.68,389.44,Month-to-month,Credit card (automatic),0
23,52.4,1205.2,One year,Credit card (automatic),0
9,50.55,454.95,Month-to-month,Bank transfer (automatic),1
35,72.27,2529.45,Two year,Electronic check,0
1,64.7,64.7,Month-to-month,Credit card (automatic),1
72,38.01,2736.72,Two year,Bank transfer (automatic),0
23,67.98,1563.54,Month-to-month,Electronic check,1
64,98.42,6298.88,Two year,Electronic check,0
15,75.35,1130.25,One year,Bank transfer (automatic),1
11,29.21,321.31,Month-to-month,Electronic check,1
0,48.59,0.0,Month-to-month,Bank transfer (automatic),1
13,49.79,647.27,One year,Credit card (automatic),0
53,78.86,4179.58,Two year,Electronic check,0
15,94.56,1418.4,One year,Bank transfer (automatic),0
29,99.34,2880.86,Two year,Electronic check,0
21,53.96,1133.16,Month-to-month,Electronic check,1
46,36.83,1694.18,Two year,Electronic check,0
21,56.79,1192.59,Month-to-month,Bank transfer (automatic),1
12,71.4,856.8,One year,Electronic check,1
21,53.71,1127.91,Month-to-month,Bank transfer (automatic),1
72,62.0,4464.0,Two year,Electronic check,1
13,77.63,1009.19,One year,Credit card (automatic),0
9,53.09,477.81,Month-to-month,Bank transfer (automatic),1
19,89.25,1695.75,One year,Electronic check,0
17,104.21,1771.57,Month-to-month,Mailed check,1
12,27.74,332.88,Month-to-month,Mailed check,0
54,56.2,3034.8,Two year,Bank transfer (automatic),0
14,95.63,1338.82,One year,Credit card (automatic),1
0,70.4,0.0,Month-to-month,Bank transfer (automatic),1
14,58.01,812.14,Month-to-month,Credit card (automatic),1
21,41.87,879.27,One year,Electronic check,0
7,112.14,784.98,Month-to-month,Electronic check,1
55,113.98,6268.9,Two year,Mailed check,0
19,101.79,1934.01,Month-to-month,Electronic check,1
67,89.8,6016.6,Two year,Electronic check,0
5,115.13,575.65,Month-to-month,Credit card (automatic),1
20,111.82,2236.4,One year,Credit card (automatic),0
2,85.07,170.14,Month-to-month,Mailed check,1
7,58.88,412.16,Month-to-month,Mailed check,1
35,98.11,3433.85,Two year,Electronic check,1
11,96.25,1058.75,Month-to-month,Electronic check,1
2,29.24,58.48,Month-to-month,Bank transfer (automatic),1
22,44.39,976.58,One year,Bank transfer (automatic),0
20,48.51,970.2,Month-to-month,Bank transfer (automatic),1
24,26.62,638.88,One year,Electronic check,1
21,67.35,1414.35,One year,Electronic check,1
18,33.0,594.0,One year,Electronic check,0
62,30.9,1915.8,Two year,Credit card (automatic),0
52,39.79,2069.08,Two year,Credit card (automatic),0
21,80.67,1694.07,Month-to-month,Mailed check,0
21,33.87,711.27,One year,Mailed check,1
2,98.26,196.52,Month-to-month,Mailed check,1
19,29.62,562.78,One year,Mailed check,1
14,67.71,947.94,Month-to-month,Mailed check,1
23,81.11,1865.53,Month-to-month,Credit card (automatic),0
8,45.96,367.68,Month-to-month,Electronic check,1
32,97.16,3109.12,Two year,Electronic check,1
55,74.61,4103.55,Two year,Electronic check,1
20,53.31,1066.2,Month-to-month,Credit card (automatic),1
19,95.65,1817.35,One year,Mailed check,1
12,79.67,956.04,One year,Electronic check,0
22,64.84,1426.48,Month-to-month,Mailed check,1
23,32.91,756.93,One year,Mailed check,0
2,108.64,217.28,Month-to-month,Electronic check,1
13,22.94,298.22,One year,Mailed check,0
12,24.13,289.56,Month-to-month,Electronic check,1
7,72.61,508.27,Month-to-month,Electronic check,1
1,96.64,96.64,Month-to-month,Electronic check,1
24,86.56,2077.44,One year,Electronic check,0
15,60.36,905.4,One year,Bank transfer (automatic),1
21,26.77,562.17,Month-to-month,Bank transfer (automatic),0
12,79.22,950.64,Month-to-month,Electronic check,1
20,67.58,1351.6,Month-to-month,Bank transfer (automatic),1
4,26.24,104.96,Month-to-month,Electronic check,1
15,111.16,1667.4,Month-to-month,Electronic check,1
11,106.88,1175.68,Month-to-month,Electronic check,1
21,50.71,1064.91,One year,Mailed check,1
2,96.0,192.0,Month-to-month,Mailed check,0
16,99.45,1591.2,One year,Electronic check,1
19,66.21,1257.99,Month-to-month,Mailed check,1
3,79.2,237.6,Month-to-month,Mailed check,1
14,92.9,1300.6,Month-to-month,Electronic check,1
20,60.36,1207.2,One year,Bank transfer (automatic),1
12,28.87,346.44,Month-to-month,Bank transfer (automatic),0
24,62.94,1510.56,One year,Mailed check,1
6,64.79,388.74,Month-to-month,Mailed check,1
71,47.22,3352.62,Two year,Mailed check,0
21,84.84,1781.64,Month-to-month,Electronic check,1
28,48.8,1366.4,Two year,Bank transfer (automatic),0
51,38.89,1983.39,Two year,Electronic check,0
2,100.16,200.32,Month-to-month,Bank transfer (automatic),1
20,86.44,1728.8,Month-to-month,Electronic check,1
19,58.47,1110.93,Month-to-month,Electronic check,1
13,44.72,581.36,Month-to-month,Credit card (automatic),1
17,117.65,2000.05,Month-to-month,Electronic check,1
0,40.08,0.0,Month-to-month,Mailed check,1
12,46.39,556.68,One year,Electronic check,1
15,58.96,884.4,One year,Credit card (automatic),0
60,117.5,7050.0,Two year,Bank transfer (automatic),0
19,29.59,562.21,Month-to-month,Credit card (automatic),0
10,79.03,790.3,Month-to-month,Electronic check,1
12,93.77,1125.24,Month-to-month,Electronic check,1
19,35.37,672.03,One year,Electronic check,0
6,20.08,120.48,Month-to-month,Electronic check,1
12,84.5,1014.0,Month-to-month,Bank transfer (automatic),0
16,80.51,1288.16,Month-to-month,Bank transfer (automatic),0
21,66.66,1399.86,One year,Bank transfer (automatic),0
12,50.2,602.4,One year,Bank transfer (automatic),0
3,46.47,139.41,Month-to-month,Mailed check,0
46,70.71,3252.66,Two year,Credit card (automatic),0
12,62.13,745.56,One year,Bank transfer (automatic),0
23,49.97,1149.31,One year,Bank transfer (automatic),0
3,35.15,105.45,Month-to-month,Mailed check,1
52,101.43,5274.36,Two year,Credit card (automatic),0
21,49.12,1031.52,One year,Electronic check,1
2,27.05,54.1,Month-to-month,Bank transfer (automatic),0
22,78.18,1719.96,Month-to-month,Credit card (automatic),0
14,89.17,1248.38,One year,Mailed check,1
15,25.84,387.6,Month-to-month,Credit card (automatic),0
22,35.52,781.44,Month-to-month,Credit card (automatic),1
50,111.93,5596.5,Two year,Bank transfer (automatic),0
16,51.6,825.6,Month-to-month,Mailed check,1
23,79.41,1826.43,One year,Electronic check,1
11,94.47,1039.17,Month-to-month,Electronic check,1
17,88.87,1510.79,One year,Mailed check,0
62,111.54,6915.48,Two year,Electronic check,0
41,119.92,4916.72,Two year,Electronic check,1
17,97.27,1653.59,One year,Electronic check,0
2,103.03,206.06,Month-to-month,Credit card (automatic),1
2,82.19,164.38,Month-to-month,Bank transfer (automatic),0
55,106.5,5857.5,Two year,Credit card (automatic),0
69,119.13,8219.97,Two year,Electronic check,0
22,73.28,1612.16,Month-to-month,Electronic check,1
13,102.13,1327.69,One year,Mailed check,0
13,50.02,650.26,One year,Electronic check,1
24,99.7,2392.8,Month-to-month,Electronic check,1
24,115.71,2777.04,Month-to-month,Bank transfer (automatic),1
16,54.96,879.36,One year,Bank transfer (automatic),0
8,111.3,890.4,Month-to-month,Electronic check,1
35,89.67,3138.45,Two year,Bank transfer (automatic),0
17,84.39,1434.63,One year,Credit card (automatic),0
2,24.79,49.58,Month-to-month,Mailed check,1
51,64.19,3273.69,Two year,Mailed check,0
7,90.07,630.49,Month-to-month,Mailed check,0
14,84.35,1180.9,One year,Electronic check,0
13,88.21,1146.73,One year,Credit card (automatic),0
27,60.0,1620.0,Two year,Bank transfer (automatic),0
10,49.47,494.7,Month-to-month,Electronic check,1
43,47.6,2046.8,Two year,Electronic check,1
16,33.84,541.44,One year,Bank transfer (automatic),0
7,100.47,703.29,Month-to-month,Bank transfer (automatic),0
14,59.96,839.44,Month-to-month,Bank transfer (automatic),0
71,70.5,5005.5,Two year,Electronic check,0
41,18.82,771.62,Two year,Mailed check,0
11,37.63,413.93,Month-to-month,Electronic check,1
19,21.97,417.43,One year,Credit card (automatic),0
17,118.99,2022.83,One year,Electronic check,0
14,57.33,802.62,One year,Mailed check,1
25,83.59,2089.75,Two year,Bank transfer (automatic),0
23,76.95,1769.85,Month-to-month,Electronic check,0
7,66.99,468.93,Month-to-month,Credit card (automatic),0
13,79.19,1029.47,Month-to-month,Bank transfer (automatic),0
20,57.14,1142.8,One year,Electronic check,0
17,97.81,1662.77,Month-to-month,Electronic check,1
24,41.51,996.24,One year,Credit card (automatic),0
4,47.99,191.96,Month-to-month,Bank transfer (automatic),1
15,45.56,683.4,One year,Mailed check,1
58,79.66,4620.28,Two year,Bank transfer (automatic),0
3,113.79,341.37,Month-to-month,Mailed check,1
8,92.63,741.04,Month-to-month,Credit card (automatic),1
16,35.92,574.72,One year,Mailed check,1
21,114.36,2401.56,One year,Mailed check,0
6,52.68,316.08,Month-to-month,Mailed check,0
24,104.96,2519.04,One year,Electronic check,0
47,80.1,3764.7,Two year,Credit card (automatic),0
24,43.37,1040.88,Two year,Credit card (automatic),0
51,46.9,2391.9,Two year,Credit card (automatic),0
19,59.3,1126.7,One year,Credit card (automatic),1
16,38.54,616.64,Month-to-month,Credit card (automatic),1
16,31.91,510.56,One year,Bank transfer (automatic),0
9,93.44,840.96,Month-to-month,Credit card (automatic),1
13,61.83,803.79,Month-to-month,Mailed check,1
12,59.68,716.16,One year,Electronic check,1
12,106.96,1283.52,One year,Credit card (automatic),0
8,81.36,650.88,Month-to-month,Electronic check,0
6,99.44,596.64,Month-to-month,Credit card (automatic),1
52,28.47,1480.44,Two year,Bank transfer (automatic),0
70,51.23,3586.1,Two year,Mailed check,0
13,114.26,1485.38,Month-to-month,Bank transfer (automatic),1
8,75.42,603.36,Month-to-month,Bank transfer (automatic),0
6,116.9,701.4,Month-to-month,Electronic check,1
60,70.75,4245.0,Two year,Credit card (automatic),0
44,95.47,4200.68,Two year,Credit card (automatic),1
22,76.81,1689.82,Month-to-month,Mailed check,0
4,102.13,408.52,Month-to-month,Electronic check,1
17,62.33,1059.61,Month-to-month,Electronic check,1
17,99.76,1695.92,One year,Bank transfer (automatic),1
45,23.68,1065.6,Two year,Credit card (automatic),0
69,119.9,8273.1,Two year,Mailed check,0
9,70.44,633.96,Month-to-month,Mailed check,0
15,70.76,1061.4,One year,Bank transfer (automatic),0
17,106.55,1811.35,Month-to-month,Bank transfer (automatic),1
7,19.93,139.51,Month-to-month,Mailed check,0
24,32.41,777.84,Month-to-month,Electronic check,1
19,84.15,1598.85,Month-to-month,Electronic check,1
11,33.04,363.44,Month-to-month,Credit card (automatic),0
20,56.36,1127.2,One year,Mailed check,0
50,32.96,1648.0,Two year,Mailed check,0
16,87.36,1397.76,One year,Electronic check,1
24,78.97,1895.28,One year,Mailed check,0
20,25.34,506.8,One year,Electronic check,0
21,61.01,1281.21,Month-to-month,Mailed check,1
52,108.05,5618.6,Two year,Credit card (automatic),0
46,65.02,2990.92,Two year,Electronic check,0
4,57.59,230.36,Month-to-month,Mailed check,0
1,69.96,69.96,Month-to-month,Electronic check,0
19,101.0,1919.0,One year,Credit card (automatic),1
11,80.55,886.05,Month-to-month,Bank transfer (automatic),0
20,90.71,1814.2,One year,Credit card (automatic),1
23,64.89,1492.47,Month-to-month,Electronic check,1
72,97.97,7053.84,Two year,Electronic check,0
9,20.55,184.95,Month-to-month,Bank transfer (automatic),0
13,65.66,853.58,Month-to-month,Credit card (automatic),1
16,27.0,432.0,One year,Mailed check,1
24,39.21,941.04,Month-to-month,Electronic check,1
22,22.74,500.28,Month-to-month,Electronic check,0
17,58.64,996.88,One year,Credit card (automatic),0
23,44.87,1032.01,Month-to-month,Bank transfer (automatic),1
65,85.04,5527.6,Two year,Credit card (automatic),0
6,106.22,637.32,Month-to-month,Electronic check,1
20,87.72,1754.4,Month-to-month,Credit card (automatic),0
12,44.54,534.48,One year,Credit card (automatic),1
28,24.11,675.08,Two year,Bank transfer (automatic),0
21,54.89,1152.69,Month-to-month,Credit card (automatic),1
19,69.19,1314.61,Month-to-month,Bank transfer (automatic),0
2,26.85,53.7,Month-to-month,Electronic check,1
71,116.09,8242.39,Two year,Mailed check,0
9,92.48,832.32,Month-to-month,Mailed check,1
20,95.94,1918.8,Month-to-month,Electronic check,1
23,65.08,1496.84,Month-to-month,Electronic check,1
12,73.85,886.2,Month-to-month,Bank transfer (automatic),1
23,31.58,726.34,One year,Bank transfer (automatic),0
25,71.73,1793.25,Two year,Bank transfer (automatic),0
7,88.55,619.85,Month-to-month,Electronic check,1
15,61.13,916.95,Month-to-month,Bank transfer (automatic),1
15,87.4,1311.0,Month-to-month,Electronic check,1
2,43.84,87.68,Month-to-month,Credit card (automatic),1
12,56.36,676.32,Month-to-month,Electronic check,1
6,74.28,445.68,Month-to-month,Credit card (automatic),0
16,52.64,842.24,Month-to-month,Bank transfer (automatic),1
4,18.27,73.08,Month-to-month,Electronic check,1
23,107.12,2463.76,Month-to-month,Electronic check,1
19,83.8,1592.2,One year,Credit card (automatic),0
71,87.56,6216.76,Two year,Mailed check,0
15,66.86,1002.9,Month-to-month,Electronic check,1
11,25.79,283.69,Month-to-month,Electronic check,1
11,37.95,417.45,Month-to-month,Mailed check,0
58,101.1,5863.8,Two year,Bank transfer (automatic),0
58,55.2,3201.6,Two year,Credit card (automatic),0
10,53.06,530.6,Month-to-month,Bank transfer (automatic),0
20,48.97,979.4,One year,Credit card (automatic),0
34,117.05,3979.7,Two year,Electronic check,0
16,103.63,1658.08,Month-to-month,Mailed check,0
24,81.33,1951.92,Month-to-month,Mailed check,1
18,40.47,728.46,Month-to-month,Credit card (automatic),0
69,96.07,6628.83,Two year,Electronic check,0
28,101.55,2843.4,Two year,Credit card (automatic),0
19,118.17,2245.23,Month-to-month,Electronic check,1
62,107.38,6657.56,Two year,Electronic check,0
24,104.39,2505.36,One year,Electronic check,0
13,70.53,916.89,One year,Electronic check,1
29,48.16,1396.64,Two year,Electronic check,0
20,54.35,1087.0,Month-to-month,Electronic check,1
7,21.98,153.86,Month-to-month,Electronic check,1
14,72.35,1012.9,Month-to-month,Electronic check,1
23,59.54,1369.42,Month-to-month,Electronic check,1
10,64.58,645.8,Month-to-month,Bank transfer (automatic),0
24,49.15,1179.6,One year,Electronic check,0
23,117.32,2698.36,Month-to-month,Credit card (automatic),1
19,105.48,2004.12,Month-to-month,Mailed check,1
9,87.81,790.29,Month-to-month,Electronic check,0
25,60.77,1519.25,Two year,Credit card (automatic),0
22,56.81,1249.82,One year,Mailed check,0
22,92.12,2026.64,Month-to-month,Credit card (automatic),0
23,30.6,703.8,Month-to-month,Electronic check,1
4,33.5,134.0,Month-to-month,Mailed check,1
64,59.02,3777.28,Two year,Mailed check,0
24,56.91,1365.84,Month-to-month,Bank transfer (automatic),1
15,76.44,1146.6,Month-to-month,Bank transfer (automatic),0
11,76.01,836.11,Month-to-month,Electronic check,1
64,53.87,3447.68,Two year,Bank transfer (automatic),0
1,89.75,89.75,Month-to-month,Bank transfer (automatic),1
21,65.26,1370.46,Month-to-month,Credit card (automatic),0
23,31.14,716.22,One year,Bank transfer (automatic),0
14,80.23,1123.22,One year,Credit card (automatic),1
1,51.78,51.78,Month-to-month,Credit card (automatic),0
25,90.06,2251.5,Two year,Credit card (automatic),0
12,100.21,1202.52,One year,Mailed check,1
14,44.74,626.36,One year,Electronic check,1
15,44.88,673.2,Month-to-month,Electronic check,0
10,22.25,222.5,Month-to-month,Credit card (automatic),0
16,117.15,1874.4,Month-to-month,Electronic check,1
22,44.48,978.56,Month-to-month,Mailed check,1
46,62.0,2852.0,Two year,Electronic check,1
16,112.53,1800.48,Month-to-month,Mailed check,1
68,118.22,8038.96,Two year,Electronic check,0
15,57.71,865.65,One year,Electronic check,0
4,104.02,416.08,Month-to-month,Electronic check,1
23,106.55,2450.65,Month-to-month,Electronic check,1
18,46.26,832.68,Month-to-month,Electronic check,0
60,80.77,4846.2,Two year,Electronic check,1
24,91.55,2197.2,Month-to-month,Electronic check,1
72,50.91,3665.52,Two year,Bank transfer (automatic),0
9,49.42,444.78,Month-to-month,Bank transfer (automatic),0
24,75.46,1811.04,One year,Electronic check,1
4,75.2,300.8,Month-to-month,Electronic check,1
50,66.37,3318.5,Two year,Credit card (automatic),0
38,30.86,1172.68,Two year,Electronic check,0
8,106.18,849.44,Month-to-month,Credit card (automatic),0
23,96.56,2220.88,Month-to-month,Bank transfer (automatic),0
4,78.49,313.96,Month-to-month,Bank transfer (automatic),1
20,85.68,1713.6,One year,Credit card (automatic),0
22,72.73,1600.06,Month-to-month,Credit card (automatic),1
14,43.04,602.56,One year,Mailed check,1
10,61.56,615.6,Month-to-month,Mailed check,0
19,110.48,2099.12,One year,Credit card (automatic),0
12,46.41,556.92,Month-to-month,Bank transfer (automatic),0
23,46.63,1072.49,Month-to-month,Credit card (automatic),1
13,41.57,540.41,One year,Electronic check,0
11,87.74,965.14,Month-to-month,Mailed check,1
20,89.4,1788.0,One year,Electronic check,1
8,26.87,214.96,Month-to-month,Mailed check,0
20,57.35,1147.0,One year,Electronic check,0
44,95.58,4205.52,Two year,Mailed check,0
21,68.29,1434.09,One year,Credit card (automatic),0
11,98.29,1081.19,Month-to-month,Bank transfer (automatic),1
9,108.45,976.05,Month-to-month,Bank transfer (automatic),1
7,113.41,793.87,Month-to-month,Bank transfer (automatic),1
37,53.8,1990.6,Two year,Bank transfer (automatic),0
12,98.0,1176.0,Month-to-month,Credit card (automatic),0
18,66.49,1196.82,Month-to-month,Bank transfer (automatic),0
4,71.48,285.92,Month-to-month,Electronic check,1
66,79.22,5228.52,Two year,Electronic check,0
20,71.03,1420.6,Month-to-month,Electronic check,1
13,100.06,1300.78,One year,Electronic check,0
37,38.05,1407.85,Two year,Electronic check,0
10,106.79,1067.9,Month-to-month,Credit card (automatic),1
16,58.71,939.36,Month-to-month,Credit card (automatic),0
10,44.64,446.4,Month-to-month,Credit card (automatic),1
4,109.03,436.12,Month-to-month,Electronic check,1
41,113.0,4633.0,Two year,Mailed check,0
15,31.88,478.2,Month-to-month,Bank transfer (automatic),0
23,104.96,2414.08,One year,Mailed check,1
23,33.62,773.26,One year,Electronic check,0
71,81.91,5815.61,Two year,Mailed check,0
26,35.41,920.66,Two year,Mailed check,1
44,91.71,4035.24,Two year,Mailed check,0
20,43.08,861.6,One year,Bank transfer (automatic),1
10,74.0,740.0,Month-to-month,Electronic check,1
8,40.19,321.52,Month-to-month,Electronic check,1
8,47.43,379.44,Month-to-month,Bank transfer (automatic),1
0,102.78,0.0,Month-to-month,Bank transfer (automatic),0
18,89.09,1603.62,Month-to-month,Credit card (automatic),0
19,56.21,1067.99,One year,Electronic check,1
16,27.79,444.64,One year,Bank transfer (automatic),0
22,28.23,621.06,One year,Electronic check,0
24,86.64,2079.36,One year,Electronic check,1
21,66.54,1397.34,One year,Electronic check,1
10,77.4,774.0,Month-to-month,Mailed check,1
23,80.5,1851.5,Month-to-month,Electronic check,1
16,40.71,651.36,One year,Bank transfer (automatic),0
3,52.3,156.9,Month-to-month,Bank transfer (automatic),1
23,18.27,420.21,One year,Credit card (automatic),0
12,67.66,811.92,One year,Credit card (automatic),0
13,53.27,692.51,One year,Electronic check,1
1,85.73,85.73,Month-to-month,Electronic check,1
53,64.4,3413.2,Two year,Bank transfer (automatic),0
7,85.65,599.55,Month-to-month,Credit card (automatic),0
19,31.62,600.78,One year,Bank transfer (automatic),0
10,58.93,589.3,Month-to-month,Credit card (automatic),1
23,82.66,1901.18,Month-to-month,Bank transfer (automatic),1
20,56.16,1123.2,Month-to-month,Electronic check,1
14,72.71,1017.94,One year,Electronic check,0
24,86.76,2082.24,Month-to-month,Electronic check,1
71,78.98,5607.58,Two year,Electronic check,0
20,59.7,1194.0,Month-to-month,Mailed check,1
24,110.73,2657.52,One year,Credit card (automatic),0
5,42.31,211.55,Month-to-month,Electronic check,1
16,63.29,1012.64,One year,Credit card (automatic),0
18,119.7,2154.6,Month-to-month,Electronic check,1
19,86.28,1639.32,One year,Electronic check,1
39,117.37,4577.43,Two year,Credit card (automatic),1
10,119.46,1194.6,Month-to-month,Electronic check,1
11,90.82,999.02,Month-to-month,Credit card (automatic),1
19,102.11,1940.09,Month-to-month,Electronic check,1
21,21.19,444.99,Month-to-month,Electronic check,0
12,113.89,1366.68,One year,Mailed check,1
26,67.87,1764.62,Two year,Electronic check,0
17,50.01,850.17,One year,Credit card (automatic),1
71,99.41,7058.11,Two year,Electronic check,0
24,98.73,2369.52,One year,Bank transfer (automatic),0
11,119.82,1318.02,Month-to-month,Bank transfer (automatic),0
21,99.15,2082.15,Month-to-month,Electronic check,1
12,64.35,772.2,One year,Electronic check,1
2,116.64,233.28,Month-to-month,Electronic check,1
6,80.43,482.58,Month-to-month,Electronic check,1
9,34.83,313.47,Month-to-month,Bank transfer (automatic),0
49,104.81,5135.69,Two year,Electronic check,0
23,75.91,1745.93,Month-to-month,Bank transfer (automatic),1
68,45.34,3083.12,Two year,Electronic check,0
21,19.12,401.52,Month-to-month,Bank transfer (automatic),1
11,96.97,1066.67,Month-to-month,Bank transfer (automatic),1
12,102.08,1224.96,Month-to-month,Credit card (automatic),1
66,60.34,3982.44,Two year,Electronic check,0
8,90.17,721.36,Month-to-month,Bank transfer (automatic),0
24,71.36,1712.64,Month-to-month,Mailed check,1
14,86.57,1211.98,One year,Electronic check,0
40,81.92,3276.8,Two year,Electronic check,1
29,112.17,3252.93,Two year,Credit card (automatic),0
24,117.8,2827.2,One year,Mailed check,0
49,117.63,5763.87,Two year,Credit card (automatic),0
20,45.83,916.6,Month-to-month,Electronic check,0
22,101.54,2233.88,One year,Electronic check,1
30,99.32,2979.6,Two year,Electronic check,0
23,52.95,1217.85,One year,Bank transfer (automatic),0
25,88.09,2202.25,Two year,Electronic check,1
20,73.07,1461.4,Month-to-month,Credit card (automatic),0
23,61.74,1420.02,Month-to-month,Credit card (automatic),1
8,105.92,847.36,Month-to-month,Bank transfer (automatic),0
5,20.85,104.25,Month-to-month,Bank transfer (automatic),1
15,51.01,765.15,One year,Electronic check,0
52,35.24,1832.48,Two year,Electronic check,0
16,67.13,1074.08,Month-to-month,Electronic check,1
54,22.71,1226.34,Two year,Mailed check,0
54,62.42,3370.68,Two year,Bank transfer (automatic),0
4,93.53,374.12,Month-to-month,Mailed check,1
22,103.51,2277.22,Month-to-month,Bank transfer (automatic),1
4,22.26,89.04,Month-to-month,Electronic check,1
27,84.99,2294.73,Two year,Mailed check,1
1,41.07,41.07,Month-to-month,Bank transfer (automatic),0
20,51.51,1030.2,Month-to-month,Credit card (automatic),1
13,78.06,1014.78,One year,Mailed check,1
21,94.78,1990.38,Month-to-month,Bank transfer (automatic),1
8,99.2,793.6,Month-to-month,Credit card (automatic),1
72,67.63,4869.36,Two year,Bank transfer (automatic),0
21,119.8,2515.8,Month-to-month,Electronic check,1
13,74.34,966.42,One year,Bank transfer (automatic),0
6,58.5,351.0,Month-to-month,Bank transfer (automatic),1
12,65.16,781.92,One year,Mailed check,1
28,79.03,2212.84,Two year,Credit card (automatic),0
10,115.17,1151.7,Month-to-month,Electronic check,1
13,76.28,991.64,Month-to-month,Electronic check,0
14,55.42,775.88,Month-to-month,Bank transfer (automatic),1
19,41.65,791.35,Month-to-month,Credit card (automatic),0
16,102.41,1638.56,Month-to-month,Electronic check,1
24,59.64,1431.36,Two year,Bank transfer (automatic),0
29,66.96,1941.84,Two year,Electronic check,0
24,88.41,2121.84,Month-to-month,Bank transfer (automatic),1
2,49.03,98.06,Month-to-month,Electronic check,0
20,42.94,858.8,One year,Electronic check,1
20,77.46,1549.2,Month-to-month,Mailed check,1
17,100.42,1707.14,One year,Credit card (automatic),0
15,26.31,394.65,Month-to-month,Mailed check,1
13,69.03,897.39,Month-to-month,Electronic check,0
32,43.87,1403.84,Two year,Electronic check,0
12,43.84,526.08,Month-to-month,Electronic check,0
21,50.72,1065.12,One year,Bank transfer (automatic),0
24,74.85,1796.4,Month-to-month,Electronic check,1
21,62.43,1311.03,Month-to-month,Mailed check,1
10,114.06,1140.6,Month-to-month,Electronic check,1
23,64.41,1481.43,One year,Bank transfer (automatic),0
64,95.78,6129.92,Two year,Credit card (automatic),0
8,77.17,617.36,Month-to-month,Electronic check,1
45,111.07,4998.15,Two year,Bank transfer (automatic),0
45,29.86,1343.7,Two year,Electronic check,1
1,77.84,77.84,Month-to-month,Credit card (automatic),0
37,104.06,3850.22,Two year,Bank transfer (automatic),0
45,104.2,4689.0,Two year,Mailed check,1
18,108.88,1959.84,Month-to-month,Bank transfer (automatic),1
24,66.69,1600.56,One year,Credit card (automatic),0
18,66.21,1191.78,Month-to-month,Electronic check,1
23,53.81,1237.63,Month-to-month,Electronic check,1
14,33.47,468.58,Month-to-month,Bank transfer (automatic),1
17,45.37,771.29,One year,Electronic check,0
0,80.1,0.0,Month-to-month,Electronic check,1
17,93.65,1592.05,One year,Mailed check,1
23,78.94,1815.62,Month-to-month,Bank transfer (automatic),0
50,24.9,1245.0,Two year,Bank transfer (automatic),0
54,21.44,1157.76,Two year,Credit card (automatic),0
14,62.78,878.92,Month-to-month,Mailed check,1
18,75.63,1361.34,Month-to-month,Bank transfer (automatic),0
14,78.1,1093.4,Month-to-month,Electronic check,0
28,86.35,2417.8,Two year,Credit card (automatic),1
46,30.57,1406.22,Two year,Bank transfer (automatic),0
1,59.5,59.5,Month-to-month,Electronic check,0
15,34.72,520.8,One year,Electronic check,1
33,40.0,1320.0,Two year,Electronic check,0
0,98.32,0.0,Month-to-month,Electronic check,1
48,75.73,3635.04,Two year,Credit card (automatic),0
12,58.68,704.16,One year,Bank transfer (automatic),0
17,107.76,1831.92,Month-to-month,Electronic check,1
4,69.6,278.4,Month-to-month,Electronic check,1
24,57.02,1368.48,One year,Electronic check,0
17,52.31,889.27,Month-to-month,Credit card (automatic),0
13,29.88,388.44,One year,Electronic check,0
24,19.0,456.0,One year,Credit card (automatic),1
4,72.0,288.0,Month-to-month,Electronic check,1
24,119.32,2863.68,Month-to-month,Mailed check,0
15,74.83,1122.45,Month-to-month,Credit card (automatic),0
14,73.52,1029.28,Month-to-month,Mailed check,1
18,115.0,2070.0,Month-to-month,Electronic check,1
15,21.49,322.35,Month-to-month,Electronic check,0
17,75.14,1277.38,One year,Bank transfer (automatic),0
60,85.51,5130.6,Two year,Credit card (automatic),0
15,34.27,514.05,Month-to-month,Mailed check,0
22,25.78,567.16,Month-to-month,Credit card (automatic),0
50,35.72,1786.0,Two year,Bank transfer (automatic),0
12,49.59,595.08,Month-to-month,Bank transfer (automatic),1
5,73.27,366.35,Month-to-month,Electronic check,1
2,89.56,179.12,Month-to-month,Electronic check,1
2,33.31,66.62,Month-to-month,Electronic check,1
22,94.72,2083.84,One year,Bank transfer (automatic),1
47,114.61,5386.67,Two year,Mailed check,1
4,85.17,340.68,Month-to-month,Mailed check,1
12,60.34,724.08,Month-to-month,Credit card (automatic),0
24,27.96,671.04,Month-to-month,Bank transfer (automatic),1
16,46.13,738.08,One year,Bank transfer (automatic),0
1,67.09,67.09,Month-to-month,Bank transfer (automatic),0
6,38.57,231.42,Month-to-month,Bank transfer (automatic),1
4,110.01,440.04,Month-to-month,Credit card (automatic),1
20,19.07,381.4,Month-to-month,Mailed check,1
14,117.74,1648.36,Month-to-month,Electronic check,1
8,93.64,749.12,Month-to-month,Mailed check,1
20,64.95,1299.0,Month-to-month,Electronic check,1
13,68.63,892.19,Month-to-month,Electronic check,0
25,80.98,2024.5,Two year,Bank transfer (automatic),0
20,33.78,675.6,One year,Electronic check,0
22,33.24,731.28,Month-to-month,Electronic check,1
60,84.04,5042.4,Two year,Credit card (automatic),0
5,78.53,392.65,Month-to-month,Electronic check,1
11,111.28,1224.08,Month-to-month,Credit card (automatic),0
19,83.88,1593.72,Month-to-month,Credit card (automatic),1
24,65.6,1574.4,One year,Credit card (automatic),0
3,119.48,358.44,Month-to-month,Bank transfer (automatic),0
53,102.33,5423.49,Two year,Electronic check,0
19,26.13,496.47,Month-to-month,Electronic check,0
9,84.62,761.58,Month-to-month,Electronic check,0
70,63.85,4469.5,Two year,Credit card (automatic),0
19,66.96,1272.24,One year,Bank transfer (automatic),0
9,38.15,343.35,Month-to-month,Electronic check,0
53,70.93,3759.29,Two year,Bank transfer (automatic),0
54,29.25,1579.5,Two year,Mailed check,0
15,109.22,1638.3,One year,Credit card (automatic),0
21,111.41,2339.61,One year,Credit card (automatic),1
58,84.02,4873.16,Two year,Electronic check,0
13,116.02,1508.26,Month-to-month,Mailed check,1
12,79.34,952.08,One year,Bank transfer (automatic),0
13,31.0,403.0,Month-to-month,Electronic check,0
22,103.0,2266.0,Month-to-month,Bank transfer (automatic),1
1,40.52,40.52,Month-to-month,Electronic check,1
2,91.22,182.44,Month-to-month,Bank transfer (automatic),1
30,87.23,2616.9,Two year,Credit card (automatic),0
3,94.72,284.16,Month-to-month,Credit card (automatic),1
2,44.38,88.76,Month-to-month,Electronic check,0
0,107.64,0.0,Month-to-month,Bank transfer (automatic),1
19,99.31,1886.89,Month-to-month,Electronic check,1
23,45.84,1054.32,Month-to-month,Mailed check,0
20,42.72,854.4,Month-to-month,Bank transfer (automatic),0
21,60.56,1271.76,One year,Bank transfer (automatic),0
24,113.29,2718.96,One year,Credit card (automatic),0
5,34.95,174.75,Month-to-month,Bank transfer (automatic),0
23,97.5,2242.5,Month-to-month,Electronic check,1
4,79.72,318.88,Month-to-month,Bank transfer (automatic),1
1,62.1,62.1,Month-to-month,Credit card (automatic),0
20,49.8,996.0,Month-to-month,Credit card (automatic),1
23,89.98,2069.54,Month-to-month,Electronic check,1
16,35.96,575.36,One year,Electronic check,1
4,91.86,367.44,Month-to-month,Mailed check,1
17,100.77,1713.09,One year,Mailed check,1
16,115.51,1848.16,One year,Bank transfer (automatic),0
10,105.07,1050.7,Month-to-month,Electronic check,1
24,119.12,2858.88,One year,Credit card (automatic),1
7,52.11,364.77,Month-to-month,Bank transfer (automatic),1
30,108.98,3269.4,Two year,Credit card (automatic),0
45,43.35,1950.75,Two year,Electronic check,0
15,61.16,917.4,One year,Electronic check,1
15,113.21,1698.15,Month-to-month,Electronic check,1
23,101.53,2335.19,One year,Mailed check,1
10,111.42,1114.2,Month-to-month,Electronic check,1
10,27.78,277.8,Month-to-month,Credit card (automatic),1
17,51.08,868.36,One year,Mailed check,0
8,82.67,661.36,Month-to-month,Bank transfer (automatic),0
20,101.42,2028.4,Month-to-month,Electronic check,1
28,26.03,728.84,Two year,Mailed check,0
2,31.42,62.84,Month-to-month,Mailed check,1
55,96.61,5313.55,Two year,Electronic check,1
23,117.32,2698.36,Month-to-month,Electronic check,1
7,92.38,646.66,Month-to-month,Bank transfer (automatic),1
28,80.88,2264.64,Two year,Credit card (automatic),0
24,50.03,1200.72,Month-to-month,Bank transfer (automatic),0
13,99.35,1291.55,Month-to-month,Credit card (automatic),1
8,59.78,478.24,Month-to-month,Bank transfer (automatic),1
18,31.68,570.24,One year,Electronic check,0
22,55.2,1214.4,One year,Credit card (automatic),0
0,107.15,0.0,Month-to-month,Electronic check,1
1,47.49,47.49,Month-to-month,Electronic check,1
20,100.48,2009.6,One year,Bank transfer (automatic),0
2,49.22,98.44,Month-to-month,Mailed check,1
20,22.29,445.8,One year,Mailed check,0
9,96.06,864.54,Month-to-month,Electronic check,1
6,79.19,475.14,Month-to-month,Electronic check,1
3,72.87,218.61,Month-to-month,Mailed check,1
12,84.96,1019.52,Month-to-month,Credit card (automatic),1
13,116.62,1516.06,Month-to-month,Mailed check,1
16,101.36,1621.76,Month-to-month,Mailed check,1
11,82.03,902.33,Month-to-month,Bank transfer (automatic),0
24,74.79,1794.96,Month-to-month,Credit card (automatic),0
1,19.23,19.23,Month-to-month,Electronic check,0
12,91.85,1102.2,One year,Electronic check,0
9,63.64,572.76,Month-to-month,Bank transfer (automatic),0
9,19.81,178.29,Month-to-month,Mailed check,1
12,115.86,1390.32,One year,Bank transfer (automatic),1
20,95.54,1910.8,One year,Bank transfer (automatic),0
65,44.04,2862.6,Two year,Mailed check,0
19,108.95,2070.05,One year,Electronic check,1
13,56.65,736.45,Month-to-month,Bank transfer (automatic),1
17,52.44,891.48,Month-to-month,Mailed check,1
11,61.97,681.67,Month-to-month,Mailed check,1
18,39.14,704.52,One year,Mailed check,1
27,111.44,3008.88,Two year,Electronic check,0
0,91.42,0.0,Month-to-month,Credit card (automatic),1
13,51.79,673.27,Month-to-month,Credit card (automatic),0
15,67.18,1007.7,Month-to-month,Mailed check,1
19,88.13,1674.47,One year,Electronic check,1
18,28.99,521.82,One year,Electronic check,1
3,32.64,97.92,Month-to-month,Electronic check,1
9,52.38,471.42,Month-to-month,Mailed check,1
18,119.24,2146.32,Month-to-month,Electronic check,1
21,77.79,1633.59,One year,Electronic check,0
12,82.37,988.44,Month-to-month,Credit card (automatic),1
12,27.93,335.16,Month-to-month,Electronic check,1
9,43.37,390.33,Month-to-month,Credit card (automatic),1
21,26.11,548.31,One year,Electronic check,1
7,118.56,829.92,Month-to-month,Electronic check,1
52,119.14,6195.28,Two year,Electronic check,0
16,60.16,962.56,One year,Electronic check,1
6,54.64,327.84,Month-to-month,Mailed check,1
45,33.83,1522.35,Two year,Electronic check,0
14,30.99,433.86,One year,Electronic check,1
1,55.97,55.97,Month-to-month,Credit card (automatic),0
3,36.81,110.43,Month-to-month,Credit card (automatic),1
1,102.26,102.26,Month-to-month,Bank transfer (automatic),1
24,105.93,2542.32,Month-to-month,Bank transfer (automatic),0
12,62.0,744.0,Month-to-month,Electronic check,1
37,77.07,2851.59,Two year,Credit card (automatic),0
19,82.76,1572.44,One year,Bank transfer (automatic),1
18,26.46,476.28,One year,Credit card (automatic),1
17,100.65,1711.05,Month-to-month,Electronic check,1
0,32.76,0.0,Month-to-month,Electronic check,1
8,72.74,581.92,Month-to-month,Bank transfer (automatic),0
14,41.94,587.16,Month-to-month,Electronic check,1
2,103.44,206.88,Month-to-month,Electronic check,1
33,56.79,1874.07,Two year,Electronic check,0
16,98.37,1573.92,One year,Electronic check,0
0,57.09,0.0,Month-to-month,Bank transfer (automatic),1
2,107.08,214.16,Month-to-month,Credit card (automatic),1
21,100.03,2100.63,One year,Credit card (automatic),0
18,115.55,2079.9,One year,Credit card (automatic),0
15,59.74,896.1,Month-to-month,Electronic check,1
12,40.49,485.88,One year,Electronic check,1
16,28.57,457.12,Month-to-month,Bank transfer (automatic),0
30,49.83,1494.9,Two year,Bank transfer (automatic),0
22,41.61,915.42,Month-to-month,Electronic check,1
21,18.23,382.83,Month-to-month,Credit card (automatic),1
0,76.4,0.0,Month-to-month,Mailed check,1
12,64.23,770.76,Month-to-month,Credit card (automatic),1
37,25.06,927.22,Two year,Mailed check,0
24,110.86,2660.64,Month-to-month,Credit card (automatic),1
4,64.69,258.76,Month-to-month,Credit card (automatic),0
1,64.41,64.41,Month-to-month,Electronic check,1
14,45.08,631.12,Month-to-month,Credit card (automatic),0
20,63.88,1277.6,One year,Credit card (automatic),0
22,41.33,909.26,Month-to-month,Bank transfer (automatic),0
35,101.21,3542.35,Two year,Electronic check,0
12,19.73,236.76,Month-to-month,Electronic check,1
15,113.91,1708.65,One year,Mailed check,0
18,42.63,767.34,One year,Electronic check,0
17,79.46,1350.82,Month-to-month,Electronic check,1
5,50.86,254.3,Month-to-month,Credit card (automatic),1
1,46.65,46.65,Month-to-month,Electronic check,1
9,107.44,966.96,Month-to-month,Mailed check,1
20,78.28,1565.6,One year,Bank transfer (automatic),0
20,43.14,862.8,Month-to-month,Mailed check,0
14,99.39,1391.46,Month-to-month,Electronic check,1
24,105.89,2541.36,Month-to-month,Mailed check,1
19,38.12,724.28,Month-to-month,Credit card (automatic),1
57,28.53,1626.21,Two year,Electronic check,0
22,95.41,2099.02,Month-to-month,Electronic check,1
25,35.36,884.0,Two year,Electronic check,1
11,52.09,572.99,Month-to-month,Electronic check,1
7,85.89,601.23,Month-to-month,Electronic check,1
23,112.41,2585.43,One year,Bank transfer (automatic),1
3,66.96,200.88,Month-to-month,Bank transfer (automatic),0
47,42.87,2014.89,Two year,Bank transfer (automatic),0
63,88.86,5598.18,Two year,Electronic check,0
11,39.87,438.57,Month-to-month,Bank transfer (automatic),1
15,84.05,1260.75,Month-to-month,Bank transfer (automatic),1
18,106.64,1919.52,Month-to-month,Mailed check,1
20,68.52,1370.4,One year,Electronic check,0
71,100.8,7156.8,Two year,Electronic check,0
45,116.91,5260.95,Two year,Mailed check,1
22,100.83,2218.26,One year,Credit card (automatic),0
13,119.09,1548.17,One year,Electronic check,0
3,109.24,327.72,Month-to-month,Electronic check,1
12,61.9,742.8,One year,Mailed check,1
15,102.13,1531.95,One year,Electronic check,1
3,57.64,172.92,Month-to-month,Credit card (automatic),1
17,80.46,1367.82,Month-to-month,Credit card (automatic),0
9,58.87,529.83,Month-to-month,Electronic check,0
0,28.37,0.0,Month-to-month,Bank transfer (automatic),1
47,67.57,3175.79,Two year,Bank transfer (automatic),0
8,85.46,683.68,Month-to-month,Bank transfer (automatic),1
58,118.53,6874.74,Two year,Electronic check,0
17,50.86,864.62,One year,Credit card (automatic),0
25,81.36,2034.0,Two year,Electronic check,1
66,26.18,1727.88,Two year,Electronic check,0
71,23.65,1679.15,Two year,Bank transfer (automatic),0
18,64.89,1168.02,Month-to-month,Mailed check,1
23,81.6,1876.8,One year,Credit card (automatic),0
7,18.12,126.84,Month-to-month,Electronic check,1
24,37.71,905.04,One year,Electronic check,0
21,81.7,1715.7,One year,Mailed check,0
23,101.63,2337.49,One year,Credit card (automatic),0
6,25.5,153.0,Month-to-month,Electronic check,1
21,108.67,2282.07,Month-to-month,Electronic check,0
50,105.32,5266.0,Two year,Electronic check,0
28,79.8,2234.4,Two year,Bank transfer (automatic),0
17,31.89,542.13,Month-to-month,Credit card (automatic),1
16,92.18,1474.88,Month-to-month,Bank transfer (automatic),1
2,83.08,166.16,Month-to-month,Mailed check,1
14,37.34,522.76,One year,Credit card (automatic),0
19,42.35,804.65,Month-to-month,Bank transfer (automatic),1
18,24.74,445.32,Month-to-month,Bank transfer (automatic),0
7,33.03,231.21,Month-to-month,Electronic check,1
23,41.27,949.21,One year,Bank transfer (automatic),1
17,33.22,564.74,Month-to-month,Credit card (automatic),0
30,35.83,1074.9,Two year,Credit card (automatic),0
19,104.26,1980.94,Month-to-month,Bank transfer (automatic),1
35,49.93,1747.55,Two year,Electronic check,0
9,87.75,789.75,Month-to-month,Electronic check,1
71,82.24,5839.04,Two year,Credit card (automatic),0
13,106.96,1390.48,One year,Mailed check,0
7,40.52,283.64,Month-to-month,Credit card (automatic),1
0,50.69,0.0,Month-to-month,Bank transfer (automatic),1
22,53.47,1176.34,Month-to-month,Electronic check,1
22,110.8,2437.6,One year,Electronic check,0
15,112.77,1691.55,Month-to-month,Mailed check,1
68,33.5,2278.0,Two year,Bank transfer (automatic),0
7,65.73,460.11,Month-to-month,Mailed check,1
12,58.32,699.84,Month-to-month,Bank transfer (automatic),1
9,25.39,228.51,Month-to-month,Electronic check,0
21,81.16,1704.36,Month-to-month,Electronic check,1
23,64.45,1482.35,Month-to-month,Bank transfer (automatic),0
17,117.63,1999.71,One year,Bank transfer (automatic),0
18,116.09,2089.62,Month-to-month,Electronic check,1
21,26.7,560.7,Month-to-month,Mailed check,1
19,19.21,364.99,One year,Credit card (automatic),0
12,115.7,1388.4,Month-to-month,Credit card (automatic),1
11,114.7,1261.7,Month-to-month,Electronic check,1
25,99.24,2481.0,Two year,Electronic check,0
1,93.8,93.8,Month-to-month,Credit card (automatic),1
20,43.78,875.6,Month-to-month,Credit card (automatic),0
5,99.54,497.7,Month-to-month,Mailed check,1
16,38.68,618.88,Month-to-month,Bank transfer (automatic),1
11,95.77,1053.47,Month-to-month,Bank transfer (automatic),1
15,31.64,474.6,Month-to-month,Electronic check,1
9,32.05,288.45,Month-to-month,Electronic check,1
67,91.08,6102.36,Two year,Electronic check,0
15,82.18,1232.7,One year,Bank transfer (automatic),0
10,54.06,540.6,Month-to-month,Bank transfer (automatic),1
17,108.27,1840.59,One year,Electronic check,1
17,96.4,1638.8,Month-to-month,Electronic check,1
6,88.39,530.34,Month-to-month,Credit card (automatic),1
4,31.16,124.64,Month-to-month,Credit card (automatic),1
7,18.29,128.03,Month-to-month,Bank transfer (automatic),0
22,46.02,1012.44,One year,Bank transfer (automatic),0
3,118.02,354.06,Month-to-month,Electronic check,1
0,106.18,0.0,Month-to-month,Credit card (automatic),1
3,61.05,183.15,Month-to-month,Mailed check,0
17,66.07,1123.19,Month-to-month,Mailed check,0
0,43.93,0.0,Month-to-month,Electronic check,1
12,28.16,337.92,Month-to-month,Credit card (automatic),1
22,73.75,1622.5,One year,Electronic check,1
13,51.58,670.54,One year,Bank transfer (automatic),0
18,114.43,2059.74,Month-to-month,Electronic check,1
4,48.16,192.64,Month-to-month,Electronic check,1
20,80.2,1604.0,Month-to-month,Credit card (automatic),0
18,28.07,505.26,One year,Credit card (automatic),0
5,90.25,451.25,Month-to-month,Electronic check,1
14,85.39,1195.46,One year,Bank transfer (automatic),0
59,37.7,2224.3,Two year,Electronic check,0
11,111.97,1231.67,Month-to-month,Electronic check,1
43,68.69,2953.67,Two year,Credit card (automatic),0
67,38.24,2562.08,Two year,Bank transfer (automatic),0
17,97.18,1652.06,One year,Electronic check,0
5,65.23,326.15,Month-to-month,Bank transfer (automatic),0
12,40.55,486.6,One year,Electronic check,0
7,20.03,140.21,Month-to-month,Bank transfer (automatic),0
16,18.71,299.36,Month-to-month,Credit card (automatic),0
13,24.88,323.44,Month-to-month,Credit card (automatic),0
32,36.17,1157.44,Two year,Credit card (automatic),0
10,115.88,1158.8,Month-to-month,Credit card (automatic),0
14,22.61,316.54,One year,Mailed check,0
10,63.38,633.8,Month-to-month,Mailed check,1
67,37.21,2493.07,Two year,Electronic check,0
12,90.28,1083.36,One year,Mailed check,0
14,107.15,1500.1,Month-to-month,Credit card (automatic),1
48,18.06,866.88,Two year,Electronic check,0
57,76.18,4342.26,Two year,Mailed check,0
11,85.25,937.75,Month-to-month,Bank transfer (automatic),0
6,56.65,339.9,Month-to-month,Bank transfer (automatic),1
20,37.97,759.4,One year,Electronic check,0
22,69.77,1534.94,One year,Electronic check,0
7,18.72,131.04,Month-to-month,Bank transfer (automatic),0
3,93.53,280.59,Month-to-month,Mailed check,1
24,83.18,1996.32,One year,Bank transfer (automatic),0
53,28.72,1522.16,Two year,Bank transfer (automatic),0
1,111.06,111.06,Month-to-month,Mailed check,1
15,94.31,1414.65,Month-to-month,Mailed check,0
14,70.36,985.04,One year,Credit card (automatic),0
63,70.23,4424.49,Two year,Bank transfer (automatic),0
8,97.15,777.2,Month-to-month,Bank transfer (automatic),0
1,90.6,90.6,Month-to-month,Bank transfer (automatic),0
7,68.64,480.48,Month-to-month,Electronic check,1
24,114.15,2739.6,One year,Bank transfer (automatic),0
14,87.77,1228.78,Month-to-month,Electronic check,1
8,29.25,234.0,Month-to-month,Credit card (automatic),0
5,93.87,469.35,Month-to-month,Bank transfer (automatic),1
16,84.73,1355.68,One year,Credit card (automatic),1
18,29.13,524.34,Month-to-month,Mailed check,1
39,52.77,2058.03,Two year,Bank transfer (automatic),0
16,51.6,825.6,Month-to-month,Credit card (automatic),0
12,65.13,781.56,One year,Bank transfer (automatic),0
17,69.64,1183.88,One year,Credit card (automatic),0
21,68.68,1442.28,Month-to-month,Electronic check,1
48,66.65,3199.2,Two year,Bank transfer (automatic),0
67,21.97,1471.99,Two year,Credit card (automatic),0
19,84.52,1605.88,One year,Electronic check,1
18,27.58,496.44,One year,Mailed check,0
22,20.61,453.42,One year,Electronic check,0
12,77.55,930.6,Month-to-month,Mailed check,1
10,46.82,468.2,Month-to-month,Bank transfer (automatic),1
19,52.69,1001.11,Month-to-month,Bank transfer (automatic),0
23,37.1,853.3,Month-to-month,Bank transfer (automatic),1
67,99.72,6681.24,Two year,Electronic check,0
22,86.44,1901.68,Month-to-month,Electronic check,1
4,44.77,179.08,Month-to-month,Bank transfer (automatic),0
7,45.32,317.24,Month-to-month,Credit card (automatic),1
10,108.4,1084.0,Month-to-month,Credit card (automatic),1
17,88.88,1510.96,One year,Electronic check,0
1,22.18,22.18,Month-to-month,Credit card (automatic),1
9,45.08,405.72,Month-to-month,Electronic check,0
15,99.52,1492.8,Month-to-month,Electronic check,1
7,112.57,787.99,Month-to-month,Bank transfer (automatic),1
67,92.71,6211.57,Two year,Electronic check,0
52,92.96,4833.92,Two year,Electronic check,1
17,84.21,1431.57,Month-to-month,Credit card (automatic),0
16,46.89,750.24,One year,Mailed check,0
8,55.84,446.72,Month-to-month,Bank transfer (automatic),1
27,30.86,833.22,Two year,Bank transfer (automatic),0
19,68.84,1307.96,One year,Mailed check,0
24,40.07,961.68,One year,Bank transfer (automatic),0
6,76.81,460.86,Month-to-month,Credit card (automatic),1
1,20.98,20.98,Month-to-month,Credit card (automatic),1
21,56.46,1185.66,One year,Electronic check,0
51,108.76,5546.76,Two year,Electronic check,0
4,24.33,97.32,Month-to-month,Bank transfer (automatic),1
49,28.63,1402.87,Two year,Bank transfer (automatic),0
14,20.42,285.88,Month-to-month,Bank transfer (automatic),0
35,21.94,767.9,Two year,Bank transfer (automatic),0
63,21.38,1346.94,Two year,Electronic check,0
3,57.0,171.0,Month-to-month,Electronic check,1
15,95.0,1425.0,One year,Electronic check,0
13,93.54,1216.02,One year,Bank transfer (automatic),1
63,32.96,2076.48,Two year,Credit card (automatic),0
2,34.28,68.56,Month-to-month,Electronic check,0
17,30.84,524.28,Month-to-month,Electronic check,1
23,46.53,1070.19,Month-to-month,Mailed check,1
17,51.06,868.02,Month-to-month,Electronic check,1
5,108.85,544.25,Month-to-month,Mailed check,0
5,88.68,443.4,Month-to-month,Electronic check,1
13,118.05,1534.65,One year,Bank transfer (automatic),1
42,44.39,1864.38,Two year,Bank transfer (automatic),0
4,93.55,374.2,Month-to-month,Bank transfer (automatic),1
13,101.48,1319.24,Month-to-month,Credit card (automatic),0
16,62.88,1006.08,One year,Credit card (automatic),0
10,36.04,360.4,Month-to-month,Credit card (automatic),1
8,65.87,526.96,Month-to-month,Mailed check,1
0,100.67,0.0,Month-to-month,Electronic check,1
14,64.73,906.22,Month-to-month,Electronic check,0
63,70.42,4436.46,Two year,Electronic check,0
43,33.82,1454.26,Two year,Electronic check,0
33,109.15,3601.95,Two year,Electronic check,0
12,44.23,530.76,Month-to-month,Bank transfer (automatic),1
15,25.6,384.0,Month-to-month,Electronic check,1
23,91.16,2096.68,Month-to-month,Electronic check,1
22,103.61,2279.42,Month-to-month,Electronic check,1
18,103.49,1862.82,Month-to-month,Credit card (automatic),1
6,109.55,657.3,Month-to-month,Bank transfer (automatic),0
14,74.78,1046.92,One year,Credit card (automatic),0
41,26.49,1086.09,Two year,Bank transfer (automatic),0
2,117.66,235.32,Month-to-month,Bank transfer (automatic),1
14,18.28,255.92,Month-to-month,Electronic check,1
24,91.84,2204.16,Month-to-month,Bank transfer (automatic),1
34,22.02,748.68,Two year,Electronic check,0
15,102.36,1535.4,Month-to-month,Credit card (automatic),1
17,77.06,1310.02,Month-to-month,Mailed check,0
14,84.11,1177.54,One year,Mailed check,1
2,27.34,54.68,Month-to-month,Electronic check,0
22,65.84,1448.48,One year,Electronic check,0
0,92.1,0.0,Month-to-month,Bank transfer (automatic),1
9,75.67,681.03,Month-to-month,Electronic check,1
23,87.63,2015.49,One year,Bank transfer (automatic),1
5,81.25,406.25,Month-to-month,Credit card (automatic),0
19,66.28,1259.32,Month-to-month,Bank transfer (automatic),0
17,83.28,1415.76,One year,Bank transfer (automatic),0
23,118.75,2731.25,Month-to-month,Bank transfer (automatic),0
11,33.44,367.84,Month-to-month,Bank transfer (automatic),0
16,86.23,1379.68,One year,Bank transfer (automatic),1
3,53.62,160.86,Month-to-month,Mailed check,0
21,104.78,2200.38,Month-to-month,Electronic check,1
53,113.62,6021.86,Two year,Electronic check,0
24,61.22,1469.28,One year,Credit card (automatic),0
22,80.01,1760.22,One year,Bank transfer (automatic),0
12,96.25,1155.0,Month-to-month,Bank transfer (automatic),1
24,27.02,648.48,Month-to-month,Electronic check,0
11,71.14,782.54,Month-to-month,Bank transfer (automatic),0
8,45.83,366.64,Month-to-month,Mailed check,1
10,69.34,693.4,Month-to-month,Electronic check,1
19,44.06,837.14,One year,Bank transfer (automatic),0
18,39.33,707.94,One year,Bank transfer (automatic),0
19,93.14,1769.66,One year,Electronic check,1
27,110.93,2995.11,Two year,Electronic check,0
58,43.53,2524.74,Two year,Credit card (automatic),0
66,119.54,7889.64,Two year,Bank transfer (automatic),0
7,54.41,380.87,Month-to-month,Electronic check,1
1,101.51,101.51,Month-to-month,Bank transfer (automatic),1
23,113.57,2612.11,One year,Bank transfer (automatic),0
33,33.08,1091.64,Two year,Electronic check,0
15,85.6,1284.0,Month-to-month,Electronic check,1
17,102.28,1738.76,Month-to-month,Electronic check,1
15,111.98,1679.7,Month-to-month,Credit card (automatic),1
2,105.09,210.18,Month-to-month,Bank transfer (automatic),0
19,92.34,1754.46,Month-to-month,Bank transfer (automatic),1
5,77.56,387.8,Month-to-month,Electronic check,0
59,111.72,6591.48,Two year,Mailed check,0
29,44.75,1297.75,Two year,Credit card (automatic),0
1,100.48,100.48,Month-to-month,Electronic check,1
5,61.23,306.15,Month-to-month,Credit card (automatic),0
56,70.88,3969.28,Two year,Bank transfer (automatic),0
19,113.95,2165.05,One year,Mailed check,1
14,95.37,1335.18,Month-to-month,Mailed check,0
19,112.47,2136.93,Month-to-month,Electronic check,1
37,60.43,2235.91,Two year,Credit card (automatic),0
19,62.37,1185.03,Month-to-month,Electronic check,1
22,77.31,1700.82,Month-to-month,Credit card (automatic),1
25,29.31,732.75,Two year,Mailed check,0
42,66.81,2806.02,Two year,Mailed check,0
18,30.12,542.16,One year,Bank transfer (automatic),0
49,31.88,1562.12,Two year,Mailed check,0
27,116.54,3146.58,Two year,Credit card (automatic),0
19,43.74,831.06,Month-to-month,Mailed check,1
12,21.58,258.96,Month-to-month,Electronic check,1
7,43.3,303.1,Month-to-month,Credit card (automatic),1
20,90.98,1819.6,Month-to-month,Bank transfer (automatic),0
20,34.52,690.4,Month-to-month,Mailed check,1
36,105.88,3811.68,Two year,Mailed check,0
6,73.45,440.7,Month-to-month,Bank transfer (automatic),1
15,73.04,1095.6,Month-to-month,Electronic check,1
44,89.09,3919.96,Two year,Mailed check,0
20,58.94,1178.8,One year,Mailed check,1
9,26.15,235.35,Month-to-month,Bank transfer (automatic),0
21,71.27,1496.67,Month-to-month,Credit card (automatic),1
21,71.38,1498.98,Month-to-month,Electronic check,1
10,103.09,1030.9,Month-to-month,Electronic check,1
19,71.65,1361.35,Month-to-month,Credit card (automatic),1
22,103.75,2282.5,Month-to-month,Credit card (automatic),0
4,22.53,90.12,Month-to-month,Electronic check,1
19,73.12,1389.28,Month-to-month,Bank transfer (automatic),0
24,106.22,2549.28,Month-to-month,Credit card (automatic),1
13,114.35,1486.55,Month-to-month,Electronic check,1
52,112.81,5866.12,Two year,Electronic check,0
17,89.65,1524.05,Month-to-month,Electronic check,1
14,93.36,1307.04,Month-to-month,Electronic check,0
20,119.38,2387.6,One year,Electronic check,1
19,116.93,2221.67,One year,Credit card (automatic),0
17,41.21,700.57,Month-to-month,Electronic check,1
24,95.19,2284.56,One year,Electronic check,0
17,108.85,1850.45,One year,Mailed check,1
52,68.97,3586.44,Two year,Electronic check,0
6,52.65,315.9,Month-to-month,Electronic check,1
14,97.15,1360.1,One year,Electronic check,1
14,74.18,1038.52,One year,Credit card (automatic),0
25,49.84,1246.0,Two year,Credit card (automatic),0
4,51.77,207.08,Month-to-month,Bank transfer (automatic),1
70,98.55,6898.5,Two year,Mailed check,0
53,84.22,4463.66,Two year,Credit card (automatic),0
17,72.82,1237.94,Month-to-month,Mailed check,0
20,98.0,1960.0,Month-to-month,Bank transfer (automatic),1
57,57.88,3299.16,Two year,Mailed check,0
24,48.3,1159.2,Two year,Mailed check,0
8,94.11,752.88,Month-to-month,Credit card (automatic),1
23,36.19,832.37,One year,Electronic check,0
58,79.43,4606.94,Two year,Electronic check,0
0,19.08,0.0,Month-to-month,Bank transfer (automatic),0
63,44.7,2816.1,Two year,Electronic check,0
41,115.81,4748.21,Two year,Bank transfer (automatic),0
20,74.63,1492.6,Month-to-month,Mailed check,1
22,22.81,501.82,Month-to-month,Electronic check,0
22,29.97,659.34,Month-to-month,Mailed check,0
24,56.34,1352.16,Month-to-month,Electronic check,1
19,23.44,445.36,Month-to-month,Mailed check,0
1,73.17,73.17,Month-to-month,Credit card (automatic),1
6,64.62,387.72,Month-to-month,Credit card (automatic),0
0,31.19,0.0,Month-to-month,Mailed check,1
14,25.23,353.22,Month-to-month,Mailed check,1
21,81.34,1708.14,Month-to-month,Bank transfer (automatic),1
42,54.05,2270.1,Two year,Bank transfer (automatic),0
17,117.58,1998.86,One year,Bank transfer (automatic),1
7,88.21,617.47,Month-to-month,Credit card (automatic),1
19,29.7,564.3,One year,Bank transfer (automatic),0
42,109.55,4601.1,Two year,Credit card (automatic),0
23,49.92,1148.16,One year,Credit card (automatic),0
24,113.17,2716.08,One year,Mailed check,0
65,117.6,7644.0,Two year,Bank transfer (automatic),0
17,27.82,472.94,One year,Mailed check,1
16,102.89,1646.24,One year,Electronic check,1
4,24.12,96.48,Month-to-month,Electronic check,1
19,82.33,1564.27,One year,Bank transfer (automatic),0
25,70.31,1757.75,Two year,Mailed check,0
6,101.9,611.4,Month-to-month,Credit card (automatic),1
29,98.15,2846.35,Two year,Electronic check,0
0,93.15,0.0,Month-to-month,Credit card (automatic),1
7,47.54,332.78,Month-to-month,Bank transfer (automatic),0
13,35.95,467.35,One year,Bank transfer (automatic),0
47,91.28,4290.16,Two year,Credit card (automatic),0
18,75.95,1367.1,Month-to-month,Bank transfer (automatic),0
19,111.14,2111.66,Month-to-month,Credit card (automatic),1
33,51.14,1687.62,Two year,Bank transfer (automatic),0
2,115.39,230.78,Month-to-month,Credit card (automatic),0
23,117.69,2706.87,Month-to-month,Electronic check,1
2,38.62,77.24,Month-to-month,Mailed check,1
14,109.03,1526.42,One year,Mailed check,1
7,47.62,333.34,Month-to-month,Electronic check,1
24,34.87,836.88,One year,Electronic check,1
13,119.38,1551.94,One year,Electronic check,1
17,21.51,365.67,Month-to-month,Credit card (automatic),0
58,83.76,4858.08,Two year,Electronic check,0
16,100.58,1609.28,One year,Bank transfer (automatic),1
21,76.72,1611.12,Month-to-month,Bank transfer (automatic),0
6,37.6,225.6,Month-to-month,Electronic check,1
15,27.6,414.0,One year,Credit card (automatic),0
20,58.67,1173.4,Month-to-month,Mailed check,1
22,119.03,2618.66,Month-to-month,Credit card (automatic),0
6,88.46,530.76,Month-to-month,Credit card (automatic),0
16,98.9,1582.4,Month-to-month,Electronic check,1
0,29.43,0.0,Month-to-month,Credit card (automatic),0
15,45.79,686.85,One year,Electronic check,0
19,25.81,490.39,One year,Mailed check,0
1,102.29,102.29,Month-to-month,Mailed check,1
11,90.16,991.76,Month-to-month,Bank transfer (automatic),1
12,95.1,1141.2,Month-to-month,Electronic check,1
21,68.74,1443.54,Month-to-month,Credit card (automatic),0
22,93.92,2066.24,One year,Electronic check,0
24,62.83,1507.92,Month-to-month,Credit card (automatic),0
18,80.43,1447.74,Month-to-month,Electronic check,0
14,20.32,284.48,Month-to-month,Mailed check,1
21,105.99,2225.79,One year,Mailed check,0
22,31.97,703.34,Month-to-month,Bank transfer (automatic),0
0,68.3,0.0,Month-to-month,Mailed check,0
0,77.16,0.0,Month-to-month,Credit card (automatic),0
17,60.93,1035.81,Month-to-month,Bank transfer (automatic),1
0,99.51,0.0,Month-to-month,Electronic check,1
42,47.1,1978.2,Two year,Bank transfer (automatic),0
21,107.28,2252.88,One year,Bank transfer (automatic),1
0,103.75,0.0,Month-to-month,Bank transfer (automatic),1
10,111.16,1111.6,Month-to-month,Credit card (automatic),0
10,93.75,937.5,Month-to-month,Mailed check,1
63,96.47,6077.61,Two year,Electronic check,0
37,111.77,4135.49,Two year,Credit card (automatic),0
13,68.55,891.15,Month-to-month,Bank transfer (automatic),1
6,58.43,350.58,Month-to-month,Bank transfer (automatic),1
15,72.25,1083.75,One year,Electronic check,1
19,55.14,1047.66,One year,Mailed check,1
16,61.93,990.88,Month-to-month,Credit card (automatic),1
15,68.09,1021.35,One year,Electronic check,1
14,51.96,727.44,Month-to-month,Electronic check,0
12,30.43,365.16,One year,Mailed check,1
3,94.43,283.29,Month-to-month,Mailed check,1
35,73.49,2572.15,Two year,Mailed check,0
13,25.41,330.33,One year,Bank transfer (automatic),0
0,105.69,0.0,Month-to-month,Electronic check,1
5,58.77,293.85,Month-to-month,Mailed check,0
23,82.32,1893.36,One year,Electronic check,1
23,58.62,1348.26,Month-to-month,Electronic check,0
24,117.04,2808.96,Month-to-month,Bank transfer (automatic),0
8,100.31,802.48,Month-to-month,Electronic check,1
64,87.97,5630.08,Two year,Bank transfer (automatic),0
21,59.85,1256.85,Month-to-month,Bank transfer (automatic),1
2,27.46,54.92,Month-to-month,Credit card (automatic),0
19,97.09,1844.71,One year,Electronic check,0
61,66.1,4032.1,Two year,Mailed check,0
23,116.52,2679.96,Month-to-month,Electronic check,1
57,41.64,2373.48,Two year,Electronic check,0
21,51.13,1073.73,One year,Electronic check,0
18,37.76,679.68,Month-to-month,Credit card (automatic),1
18,87.66,1577.88,One year,Bank transfer (automatic),0
6,60.01,360.06,Month-to-month,Electronic check,1
24,114.61,2750.64,Month-to-month,Credit card (automatic),1
59,45.75,2699.25,Two year,Bank transfer (automatic),0
26,19.59,509.34,Two year,Credit card (automatic),0
45,90.68,4080.6,Two year,Credit card (automatic),0
35,78.58,2750.3,Two year,Electronic check,0
13,76.76,997.88,Month-to-month,Bank transfer (automatic),1
72,89.06,6412.32,Two year,Credit card (automatic),0
18,31.3,563.4,One year,Mailed check,0
3,60.32,180.96,Month-to-month,Credit card (automatic),0
69,106.16,7325.04,Two year,Credit card (automatic),0
14,77.16,1080.24,Month-to-month,Electronic check,1
14,41.89,586.46,One year,Electronic check,0
59,41.25,2433.75,Two year,Bank transfer (automatic),0
19,67.61,1284.59,Month-to-month,Bank transfer (automatic),1
27,27.23,735.21,Two year,Credit card (automatic),1
14,87.67,1227.38,One year,Credit card (automatic),0
18,115.11,2071.98,One year,Electronic check,0
24,114.54,2748.96,Month-to-month,Credit card (automatic),1
16,35.72,571.52,One year,Electronic check,0
15,49.96,749.4,One year,Credit card (automatic),0
17,38.6,656.2,Month-to-month,Credit card (automatic),1
15,90.72,1360.8,Month-to-month,Mailed check,0
20,30.72,614.4,One year,Bank transfer (automatic),1
44,56.59,2489.96,Two year,Mailed check,0
29,52.85,1532.65,Two year,Mailed check,0
28,103.25,2891.0,Two year,Bank transfer (automatic),0
67,108.79,7288.93,Two year,Credit card (automatic),0
0,67.74,0.0,Month-to-month,Credit card (automatic),1
2,48.67,97.34,Month-to-month,Mailed check,1
2,116.72,233.44,Month-to-month,Bank transfer (automatic),0
72,76.81,5530.32,Two year,Electronic check,0
9,107.06,963.54,Month-to-month,Bank transfer (automatic),1
66,70.65,4662.9,Two year,Credit card (automatic),0
23,36.84,847.32,One year,Electronic check,0
16,75.08,1201.28,One year,Mailed check,0
12,65.81,789.72,One year,Mailed check,0
7,35.6,249.2,Month-to-month,Electronic check,0
23,96.63,2222.49,Month-to-month,Bank transfer (automatic),0
14,59.43,832.02,One year,Electronic check,0
22,59.4,1306.8,One year,Bank transfer (automatic),0
23,104.05,2393.15,Month-to-month,Mailed check,1
11,64.86,713.46,Month-to-month,Bank transfer (automatic),1
16,31.63,506.08,Month-to-month,Credit card (automatic),1
15,87.65,1314.75,One year,Credit card (automatic),0
18,103.96,1871.28,Month-to-month,Bank transfer (automatic),1
16,97.22,1555.52,Month-to-month,Electronic check,1
22,89.91,1978.02,Month-to-month,Bank transfer (automatic),1
34,21.73,738.82,Two year,Bank transfer (automatic),0
60,116.32,6979.2,Two year,Bank transfer (automatic),0
19,33.76,641.44,Month-to-month,Mailed check,0
17,62.91,1069.47,Month-to-month,Bank transfer (automatic),1
17,24.05,408.85,One year,Bank transfer (automatic),0
10,58.29,582.9,Month-to-month,Credit card (automatic),1
21,46.17,969.57,Month-to-month,Mailed check,0
14,119.79,1677.06,Month-to-month,Mailed check,1
1,37.77,37.77,Month-to-month,Mailed check,1
5,62.62,313.1,Month-to-month,Electronic check,1
12,40.1,481.2,One year,Credit card (automatic),0
8,53.22,425.76,Month-to-month,Credit card (automatic),0
7,19.03,133.21,Month-to-month,Mailed check,0
19,94.86,1802.34,One year,Credit card (automatic),0
18,41.16,740.88,One year,Electronic check,1
4,45.72,182.88,Month-to-month,Electronic check,1
10,90.23,902.3,Month-to-month,Electronic check,1
12,24.31,291.72,One year,Bank transfer (automatic),0
49,91.78,4497.22,Two year,Credit card (automatic),0
14,68.24,955.36,One year,Electronic check,1
58,114.26,6627.08,Two year,Electronic check,0
16,41.55,664.8,Month-to-month,Credit card (automatic),1
15,68.72,1030.8,One year,Credit card (automatic),1
3,21.61,64.83,Month-to-month,Bank transfer (automatic),0
23,89.29,2053.67,One year,Credit card (automatic),0
9,32.54,292.86,Month-to-month,Bank transfer (automatic),1
71,63.47,4506.37,Two year,Electronic check,0
6,87.65,525.9,Month-to-month,Credit card (automatic),1
6,72.4,434.4,Month-to-month,Credit card (automatic),1
14,54.72,766.08,One year,Credit card (automatic),0
8,65.4,523.2,Month-to-month,Credit card (automatic),1
22,81.88,1801.36,One year,Credit card (automatic),0
18,76.28,1373.04,One year,Electronic check,1
20,57.39,1147.8,Month-to-month,Credit card (automatic),1
23,102.86,2365.78,One year,Electronic check,1
17,98.74,1678.58,Month-to-month,Bank transfer (automatic),1
12,50.97,611.64,One year,Mailed check,0
22,116.91,2572.02,One year,Mailed check,0
19,38.83,737.77,Month-to-month,Mailed check,0
6,82.84,497.04,Month-to-month,Credit card (automatic),1
19,65.81,1250.39,Month-to-month,Mailed check,0
22,39.55,870.1,One year,Credit card (automatic),0
19,70.0,1330.0,Month-to-month,Electronic check,1
46,99.38,4571.48,Two year,Mailed check,0
14,51.83,725.62,One year,Bank transfer (automatic),0
20,71.45,1429.0,Month-to-month,Credit card (automatic),0
19,40.76,774.44,One year,Mailed check,1
9,102.54,922.86,Month-to-month,Electronic check,1
17,77.52,1317.84,Month-to-month,Electronic check,1
7,71.83,502.81,Month-to-month,Bank transfer (automatic),1
5,33.58,167.9,Month-to-month,Mailed check,1
22,63.06,1387.32,One year,Mailed check,1
21,79.58,1671.18,One year,Mailed check,0
36,74.75,2691.0,Two year,Electronic check,0
17,62.42,1061.14,One year,Electronic check,0
1,70.38,70.38,Month-to-month,Electronic check,1
2,19.6,39.2,Month-to-month,Bank transfer (automatic),1
37,56.78,2100.86,Two year,Mailed check,0
17,93.05,1581.85,One year,Credit card (automatic),0
5,35.34,176.7,Month-to-month,Bank transfer (automatic),0
8,75.56,604.48,Month-to-month,Mailed check,1
0,99.29,0.0,Month-to-month,Bank transfer (automatic),1
17,70.98,1206.66,Month-to-month,Electronic check,1
52,39.2,2038.4,Two year,Electronic check,0
24,63.62,1526.88,Month-to-month,Electronic check,0
36,85.78,3088.08,Two year,Bank transfer (automatic),0
16,27.32,437.12,One year,Bank transfer (automatic),0
63,86.43,5445.09,Two year,Credit card (automatic),0
9,111.36,1002.24,Month-to-month,Credit card (automatic),0
20,28.96,579.2,One year,Mailed check,1
23,45.73,1051.79,One year,Credit card (automatic),0
19,98.86,1878.34,One year,Electronic check,0
59,107.98,6370.82,Two year,Mailed check,0
17,31.34,532.78,One year,Credit card (automatic),0
13,53.17,691.21,Month-to-month,Electronic check,0
24,109.18,2620.32,One year,Mailed check,0
24,73.05,1753.2,Month-to-month,Bank transfer (automatic),1
8,54.19,433.52,Month-to-month,Electronic check,1
6,69.34,416.04,Month-to-month,Electronic check,1
15,22.6,339.0,One year,Electronic check,0
18,46.6,838.8,One year,Credit card (automatic),0
38,48.41,1839.58,Two year,Electronic check,0
19,51.66,981.54,Month-to-month,Mailed check,0
11,57.67,634.37,Month-to-month,Electronic check,0
16,73.68,1178.88,Month-to-month,Electronic check,1
42,56.94,2391.48,Two year,Mailed check,1
6,66.65,399.9,Month-to-month,Credit card (automatic),1
18,30.5,549.0,Month-to-month,Mailed check,0
5,29.81,149.05,Month-to-month,Electronic check,1
60,101.25,6075.0,Two year,Electronic check,0
13,90.44,1175.72,Month-to-month,Mailed check,1
22,22.53,495.66,One year,Bank transfer (automatic),0
19,40.6,771.4,Month-to-month,Electronic check,1
22,90.94,2000.68,Month-to-month,Mailed check,1
10,50.2,502.0,Month-to-month,Electronic check,1
45,98.11,4414.95,Two year,Electronic check,0
12,25.0,300.0,One year,Electronic check,0
30,116.24,3487.2,Two year,Credit card (automatic),1
23,111.26,2558.98,Month-to-month,Electronic check,1
24,77.0,1848.0,One year,Bank transfer (automatic),1
11,21.69,238.59,Month-to-month,Credit card (automatic),1
23,100.68,2315.64,Month-to-month,Electronic check,1
52,26.31,1368.12,Two year,Mailed check,0
12,72.7,872.4,One year,Electronic check,0
15,90.13,1351.95,One year,Electronic check,0
69,115.33,7957.77,Two year,Credit card (automatic),0
68,28.34,1927.12,Two year,Electronic check,0
6,100.9,605.4,Month-to-month,Bank transfer (automatic),1
5,116.1,580.5,Month-to-month,Bank transfer (automatic),1
40,22.22,888.8,Two year,Credit card (automatic),0
67,25.45,1705.15,Two year,Electronic check,0
11,57.31,630.41,Month-to-month,Mailed check,0
12,28.83,345.96,Month-to-month,Electronic check,1
50,98.48,4924.0,Two year,Credit card (automatic),0
12,119.46,1433.52,One year,Bank transfer (automatic),0
51,50.44,2572.44,Two year,Credit card (automatic),0
13,22.9,297.7,Month-to-month,Electronic check,1
21,92.45,1941.45,Month-to-month,Credit card (automatic),0
22,80.69,1775.18,One year,Bank transfer (automatic),0
10,54.43,544.3,Month-to-month,Electronic check,0
23,111.36,2561.28,Month-to-month,Mailed check,1
24,47.02,1128.48,One year,Electronic check,0
23,69.5,1598.5,One year,Bank transfer (automatic),0
25,107.91,2697.75,Two year,Electronic check,0
18,105.74,1903.32,One year,Bank transfer (automatic),1
5,27.08,135.4,Month-to-month,Electronic check,1
13,18.6,241.8,Month-to-month,Electronic check,1
23,108.78,2501.94,One year,Bank transfer (automatic),0
13,103.66,1347.58,Month-to-month,Bank transfer (automatic),0
19,110.52,2099.88,One year,Bank transfer (automatic),1
39,45.86,1788.54,Two year,Bank transfer (automatic),0
11,21.04,231.44,Month-to-month,Bank transfer (automatic),1
23,51.91,1193.93,One year,Credit card (automatic),0
4,88.62,354.48,Month-to-month,Mailed check,1
17,40.48,688.16,Month-to-month,Mailed check,1
18,84.69,1524.42,Month-to-month,Credit card (automatic),1
2,49.12,98.24,Month-to-month,Credit card (automatic),0
17,64.34,1093.78,One year,Electronic check,0
14,50.25,703.5,One year,Credit card (automatic),1
19,59.44,1129.36,One year,Mailed check,0
11,37.92,417.12,Month-to-month,Bank transfer (automatic),1
55,32.18,1769.9,Two year,Credit card (automatic),0
9,86.57,779.13,Month-to-month,Mailed check,1
0,31.74,0.0,Month-to-month,Bank transfer (automatic),0
24,63.49,1523.76,One year,Electronic check,1
4,96.41,385.64,Month-to-month,Mailed check,1
9,78.87,709.83,Month-to-month,Bank transfer (automatic),1
59,78.64,4639.76,Two year,Mailed check,0
22,22.69,499.18,One year,Mailed check,0
23,68.09,1566.07,Month-to-month,Credit card (automatic),0
11,101.83,1120.13,Month-to-month,Electronic check,1
4,50.87,203.48,Month-to-month,Electronic check,1
45,102.44,4609.8,Two year,Electronic check,0
23,103.37,2377.51,Month-to-month,Mailed check,0
2,64.17,128.34,Month-to-month,Mailed check,1
33,18.84,621.72,Two year,Electronic check,0
15,96.29,1444.35,One year,Electronic check,1
13,19.7,256.1,Month-to-month,Electronic check,1
66,33.24,2193.84,Two year,Electronic check,1
12,79.66,955.92,One year,Bank transfer (automatic),0
40,108.69,4347.6,Two year,Bank transfer (automatic),0
22,83.35,1833.7,Month-to-month,Credit card (automatic),1
58,112.48,6523.84,Two year,Credit card (automatic),0
6,87.45,524.7,Month-to-month,Bank transfer (automatic),1
72,73.49,5291.28,Two year,Mailed check,0
3,112.65,337.95,Month-to-month,Bank transfer (automatic),1
6,68.19,409.14,Month-to-month,Electronic check,0
57,26.24,1495.68,Two year,Credit card (automatic),0
21,75.82,1592.22,Month-to-month,Electronic check,1
11,119.32,1312.52,Month-to-month,Credit card (automatic),1
24,40.14,963.36,One year,Credit card (automatic),0
9,97.18,874.62,Month-to-month,Mailed check,0
68,48.65,3308.2,Two year,Mailed check,0
24,119.2,2860.8,Month-to-month,Electronic check,1
23,36.94,849.62,Month-to-month,Electronic check,1
14,116.94,1637.16,Month-to-month,Electronic check,1
17,22.7,385.9,One year,Bank transfer (automatic),0
23,71.78,1650.94,Month-to-month,Electronic check,1
8,63.02,504.16,Month-to-month,Electronic check,1
1,72.29,72.29,Month-to-month,Mailed check,1
69,89.02,6142.38,Two year,Electronic check,0
1,81.83,81.83,Month-to-month,Bank transfer (automatic),1
6,91.11,546.66,Month-to-month,Credit card (automatic),1
11,97.27,1069.97,Month-to-month,Electronic check,1
20,21.52,430.4,Month-to-month,Electronic check,0
16,98.62,1577.92,One year,Credit card (automatic),1
0,100.14,0.0,Month-to-month,Credit card (automatic),1
61,98.42,6003.62,Two year,Mailed check,0
53,49.81,2639.93,Two year,Mailed check,0
19,104.72,1989.68,Month-to-month,Bank transfer (automatic),1
7,41.16,288.12,Month-to-month,Credit card (automatic),1
14,34.79,487.06,Month-to-month,Bank transfer (automatic),1
12,94.5,1134.0,One year,Electronic check,0
42,48.76,2047.92,Two year,Electronic check,0
22,54.31,1194.82,Month-to-month,Bank transfer (automatic),0
16,71.4,1142.4,Month-to-month,Electronic check,1
27,114.7,3096.9,Two year,Mailed check,0
47,76.41,3591.27,Two year,Electronic check,1
18,117.72,2118.96,One year,Electronic check,1
18,106.48,1916.64,Month-to-month,Credit card (automatic),0
5,36.99,184.95,Month-to-month,Electronic check,0
14,19.41,271.74,Month-to-month,Bank transfer (automatic),1
23,114.06,2623.38,One year,Credit card (automatic),0
49,74.67,3658.83,Two year,Electronic check,0
8,18.65,149.2,Month-to-month,Credit card (automatic),1
24,54.03,1296.72,Month-to-month,Mailed check,1
23,32.2,740.6,One year,Mailed check,0
5,98.32,491.6,Month-to-month,Electronic check,1
6,105.59,633.54,Month-to-month,Bank transfer (automatic),1
54,74.67,4032.18,Two year,Mailed check,0
22,98.63,2169.86,Month-to-month,Mailed check,1
9,91.64,824.76,Month-to-month,Electronic check,1
21,34.94,733.74,One year,Credit card (automatic),0
49,21.31,1044.19,Two year,Mailed check,0
5,38.64,193.2,Month-to-month,Electronic check,1
16,100.76,1612.16,Month-to-month,Credit card (automatic),1
31,116.59,3614.29,Two year,Bank transfer (automatic),0
46,28.0,1288.0,Two year,Credit card (automatic),0
12,94.43,1133.16,Month-to-month,Electronic check,1
23,19.94,458.62,One year,Mailed check,0
18,43.75,787.5,One year,Electronic check,0
23,52.48,1207.04,Month-to-month,Bank transfer (automatic),1
17,100.26,1704.42,Month-to-month,Credit card (automatic),0
13,81.51,1059.63,One year,Electronic check,1
15,95.83,1437.45,One year,Credit card (automatic),0
60,68.65,4119.0,Two year,Mailed check,0
15,67.79,1016.85,Month-to-month,Mailed check,1
2,39.28,78.56,Month-to-month,Bank transfer (automatic),0
19,25.44,483.36,Month-to-month,Electronic check,1
12,115.91,1390.92,One year,Credit card (automatic),0
55,105.21,5786.55,Two year,Electronic check,1
24,67.98,1631.52,One year,Electronic check,1
3,25.65,76.95,Month-to-month,Electronic check,1
0,49.4,0.0,Month-to-month,Electronic check,1
15,81.08,1216.2,Month-to-month,Credit card (automatic),0
0,26.88,0.0,Month-to-month,Bank transfer (automatic),0
12,97.29,1167.48,Month-to-month,Mailed check,0
19,19.89,377.91,Month-to-month,Mailed check,0
60,115.48,6928.8,Two year,Bank transfer (automatic),0
66,112.06,7395.96,Two year,Electronic check,0
19,85.96,1633.24,One year,Bank transfer (automatic),0
21,58.23,1222.83,Month-to-month,Electronic check,1
5,62.1,310.5,Month-to-month,Electronic check,1
12,75.9,910.8,Month-to-month,Mailed check,1
11,81.29,894.19,Month-to-month,Electronic check,1
17,54.92,933.64,One year,Bank transfer (automatic),0
19,65.62,1246.78,One year,Electronic check,1
21,27.78,583.38,One year,Electronic check,0
24,36.65,879.6,One year,Electronic check,0
18,61.25,1102.5,Month-to-month,Credit card (automatic),1
20,88.04,1760.8,Month-to-month,Bank transfer (automatic),1
16,52.99,847.84,Month-to-month,Credit card (automatic),0
12,118.6,1423.2,Month-to-month,Electronic check,1
61,47.92,2923.12,Two year,Credit card (automatic),0
18,45.93,826.74,One year,Electronic check,0
4,67.98,271.92,Month-to-month,Mailed check,0
24,107.2,2572.8,One year,Credit card (automatic),0
71,52.15,3702.65,Two year,Credit card (automatic),0
16,101.57,1625.12,One year,Mailed check,0
46,54.07,2487.22,Two year,Bank transfer (automatic),0
19,110.53,2100.07,One year,Electronic check,0
14,43.83,613.62,One year,Bank transfer (automatic),0
19,84.04,1596.76,Month-to-month,Mailed check,1
16,80.34,1285.44,Month-to-month,Credit card (automatic),1
10,107.51,1075.1,Month-to-month,Bank transfer (automatic),1
59,106.42,6278.78,Two year,Electronic check,1
47,41.42,1946.74,Two year,Mailed check,0
18,77.2,1389.6,One year,Mailed check,1
21,56.74,1191.54,One year,Electronic check,0
8,100.77,806.16,Month-to-month,Bank transfer (automatic),1
8,26.91,215.28,Month-to-month,Electronic check,1
69,44.27,3054.63,Two year,Electronic check,1
4,59.58,238.32,Month-to-month,Credit card (automatic),1
61,62.05,3785.05,Two year,Mailed check,0
8,84.07,672.56,Month-to-month,Mailed check,1
49,106.1,5198.9,Two year,Credit card (automatic),0
4,110.15,440.6,Month-to-month,Credit card (automatic),1
16,29.37,469.92,One year,Bank transfer (automatic),0
24,76.71,1841.04,One year,Bank transfer (automatic),0
0,36.26,0.0,Month-to-month,Credit card (automatic),1
3,87.57,262.71,Month-to-month,Credit card (automatic),1
16,44.76,716.16,Month-to-month,Electronic check,0
6,70.87,425.22,Month-to-month,Bank transfer (automatic),0
29,44.89,1301.81,Two year,Electronic check,1
11,45.5,500.5,Month-to-month,Credit card (automatic),0
10,20.34,203.4,Month-to-month,Electronic check,0
20,88.0,1760.0,Month-to-month,Bank transfer (automatic),1
23,59.16,1360.68,Month-to-month,Mailed check,1
1,67.05,67.05,Month-to-month,Bank transfer (automatic),0
31,114.03,3534.93,Two year,Mailed check,0
3,105.99,317.97,Month-to-month,Bank transfer (automatic),1
8,55.12,440.96,Month-to-month,Mailed check,1
21,28.45,597.45,Month-to-month,Electronic check,0
15,59.95,899.25,Month-to-month,Credit card (automatic),1
16,97.41,1558.56,Month-to-month,Credit card (automatic),1
22,99.87,2197.14,One year,Bank transfer (automatic),0
12,101.5,1218.0,One year,Electronic check,1
16,38.91,622.56,Month-to-month,Credit card (automatic),0
23,45.43,1044.89,One year,Mailed check,0
57,103.83,5918.31,Two year,Electronic check,0
10,85.31,853.1,Month-to-month,Credit card (automatic),0
8,81.26,650.08,Month-to-month,Electronic check,1
6,30.0,180.0,Month-to-month,Bank transfer (automatic),1
66,98.16,6478.56,Two year,Mailed check,0
2,61.66,123.32,Month-to-month,Bank transfer (automatic),0
8,114.71,917.68,Month-to-month,Bank transfer (automatic),0
66,76.4,5042.4,Two year,Bank transfer (automatic),0
15,119.58,1793.7,One year,Electronic check,0
11,62.44,686.84,Month-to-month,Bank transfer (automatic),0
63,81.75,5150.25,Two year,Electronic check,1
22,21.85,480.7,One year,Electronic check,1
49,56.87,2786.63,Two year,Bank transfer (automatic),0
34,110.85,3768.9,Two year,Credit card (automatic),0
24,117.8,2827.2,Two year,Mailed check,1
24,54.03,1296.72,One year,Bank transfer (automatic),0
67,65.22,4369.74,Two year,Credit card (automatic),0
20,80.14,1602.8,Month-to-month,Electronic check,1
12,20.24,242.88,One year,Credit card (automatic),1
4,89.38,357.52,Month-to-month,Credit card (automatic),0
20,30.88,617.6,One year,Mailed check,0
22,21.32,469.04,Month-to-month,Credit card (automatic),1
46,48.33,2223.18,Two year,Credit card (automatic),0
11,63.23,695.53,Month-to-month,Credit card (automatic),0
21,100.76,2115.96,One year,Credit card (automatic),0
10,83.08,830.8,Month-to-month,Credit card (automatic),1
2,72.65,145.3,Month-to-month,Electronic check,1
56,106.77,5979.12,Two year,Electronic check,0
11,106.54,1171.94,Month-to-month,Electronic check,1
11,83.95,923.45,Month-to-month,Credit card (automatic),0
22,91.83,2020.26,One year,Credit card (automatic),0
1,113.56,113.56,Month-to-month,Electronic check,1
19,51.49,978.31,Month-to-month,Bank transfer (automatic),1
13,86.87,1129.31,One year,Mailed check,1
56,74.55,4174.8,Two year,Bank transfer (automatic),0
10,93.18,931.8,Month-to-month,Bank transfer (automatic),1
13,90.61,1177.93,Month-to-month,Electronic check,1
50,78.76,3938.0,Two year,Electronic check,0
24,96.91,2325.84,One year,Bank transfer (automatic),1
28,105.6,2956.8,Two year,Mailed check,0
19,62.74,1192.06,One year,Bank transfer (automatic),0
20,68.66,1373.2,Month-to-month,Credit card (automatic),1
11,46.95,516.45,Month-to-month,Credit card (automatic),0
4,104.86,419.44,Month-to-month,Mailed check,1
62,65.93,4087.66,Two year,Electronic check,1
10,109.06,1090.6,Month-to-month,Bank transfer (automatic),1
18,88.17,1587.06,Month-to-month,Credit card (automatic),1
30,62.51,1875.3,Two year,Credit card (automatic),0
18,85.22,1533.96,One year,Electronic check,1
7,53.04,371.28,Month-to-month,Mailed check,1
14,44.88,628.32,Month-to-month,Mailed check,0
4,110.95,443.8,Month-to-month,Electronic check,0
12,54.77,657.24,Month-to-month,Bank transfer (automatic),0
31,88.73,2750.63,Two year,Credit card (automatic),0
20,101.55,2031.0,Month-to-month,Credit card (automatic),1
17,42.55,723.35,Month-to-month,Mailed check,1
11,112.21,1234.31,Month-to-month,Credit card (automatic),0
59,115.54,6816.86,Two year,Mailed check,0
21,67.33,1413.93,Month-to-month,Credit card (automatic),0
12,75.17,902.04,One year,Mailed check,0
23,77.21,1775.83,Month-to-month,Electronic check,1
9,38.49,346.41,Month-to-month,Bank transfer (automatic),1
15,75.03,1125.45,Month-to-month,Electronic check,1
14,77.47,1084.58,Month-to-month,Bank transfer (automatic),1
24,113.69,2728.56,One year,Credit card (automatic),0
21,60.86,1278.06,Month-to-month,Electronic check,1
56,73.72,4128.32,Two year,Credit card (automatic),0
11,55.92,615.12,Month-to-month,Electronic check,1
3,55.68,167.04,Month-to-month,Electronic check,1
1,21.36,21.36,Month-to-month,Mailed check,0
23,40.15,923.45,One year,Bank transfer (automatic),0
5,110.78,553.9,Month-to-month,Bank transfer (automatic),1
64,63.65,4073.6,Two year,Mailed check,0
20,72.29,1445.8,One year,Credit card (automatic),1
14,71.01,994.14,Month-to-month,Credit card (automatic),0
12,43.34,520.08,Month-to-month,Mailed check,0
71,18.81,1335.51,Two year,Credit card (automatic),0
9,37.01,333.09,Month-to-month,Electronic check,1
4,92.25,369.0,Month-to-month,Mailed check,1
14,84.12,1177.68,Month-to-month,Electronic check,1
19,79.13,1503.47,One year,Electronic check,1
20,51.38,1027.6,Month-to-month,Bank transfer (automatic),1
16,45.81,732.96,One year,Mailed check,0
21,27.01,567.21,Month-to-month,Mailed check,0
6,118.24,709.44,Month-to-month,Credit card (automatic),1
24,51.36,1232.64,One year,Electronic check,0
6,80.74,484.44,Month-to-month,Bank transfer (automatic),1
18,95.42,1717.56,Month-to-month,Mailed check,0
41,96.1,3940.1,Two year,Credit card (automatic),0
16,24.52,392.32,Month-to-month,Bank transfer (automatic),0
14,76.81,1075.34,One year,Mailed check,0
20,117.43,2348.6,Month-to-month,Bank transfer (automatic),1
4,36.95,147.8,Month-to-month,Bank transfer (automatic),1
22,74.92,1648.24,Month-to-month,Electronic check,1
28,38.78,1085.84,Two year,Bank transfer (automatic),0
57,116.29,6628.53,Two year,Bank transfer (automatic),0
10,51.44,514.4,Month-to-month,Credit card (automatic),1
67,97.11,6506.37,Two year,Credit card (automatic),0
24,118.05,2833.2,One year,Bank transfer (automatic),0
21,18.22,382.62,Month-to-month,Mailed check,0
4,111.49,445.96,Month-to-month,Credit card (automatic),1
20,44.06,881.2,Month-to-month,Mailed check,1
7,34.89,244.23,Month-to-month,Mailed check,1
13,54.22,704.86,Month-to-month,Electronic check,0
27,47.77,1289.79,Two year,Electronic check,1
16,64.5,1032.0,One year,Mailed check,1
10,26.45,264.5,Month-to-month,Electronic check,1
22,114.29,2514.38,One year,Mailed check,1
3,42.01,126.03,Month-to-month,Mailed check,1
58,26.93,1561.94,Two year,Electronic check,0
5,90.38,451.9,Month-to-month,Electronic check,1
50,90.44,4522.0,Two year,Credit card (automatic),0
68,91.1,6194.8,Two year,Bank transfer (automatic),0
3,18.16,54.48,Month-to-month,Electronic check,1
63,117.0,7371.0,Two year,Credit card (automatic),0
4,30.94,123.76,Month-to-month,Electronic check,1
20,97.41,1948.2,Month-to-month,Mailed check,0
17,81.05,1377.85,One year,Bank transfer (automatic),1
69,36.38,2510.22,Two year,Mailed check,0
9,39.99,359.91,Month-to-month,Credit card (automatic),0
9,114.1,1026.9,Month-to-month,Electronic check,1
23,91.39,2101.97,Month-to-month,Bank transfer (automatic),1
19,94.62,1797.78,Month-to-month,Electronic check,0
59,77.94,4598.46,Two year,Electronic check,0
53,29.24,1549.72,Two year,Electronic check,0
1,46.91,46.91,Month-to-month,Credit card (automatic),1
2,36.32,72.64,Month-to-month,Electronic check,1
5,40.61,203.05,Month-to-month,Credit card (automatic),1
45,70.04,3151.8,Two year,Credit card (automatic),0
10,52.51,525.1,Month-to-month,Mailed check,1
67,42.68,2859.56,Two year,Credit card (automatic),0
14,91.85,1285.9,Month-to-month,Electronic check,1
23,104.24,2397.52,Month-to-month,Credit card (automatic),0
26,61.48,1598.48,Two year,Mailed check,1
2,117.09,234.18,Month-to-month,Electronic check,1
14,106.69,1493.66,Month-to-month,Credit card (automatic),1
47,99.54,4678.38,Two year,Credit card (automatic),0
38,19.7,748.6,Two year,Bank transfer (automatic),0
18,89.49,1610.82,Month-to-month,Electronic check,0
54,101.41,5476.14,Two year,Mailed check,0
13,90.04,1170.52,One year,Electronic check,1
21,45.04,945.84,Month-to-month,Electronic check,0
22,51.75,1138.5,One year,Bank transfer (automatic),1
9,25.02,225.18,Month-to-month,Bank transfer (automatic),0
43,73.53,3161.79,Two year,Electronic check,1
7,37.42,261.94,Month-to-month,Electronic check,1
13,38.71,503.23,Month-to-month,Electronic check,1
11,89.39,983.29,Month-to-month,Bank transfer (automatic),1
21,101.6,2133.6,One year,Electronic check,0
8,41.8,334.4,Month-to-month,Bank transfer (automatic),0
3,98.2,294.6,Month-to-month,Bank transfer (automatic),1
27,29.35,792.45,Two year,Electronic check,1
14,74.28,1039.92,One year,Credit card (automatic),0
64,101.62,6503.68,Two year,Credit card (automatic),0
17,56.16,954.72,Month-to-month,Bank transfer (automatic),0
11,21.75,239.25,Month-to-month,Bank transfer (automatic),0
22,96.97,2133.34,Month-to-month,Bank transfer (automatic),1
12,87.93,1055.16,One year,Electronic check,0
48,79.87,3833.76,Two year,Bank transfer (automatic),0
15,78.06,1170.9,Month-to-month,Bank transfer (automatic),0
0,70.95,0.0,Month-to-month,Bank transfer (automatic),0
12,53.74,644.88,Month-to-month,Electronic check,1
17,102.46,1741.82,One year,Credit card (automatic),0
11,65.64,722.04,Month-to-month,Electronic check,1
47,18.68,877.96,Two year,Credit card (automatic),0
17,107.84,1833.28,Month-to-month,Electronic check,1
5,63.92,319.6,Month-to-month,Credit card (automatic),0
72,31.12,2240.64,Two year,Mailed check,0
23,101.55,2335.65,One year,Mailed check,1
12,93.43,1121.16,One year,Mailed check,1
15,62.47,937.05,One year,Credit card (automatic),1
21,18.36,385.56,One year,Bank transfer (automatic),0
15,119.46,1791.9,One year,Electronic check,1
0,53.16,0.0,Month-to-month,Electronic check,0
19,65.42,1242.98,One year,Bank transfer (automatic),0
8,86.44,691.52,Month-to-month,Electronic check,1
13,28.73,373.49,One year,Mailed check,1
21,110.69,2324.49,One year,Bank transfer (automatic),1
6,82.85,497.1,Month-to-month,Mailed check,0
18,87.96,1583.28,Month-to-month,Bank transfer (automatic),0
46,106.26,4887.96,Two year,Electronic check,0
12,42.5,510.0,Month-to-month,Electronic check,0
66,64.88,4282.08,Two year,Credit card (automatic),0
5,53.87,269.35,Month-to-month,Bank transfer (automatic),1
23,45.1,1037.3,Month-to-month,Mailed check,0
6,55.04,330.24,Month-to-month,Bank transfer (automatic),1
23,68.66,1579.18,Month-to-month,Electronic check,1
52,79.94,4156.88,Two year,Electronic check,0
66,87.17,5753.22,Two year,Credit card (automatic),0
15,56.03,840.45,One year,Electronic check,0
14,53.77,752.78,One year,Bank transfer (automatic),0
27,89.1,2405.7,Two year,Bank transfer (automatic),0
4,56.92,227.68,Month-to-month,Bank transfer (automatic),1
21,76.67,1610.07,One year,Bank transfer (automatic),1
20,25.78,515.6,Month-to-month,Electronic check,0
10,83.42,834.2,Month-to-month,Electronic check,1
15,56.14,842.1,Month-to-month,Bank transfer (automatic),1
68,35.51,2414.68,Two year,Electronic check,1
19,43.87,833.53,One year,Bank transfer (automatic),0
12,78.27,939.24,Month-to-month,Bank transfer (automatic),0
3,64.11,192.33,Month-to-month,Bank transfer (automatic),1
18,40.54,729.72,Month-to-month,Electronic check,1
0,98.91,0.0,Month-to-month,Mailed check,1
14,56.1,785.4,Month-to-month,Bank transfer (automatic),0
19,88.66,1684.54,One year,Electronic check,1
2,64.79,129.58,Month-to-month,Credit card (automatic),1
37,48.78,1804.86,Two year,Bank transfer (automatic),0
22,25.8,567.6,Month-to-month,Mailed check,0
18,32.35,582.3,Month-to-month,Electronic check,0
16,21.53,344.48,Month-to-month,Bank transfer (automatic),0
11,63.97,703.67,Month-to-month,Bank transfer (automatic),1
8,38.1,304.8,Month-to-month,Credit card (automatic),0
14,117.6,1646.4,Month-to-month,Mailed check,1
12,76.41,916.92,Month-to-month,Electronic check,1
16,45.13,722.08,One year,Bank transfer (automatic),1
16,32.88,526.08,One year,Electronic check,0
21,37.68,791.28,One year,Mailed check,1
12,28.89,346.68,One year,Electronic check,0
20,80.73,1614.6,Month-to-month,Mailed check,1
37,115.86,4286.82,Two year,Bank transfer (automatic),0
47,63.73,2995.31,Two year,Bank transfer (automatic),0
16,108.55,1736.8,Month-to-month,Electronic check,1
1,105.22,105.22,Month-to-month,Bank transfer (automatic),1
2,106.81,213.62,Month-to-month,Electronic check,1
21,34.46,723.66,Month-to-month,Credit card (automatic),1
44,46.95,2065.8,Two year,Electronic check,0
3,102.71,308.13,Month-to-month,Electronic check,1
22,88.97,1957.34,Month-to-month,Mailed check,1
15,103.33,1549.95,Month-to-month,Electronic check,1
7,46.17,323.19,Month-to-month,Bank transfer (automatic),1
19,112.44,2136.36,Month-to-month,Credit card (automatic),0
23,85.52,1966.96,Month-to-month,Bank transfer (automatic),1
60,71.6,4296.0,Two year,Electronic check,0
24,54.46,1307.04,Month-to-month,Bank transfer (automatic),1
20,95.78,1915.6,Month-to-month,Electronic check,1
5,47.69,238.45,Month-to-month,Credit card (automatic),1
16,22.24,355.84,Month-to-month,Electronic check,1
2,71.94,143.88,Month-to-month,Bank transfer (automatic),0
6,86.76,520.56,Month-to-month,Electronic check,1
4,70.82,283.28,Month-to-month,Credit card (automatic),0
17,110.29,1874.93,One year,Credit card (automatic),0
52,83.97,4366.44,Two year,Bank transfer (automatic),0
5,75.71,378.55,Month-to-month,Mailed check,1
18,36.18,651.24,Month-to-month,Credit card (automatic),1
22,28.47,626.34,One year,Electronic check,1
16,69.39,1110.24,One year,Credit card (automatic),0
6,101.19,607.14,Month-to-month,Bank transfer (automatic),0
21,77.27,1622.67,One year,Mailed check,0
10,33.69,336.9,Month-to-month,Electronic check,0
25,29.02,725.5,Two year,Credit card (automatic),0
16,83.95,1343.2,Month-to-month,Electronic check,1
16,115.96,1855.36,Month-to-month,Credit card (automatic),1
2,88.49,176.98,Month-to-month,Electronic check,1
3,43.22,129.66,Month-to-month,Credit card (automatic),1
62,115.07,7134.34,Two year,Electronic check,0
20,76.82,1536.4,Month-to-month,Electronic check,0
33,91.37,3015.21,Two year,Electronic check,0
6,24.29,145.74,Month-to-month,Electronic check,1
12,102.54,1230.48,Month-to-month,Electronic check,1
9,36.67,330.03,Month-to-month,Credit card (automatic),1
14,33.05,462.7,One year,Electronic check,0
14,114.15,1598.1,One year,Electronic check,1
24,34.13,819.12,Month-to-month,Electronic check,0
24,107.88,2589.12,Month-to-month,Credit card (automatic),1
1,100.98,100.98,Month-to-month,Mailed check,1
19,111.71,2122.49,Month-to-month,Bank transfer (automatic),1
66,78.18,5159.88,Two year,Credit card (automatic),0
18,90.25,1624.5,One year,Credit card (automatic),0
22,107.4,2362.8,Month-to-month,Credit card (automatic),0
1,63.78,63.78,Month-to-month,Electronic check,1
27,20.09,542.43,Two year,Credit card (automatic),0
17,105.16,1787.72,One year,Credit card (automatic),1
21,90.9,1908.9,One year,Credit card (automatic),0
53,100.04,5302.12,Two year,Electronic check,1
9,108.31,974.79,Month-to-month,Mailed check,1
61,86.43,5272.23,Two year,Credit card (automatic),0
24,91.84,2204.16,Month-to-month,Credit card (automatic),0
17,89.33,1518.61,One year,Bank transfer (automatic),1
14,99.09,1387.26,One year,Credit card (automatic),0
6,116.97,701.82,Month-to-month,Mailed check,1
22,61.5,1353.0,One year,Mailed check,1
26,45.97,1195.22,Two year,Bank transfer (automatic),0
14,96.87,1356.18,Month-to-month,Credit card (automatic),1
18,42.0,756.0,Month-to-month,Bank transfer (automatic),0
21,37.08,778.68,One year,Bank transfer (automatic),1
22,65.69,1445.18,Month-to-month,Electronic check,1
20,18.34,366.8,Month-to-month,Mailed check,1
24,110.04,2640.96,Month-to-month,Bank transfer (automatic),1
24,111.12,2666.88,One year,Bank transfer (automatic),1
13,89.84,1167.92,Month-to-month,Mailed check,1
12,100.81,1209.72,One year,Electronic check,0
8,74.35,594.8,Month-to-month,Bank transfer (automatic),0
11,77.44,851.84,Month-to-month,Electronic check,1
6,90.21,541.26,Month-to-month,Credit card (automatic),0
13,77.35,1005.55,One year,Mailed check,1
23,89.81,2065.63,One year,Electronic check,0
9,52.95,476.55,Month-to-month,Mailed check,0
51,41.4,2111.4,Two year,Credit card (automatic),0
17,92.87,1578.79,One year,Electronic check,1
4,32.35,129.4,Month-to-month,Mailed check,1
16,98.26,1572.16,Month-to-month,Bank transfer (automatic),1
69,38.27,2640.63,Two year,Electronic check,0
20,29.43,588.6,One year,Electronic check,0
16,101.23,1619.68,Month-to-month,Credit card (automatic),0
16,86.82,1389.12,One year,Electronic check,0
32,115.33,3690.56,Two year,Electronic check,1
44,114.7,5046.8,Two year,Mailed check,0
15,25.17,377.55,One year,Mailed check,1
30,109.56,3286.8,Two year,Electronic check,0
7,23.49,164.43,Month-to-month,Electronic check,1
21,108.64,2281.44,One year,Credit card (automatic),0
17,27.74,471.58,Month-to-month,Electronic check,0
17,115.09,1956.53,Month-to-month,Mailed check,1
14,24.91,348.74,One year,Credit card (automatic),1
17,26.9,457.3,Month-to-month,Electronic check,1
2,61.31,122.62,Month-to-month,Credit card (automatic),1
20,37.54,750.8,Month-to-month,Bank transfer (automatic),0
15,105.91,1588.65,Month-to-month,Bank transfer (automatic),0
0,46.57,0.0,Month-to-month,Electronic check,1
23,38.9,894.7,One year,Electronic check,1
2,106.82,213.64,Month-to-month,Mailed check,1
2,19.22,38.44,Month-to-month,Mailed check,1
11,52.06,572.66,Month-to-month,Electronic check,1
23,66.18,1522.14,One year,Electronic check,0
21,41.67,875.07,Month-to-month,Bank transfer (automatic),0
22,65.35,1437.7,Month-to-month,Credit card (automatic),0
2,90.5,181.0,Month-to-month,Credit card (automatic),0
21,74.54,1565.34,One year,Bank transfer (automatic),0
55,61.2,3366.0,Two year,Credit card (automatic),0
37,69.01,2553.37,Two year,Credit card (automatic),0
19,72.78,1382.82,Month-to-month,Credit card (automatic),1
22,82.86,1822.92,One year,Bank transfer (automatic),1
1,46.04,46.04,Month-to-month,Mailed check,1
16,59.81,956.96,Month-to-month,Electronic check,1
53,102.49,5431.97,Two year,Bank transfer (automatic),0
21,21.12,443.52,Month-to-month,Bank transfer (automatic),0
16,92.25,1476.0,One year,Mailed check,1
17,107.39,1825.63,One year,Credit card (automatic),0
18,28.82,518.76,Month-to-month,Bank transfer (automatic),0
18,91.47,1646.46,One year,Electronic check,1
62,37.5,2325.0,Two year,Credit card (automatic),0
18,50.25,904.5,Month-to-month,Electronic check,1
13,109.43,1422.59,Month-to-month,Mailed check,1
64,25.62,1639.68,Two year,Bank transfer (automatic),0
5,23.63,118.15,Month-to-month,Bank transfer (automatic),0
23,52.33,1203.59,Month-to-month,Bank transfer (automatic),1
24,104.64,2511.36,Month-to-month,Electronic check,1
61,87.11,5313.71,Two year,Mailed check,0
20,72.88,1457.6,One year,Mailed check,0
69,109.54,7558.26,Two year,Electronic check,1
26,93.51,2431.26,Two year,Electronic check,0
8,20.21,161.68,Month-to-month,Bank transfer (automatic),0
2,118.69,237.38,Month-to-month,Bank transfer (automatic),1
14,55.44,776.16,Month-to-month,Electronic check,1
16,27.67,442.72,One year,Credit card (automatic),0
59,61.61,3634.99,Two year,Credit card (automatic),0
8,33.19,265.52,Month-to-month,Electronic check,1
19,24.05,456.95,One year,Electronic check,1
3,100.13,300.39,Month-to-month,Mailed check,0
0,41.55,0.0,Month-to-month,Mailed check,1
9,85.28,767.52,Month-to-month,Electronic check,1
14,49.41,691.74,One year,Mailed check,0
19,107.24,2037.56,Month-to-month,Mailed check,1
